source_module,source_table,source_column,source_field,source_label,uitype,source_db_type,custom,nonempty_all_rows,live_records,nonempty_live,target_entity,target_field,transform,verification,fate,mapping_status,count_status,max_len_live,espo_check
Potentials,vtiger_potential,potentialname,potentialname,Potential Name,2,varchar(120),нет,156,156,156,Opportunity,name,string,count+hash,перенос,реализовано (этап 03),проверено SQL 2026-09-29,58,ok: Opportunity.name varchar(255)
Potentials,vtiger_potential,potential_no,potential_no,Potential No,4,varchar(100),нет,156,156,156,Opportunity,vtigerNo,string (СДЕЛКА_N),count+hash,перенос,реализовано (этап 03),проверено SQL 2026-09-29,10,ok: Opportunity.vtigerNo varchar(100)
Potentials,vtiger_potential,related_to,related_to,Related To,10,int,нет,156,156,146,Opportunity,account,fk,fk,перенос,реализовано (этап 03),проверено SQL 2026-09-29,,ok: Opportunity.account link
Potentials,vtiger_potential,contact_id,contact_id,Contact Name,10,int,нет,156,156,47,Opportunity,contacts (primary),fk,fk,перенос,реализовано (этап 03),проверено SQL 2026-09-29,,ok: Opportunity.contacts linkMultiple
Potentials,vtiger_potential,amount,amount,Amount,71,"decimal(25,8)",нет,156,156,153,Opportunity,amount,currency decimal,count+sum,перенос,реализовано (этап 03),проверено SQL 2026-09-29,,"ok: Opportunity.amount currency decimal(25,8)"
Potentials,vtiger_potential,potentialtype,opportunity_type,Type,15,varchar(200),нет,59,156,59,Opportunity,cOpportunityType,"enum: словарь metadata/vtigerValueMap/Opportunity.json (D-19; утверждён владельцем 2026-09-30, Q-32)",count+distribution,перенос,реализовано (этап 03),проверено SQL 2026-09-29,19,ok: Opportunity.cOpportunityType enum
Potentials,vtiger_potential,closingdate,closingdate,Expected Close Date,23,date,нет,156,156,156,Opportunity,closeDate,date,count+hash,перенос,реализовано (этап 03),проверено SQL 2026-09-29,,ok: Opportunity.closeDate date
Potentials,vtiger_potential,leadsource,leadsource,Lead Source,15,varchar(200),нет,77,156,77,Opportunity,leadSource,"enum: словарь metadata/vtigerValueMap/Lead.json (D-19; утверждён владельцем 2026-09-30, Q-32) (optionsReference Lead.source)",count+distribution,перенос,реализовано (этап 03),проверено SQL 2026-09-29,19,ok: Opportunity.leadSource enum
Potentials,vtiger_potential,nextstep,nextstep,Next Step,1,varchar(100),нет,4,156,4,Opportunity,vtigerData.nextstep,string,count+hash,архив (только чтение),реализовано (этап 03),проверено SQL 2026-09-29,21,ok: Opportunity.vtigerData jsonObject
Potentials,vtiger_crmentity,smownerid,assigned_user_id,Assigned To,53,int,нет,6880,156,156,Opportunity,assignedUser / teams,owner-map: user→User; group→Team (assignedUser пуст),fk,перенос,реализовано (этап 03),проверено SQL 2026-09-29,,ok: Opportunity.assignedUser link; Opportunity.teams linkMultiple
Potentials,vtiger_potential,sales_stage,sales_stage,Sales Stage,15,varchar(200),нет,156,156,156,Opportunity,stage,"enum: словарь metadata/vtigerValueMap/Opportunity.json (D-19; утверждён владельцем 2026-09-30, Q-32); английские стадии Vtiger — ключи, «Переговоры» объединены с Negotiation or Review",count+distribution,перенос,реализовано (этап 03),проверено SQL 2026-09-29,23,ok: Opportunity.stage enum
Potentials,vtiger_potential,campaignid,campaignid,Campaign Source,58,int,нет,156,156,0,Opportunity,campaign,fk (в источнике пусто),fk,пусто — данных нет,предложено,проверено SQL 2026-09-29,,—
Potentials,vtiger_potential,probability,probability,Probability,9,"decimal(7,3)",нет,156,156,13,Opportunity,probability,"int %: дробных значений нет (13 непустых, проверено 2026-09-30)",count+sum,перенос,реализовано (этап 03),проверено SQL 2026-09-29,,ok: Opportunity.probability int
Potentials,vtiger_crmentity,modifiedtime,modifiedtime,Modified Time,70,datetime,нет,6880,156,156,Opportunity,modifiedAt,"datetime → UTC по эпохам D-30 (Europe/Moscow до 2022-11, Europe/Berlin до 2026-06-12, далее UTC)",count+hash,перенос,реализовано (этап 03),проверено SQL 2026-09-29,,ok: Opportunity.modifiedAt datetime
Potentials,vtiger_crmentity,createdtime,createdtime,Created Time,70,datetime,нет,6880,156,156,Opportunity,createdAt,"datetime → UTC по эпохам D-30 (Europe/Moscow до 2022-11, Europe/Berlin до 2026-06-12, далее UTC)",count+hash,перенос,реализовано (этап 03),проверено SQL 2026-09-29,,ok: Opportunity.createdAt datetime
Potentials,vtiger_crmentity,modifiedby,modifiedby,Last Modified By,52,int,нет,6880,156,156,Opportunity,modifiedBy,user-map по vtiger_users.id,fk,перенос,реализовано (этап 03),проверено SQL 2026-09-29,,ok: Opportunity.modifiedBy link
Potentials,vtiger_potential,forecast_amount,forecast_amount,Forecast Amount,71,"decimal(25,8)",нет,156,156,12,—,—,исключено: вычисляется workflow (amount×probability) — пересчитывается,count+sum,исключено: исключено: вычисляется workflow (amount×probability) — пересчитывается,предложено,проверено SQL 2026-09-29,,—
Potentials,vtiger_potential,isconvertedfromlead,isconvertedfromlead,Is Converted From Lead,56,varchar(3),нет,156,156,29,Opportunity,vtigerData.isconvertedfromlead,bool→JSON,count,архив (только чтение),реализовано (этап 03),проверено SQL 2026-09-29,1,ok: Opportunity.vtigerData jsonObject
Potentials,vtiger_potential,spcompany,spcompany,Self Company,16,varchar(200),нет,153,156,153,Opportunity,vtigerData.spcompany,одно юрлицо; в сделке не используется в расчётах,count+distribution,архив (только чтение),реализовано (этап 03),проверено SQL 2026-09-29,12,ok: Opportunity.vtigerData jsonObject
Potentials,vtiger_crmentity,smcreatorid,created_user_id,Created By,53,int,нет,6880,156,156,Opportunity,createdBy,user-map по vtiger_users.id,fk,перенос,реализовано (этап 03),проверено SQL 2026-09-29,,ok: Opportunity.createdBy link
Potentials,vtiger_crmentity,source,source,Source,1,varchar(100),нет,6308,156,156,—,—,исключено: технический канал создания записи Vtiger (CRM/WEBSERVICE),count,исключено: исключено: технический канал создания записи Vtiger (CRM/WEBSERVICE),предложено,проверено SQL 2026-09-29,10,—
Potentials,vtiger_crmentity_user_field,starred,starred,starred,56,varchar(100),нет,5155,156,0,—,—,исключено: персональная «звёздочка» пользователя (истинных значений — единицы),count,исключено: исключено: персональная «звёздочка» пользователя (истинных значений — единицы),предложено,проверено SQL 2026-09-29,1,—
Potentials,vtiger_potential,tags,tags,tags,1,varchar(1),нет,0,156,0,—,—,пусто в источнике (теги — vtiger_freetagged_objects),count,исключено: пусто в источнике (теги — vtiger_freetagged_objects),предложено,проверено SQL 2026-09-29,0,—
Potentials,vtiger_crmentity,description,description,Description,19,mediumtext,нет,1365,156,58,Opportunity,description,text as-is,count+hash,перенос,реализовано (этап 03),проверено SQL 2026-09-29,3988,ok: Opportunity.description text
Contacts,vtiger_campaignrelstatus,campaignrelstatus,campaignrelstatus,Status,16,varchar(256),нет,3,0,0,—,—,нет данных,count,пусто — данных нет,предложено,проверено SQL 2026-09-29,,—
Contacts,vtiger_contactdetails,salutation,salutationtype,Salutation,55,varchar(200),нет,3,341,3,Contact,salutationName,"enum: только стандартные Mr./Ms./Mrs./Dr./Prof.; прочий текст (2 контакта — сдвиг старого импорта, проверено 2026-09-30) → vtigerData.salutationtype",count+distribution,перенос,реализовано (этап 03),проверено SQL 2026-09-29,26,ok: Contact.salutationName enum
Contacts,vtiger_contactdetails,firstname,firstname,First Name,55,varchar(40),нет,337,341,334,Contact,firstName,string,count+hash,перенос,реализовано (этап 03),проверено SQL 2026-09-29,24,ok: Contact.firstName varchar(100)
Contacts,vtiger_contactdetails,contact_no,contact_no,Contact Id,4,varchar(100),нет,345,341,341,Contact,vtigerNo,string (КОНТАКТ_N),count+hash,перенос,реализовано (этап 03),проверено SQL 2026-09-29,11,ok: Contact.vtigerNo varchar(100)
Contacts,vtiger_contactdetails,lastname,lastname,Last Name,255,varchar(80),нет,345,341,341,Contact,lastName,string,count+hash,перенос,реализовано (этап 03),проверено SQL 2026-09-29,22,ok: Contact.lastName varchar(100)
Contacts,vtiger_contactdetails,phone,phone,Office Phone,11,varchar(50),нет,120,341,118,Contact,phoneNumber[Office],phone: исходная строка + нормализация E.164 (без потери исходного вида),count+hash,перенос,реализовано (этап 03),проверено SQL 2026-09-29,26,ok: Contact.phoneNumber phone
Contacts,vtiger_contactdetails,accountid,account_id,Account Name,51,int,нет,345,341,234,Contact,account (accounts primary),fk,fk,перенос,реализовано (этап 03),проверено SQL 2026-09-29,,ok: Contact.account link
Contacts,vtiger_contactdetails,mobile,mobile,Mobile,11,varchar(50),нет,140,341,139,Contact,phoneNumber[Mobile],phone,count+hash,перенос,реализовано (этап 03),проверено SQL 2026-09-29,23,ok: Contact.phoneNumber phone
Contacts,vtiger_contactsubdetails,leadsource,leadsource,Lead Source,15,varchar(200),нет,55,341,55,Contact,cLeadSource,"enum: словарь metadata/vtigerValueMap/Lead.json (D-19; утверждён владельцем 2026-09-30, Q-32) (общий список источников)",count+distribution,перенос,реализовано (этап 03),проверено SQL 2026-09-29,19,ok: Contact.cLeadSource enum
Contacts,vtiger_contactsubdetails,homephone,homephone,Home Phone,11,varchar(50),нет,77,341,77,Contact,phoneNumber[Home],phone,count+hash,перенос,реализовано (этап 03),проверено SQL 2026-09-29,15,ok: Contact.phoneNumber phone
Contacts,vtiger_contactdetails,title,title,Title,1,varchar(50),нет,164,341,164,Contact,title,string,count+hash,перенос,реализовано (этап 03),проверено SQL 2026-09-29,50,ok: Contact.title varchar(100)
Contacts,vtiger_contactsubdetails,otherphone,otherphone,Other Phone,11,varchar(50),нет,4,341,4,Contact,phoneNumber[Other],phone,count+hash,перенос,реализовано (этап 03),проверено SQL 2026-09-29,12,ok: Contact.phoneNumber phone
Contacts,vtiger_contactdetails,department,department,Department,1,varchar(30),нет,106,341,106,Contact,cDepartment,string,count+hash,перенос,реализовано (этап 03),проверено SQL 2026-09-29,28,ok: Contact.cDepartment varchar(30)
Contacts,vtiger_contactdetails,fax,fax,Fax,11,varchar(50),нет,18,341,18,Contact,phoneNumber[Fax],phone,count+hash,перенос,реализовано (этап 03),проверено SQL 2026-09-29,14,ok: Contact.phoneNumber phone
Contacts,vtiger_contactdetails,email,email,Email,13,varchar(100),нет,102,341,101,Contact,emailAddress (primary),email lower-case,count+hash,перенос,реализовано (этап 03),проверено SQL 2026-09-29,32,ok: Contact.emailAddress email
Contacts,vtiger_contactsubdetails,birthday,birthday,Birthdate,5,date,нет,10,341,10,Contact,cBirthday,date,count+hash,перенос,реализовано (этап 03),проверено SQL 2026-09-29,,ok: Contact.cBirthday date
Contacts,vtiger_contactsubdetails,assistant,assistant,Assistant,1,varchar(30),нет,0,341,0,—,—,нет данных,count,пусто — данных нет,предложено,проверено SQL 2026-09-29,0,—
Contacts,vtiger_contactdetails,reportsto,contact_id,Reports To,57,varchar(30),нет,345,341,341,—,—,исключено: во всех живых записях '0' — ссылки нет (relations.csv Contacts.reportsto = 0; проверено 2026-09-30),count,исключено: исключено: во всех живых записях '0' — ссылки нет (relations.csv Contacts.reportsto = 0; проверено 2026-09-30),предложено,проверено SQL 2026-09-29,1,—
Contacts,vtiger_contactsubdetails,assistantphone,assistantphone,Assistant Phone,11,varchar(50),нет,0,341,0,—,—,нет данных,count,пусто — данных нет,предложено,проверено SQL 2026-09-29,0,—
Contacts,vtiger_contactdetails,secondaryemail,secondaryemail,Secondary Email,13,varchar(100),нет,2,341,2,Contact,emailAddress (secondary),email lower-case,count+hash,перенос,реализовано (этап 03),проверено SQL 2026-09-29,14,ok: Contact.emailAddress email
Contacts,vtiger_contactdetails,emailoptout,emailoptout,Email Opt Out,56,varchar(3),нет,345,341,0,Contact,emailAddressIsOptedOut,bool '1'→true,count,пусто — данных нет,предложено,проверено SQL 2026-09-29,1,—
Contacts,vtiger_contactdetails,donotcall,donotcall,Do Not Call,56,varchar(3),нет,345,341,0,Contact,doNotCall,bool,count,пусто — данных нет,предложено,проверено SQL 2026-09-29,1,—
Contacts,vtiger_contactdetails,reference,reference,Reference,56,varchar(3),нет,345,341,0,—,—,исключено: истинных значений нет,count,исключено: исключено: истинных значений нет,предложено,проверено SQL 2026-09-29,1,—
Contacts,vtiger_crmentity,smownerid,assigned_user_id,Assigned To,53,int,нет,6880,341,341,Contact,assignedUser / teams,owner-map: user→User; group→Team (assignedUser пуст),fk,перенос,реализовано (этап 03),проверено SQL 2026-09-29,,ok: Contact.assignedUser link; Contact.teams linkMultiple
Contacts,vtiger_crmentity,createdtime,createdtime,Created Time,70,datetime,нет,6880,341,341,Contact,createdAt,"datetime → UTC по эпохам D-30 (Europe/Moscow до 2022-11, Europe/Berlin до 2026-06-12, далее UTC)",count+hash,перенос,реализовано (этап 03),проверено SQL 2026-09-29,,ok: Contact.createdAt datetime
Contacts,vtiger_contactdetails,notify_owner,notify_owner,Notify Owner,56,varchar(3),нет,345,341,0,—,—,исключено: флаг стандартного workflow уведомления,count,исключено: исключено: флаг стандартного workflow уведомления,предложено,проверено SQL 2026-09-29,1,—
Contacts,vtiger_crmentity,modifiedtime,modifiedtime,Modified Time,70,datetime,нет,6880,341,341,Contact,modifiedAt,"datetime → UTC по эпохам D-30 (Europe/Moscow до 2022-11, Europe/Berlin до 2026-06-12, далее UTC)",count+hash,перенос,реализовано (этап 03),проверено SQL 2026-09-29,,ok: Contact.modifiedAt datetime
Contacts,vtiger_crmentity,modifiedby,modifiedby,Last Modified By,52,int,нет,6880,341,341,Contact,modifiedBy,user-map по vtiger_users.id,fk,перенос,реализовано (этап 03),проверено SQL 2026-09-29,,ok: Contact.modifiedBy link
Contacts,vtiger_contactdetails,splastsms,splastsms,Last SMS Date,70,datetime,нет,0,341,0,—,—,нет данных,count,пусто — данных нет,предложено,проверено SQL 2026-09-29,,—
Contacts,vtiger_contactscf,vk_url,vk_url,Vkontakte URL,17,varchar(155),нет,1,341,1,Contact,cVkUrl,url,count+hash,перенос,реализовано (этап 03),проверено SQL 2026-09-29,24,ok: Contact.cVkUrl url(155)
Contacts,vtiger_contactscf,tw_url,tw_url,Twitter URL,17,varchar(155),нет,0,341,0,—,—,нет данных,count,пусто — данных нет,предложено,проверено SQL 2026-09-29,0,—
Contacts,vtiger_contactdetails,isconvertedfromlead,isconvertedfromlead,Is Converted From Lead,56,varchar(3),нет,345,341,53,Contact,vtigerData.isconvertedfromlead,bool→JSON,count,архив (только чтение),реализовано (этап 03),проверено SQL 2026-09-29,1,ok: Contact.vtigerData jsonObject
Contacts,vtiger_crmentity,smcreatorid,created_user_id,Created By,53,int,нет,6880,341,341,Contact,createdBy,user-map по vtiger_users.id,fk,перенос,реализовано (этап 03),проверено SQL 2026-09-29,,ok: Contact.createdBy link
Contacts,vtiger_crmentity,source,source,Source,1,varchar(100),нет,6308,341,341,—,—,исключено: технический канал создания записи Vtiger (CRM/WEBSERVICE),count,исключено: исключено: технический канал создания записи Vtiger (CRM/WEBSERVICE),предложено,проверено SQL 2026-09-29,6,—
Contacts,vtiger_crmentity_user_field,starred,starred,starred,56,varchar(100),нет,5155,350,0,—,—,исключено: персональная «звёздочка» пользователя (истинных значений — единицы),count,исключено: исключено: персональная «звёздочка» пользователя (истинных значений — единицы),предложено,проверено SQL 2026-09-29,1,—
Contacts,vtiger_contactdetails,tags,tags,tags,1,varchar(1),нет,0,341,0,—,—,пусто в источнике (теги — vtiger_freetagged_objects),count,исключено: пусто в источнике (теги — vtiger_freetagged_objects),предложено,проверено SQL 2026-09-29,0,—
Contacts,vtiger_contactscf,cf_1322,cf_1322,Anydesc ID,1,varchar(20),да,123,341,122,Contact,ContactAccess.anydeskId,SECURE: отдельная сущность с ограниченным ACL; значения не логировать,count+hash (без вывода),перенос в защищённое хранилище,реализовано (этап 03),проверено SQL 2026-09-29,11,ok: ContactAccess.anydeskId varchar(50)
Contacts,vtiger_contactscf,cf_1324,cf_1324,Anydesc Password,1,varchar(20),да,122,341,121,Contact,ContactAccess.anydeskPassword,SECURE: шифрование/отдельное хранилище; значения не логировать и не выводить,count+hash (без вывода),перенос в защищённое хранилище,реализовано (этап 03),проверено SQL 2026-09-29,12,ok: ContactAccess.anydeskPassword password
Contacts,vtiger_contactscf,cf_1326,cf_1326,Hostname,1,varchar(190),да,126,341,125,Contact,ContactAccess.hostname,SECURE: отдельная сущность с ограниченным ACL,count+hash (без вывода),перенос в защищённое хранилище,реализовано (этап 03),проверено SQL 2026-09-29,15,ok: ContactAccess.hostname varchar(190)
Contacts,vtiger_contactscf,cf_1328,cf_1328,IP,1,varchar(50),да,126,341,125,Contact,ContactAccess.ipAddress,SECURE: отдельная сущность с ограниченным ACL,count+hash (без вывода),перенос в защищённое хранилище,реализовано (этап 03),проверено SQL 2026-09-29,50,ok: ContactAccess.ipAddress varchar(100)
Contacts,vtiger_customerdetails,portal,portal,Portal User,56,varchar(3),нет,345,341,2,Contact,vtigerData.portal,bool; портал не используется (0 портальных пользователей),count,архив (только чтение),реализовано (этап 03),проверено SQL 2026-09-29,1,ok: Contact.vtigerData jsonObject
Contacts,vtiger_customerdetails,support_start_date,support_start_date,Support Start Date,5,date,нет,205,341,205,Contact,cSupportStartDate,date,count+hash,перенос,реализовано (этап 03),проверено SQL 2026-09-29,,ok: Contact.cSupportStartDate date
Contacts,vtiger_customerdetails,support_end_date,support_end_date,Support End Date,5,date,нет,205,341,205,Contact,cSupportEndDate,date,count+hash,перенос,реализовано (этап 03),проверено SQL 2026-09-29,,ok: Contact.cSupportEndDate date
Contacts,vtiger_contactscf,cf_1372,cf_1372,Нужны оригиналы закрывающих документов,56,varchar(3),да,345,341,1,Contact,cNeedOriginalDocs,bool,count,перенос,реализовано (этап 03),проверено SQL 2026-09-29,1,ok: Contact.cNeedOriginalDocs bool
Contacts,vtiger_contactscf,cf_1374,cf_1374,Отправлять новости по электронной почте,56,varchar(3),да,345,341,0,Contact,cSendNews,bool,count,пусто — данных нет,предложено,проверено SQL 2026-09-29,1,—
Contacts,vtiger_contactscf,cf_1376,cf_1376,Интересует рекламная информация от партнеров,56,varchar(3),да,345,341,1,Contact,cPartnerAds,bool,count,перенос,реализовано (этап 03),проверено SQL 2026-09-29,1,ok: Contact.cPartnerAds bool
Contacts,vtiger_contactscf,cf_1378,cf_1378,Отправлять оповещения по электронной почте,56,varchar(3),да,345,341,0,Contact,cSendAlerts,bool,count,пусто — данных нет,предложено,проверено SQL 2026-09-29,1,—
Contacts,vtiger_contactaddress,mailingstreet,mailingstreet,Mailing Street,21,varchar(250),нет,206,341,204,Contact,addressStreet,address,count+hash,перенос,реализовано (этап 03),проверено SQL 2026-09-29,59,ok: Contact.addressStreet text
Contacts,vtiger_contactaddress,otherstreet,otherstreet,Other Street,21,varchar(250),нет,156,341,154,Contact,cOtherAddressStreet,address,count+hash,перенос,реализовано (этап 03),проверено SQL 2026-09-29,59,ok: Contact.cOtherAddressStreet text
Contacts,vtiger_contactaddress,mailingpobox,mailingpobox,Mailing Po Box,1,varchar(30),нет,0,341,0,Contact,vtigerData.mailingpobox,string,count,пусто — данных нет,предложено,проверено SQL 2026-09-29,0,—
Contacts,vtiger_contactaddress,otherpobox,otherpobox,Other Po Box,1,varchar(30),нет,0,341,0,Contact,vtigerData.otherpobox,string,count,пусто — данных нет,предложено,проверено SQL 2026-09-29,0,—
Contacts,vtiger_contactaddress,mailingcity,mailingcity,Mailing City,1,varchar(40),нет,214,341,212,Contact,addressCity,address,count+hash,перенос,реализовано (этап 03),проверено SQL 2026-09-29,17,ok: Contact.addressCity varchar(100)
Contacts,vtiger_contactaddress,othercity,othercity,Other City,1,varchar(40),нет,158,341,156,Contact,cOtherAddressCity,address,count+hash,перенос,реализовано (этап 03),проверено SQL 2026-09-29,17,ok: Contact.cOtherAddressCity varchar(100)
Contacts,vtiger_contactaddress,mailingstate,mailingstate,Mailing State,1,varchar(30),нет,161,341,159,Contact,addressState,address,count+hash,перенос,реализовано (этап 03),проверено SQL 2026-09-29,20,ok: Contact.addressState varchar(100)
Contacts,vtiger_contactaddress,otherstate,otherstate,Other State,1,varchar(50),нет,138,341,136,Contact,cOtherAddressState,address,count+hash,перенос,реализовано (этап 03),проверено SQL 2026-09-29,19,ok: Contact.cOtherAddressState varchar(100)
Contacts,vtiger_contactaddress,mailingzip,mailingzip,Mailing Zip,1,varchar(30),нет,153,341,151,Contact,addressPostalCode,address,count+hash,перенос,реализовано (этап 03),проверено SQL 2026-09-29,6,ok: Contact.addressPostalCode varchar(40)
Contacts,vtiger_contactaddress,otherzip,otherzip,Other Zip,1,varchar(30),нет,153,341,151,Contact,cOtherAddressPostalCode,address,count+hash,перенос,реализовано (этап 03),проверено SQL 2026-09-29,6,ok: Contact.cOtherAddressPostalCode varchar(40)
Contacts,vtiger_contactaddress,mailingcountry,mailingcountry,Mailing Country,1,varchar(40),нет,184,341,182,Contact,addressCountry,address,count+hash,перенос,реализовано (этап 03),проверено SQL 2026-09-29,18,ok: Contact.addressCountry varchar(100)
Contacts,vtiger_contactaddress,othercountry,othercountry,Other Country,1,varchar(30),нет,156,341,154,Contact,cOtherAddressCountry,address,count+hash,перенос,реализовано (этап 03),проверено SQL 2026-09-29,9,ok: Contact.cOtherAddressCountry varchar(100)
Contacts,vtiger_crmentity,description,description,Description,19,mediumtext,нет,1365,341,66,Contact,description,text as-is,count+hash,перенос,реализовано (этап 03),проверено SQL 2026-09-29,543,ok: Contact.description text
Contacts,vtiger_contactdetails,imagename,imagename,Contact Image,69,varchar(150),нет,6,341,6,Contact,cPhoto,image: вложение Contacts Image (1 файл); 5 имён без файла — принятая потеря (D-23),file-hash,перенос,реализовано (этап 03),проверено SQL 2026-09-29,44,ok: Contact.cPhoto image
Accounts,vtiger_campaignrelstatus,campaignrelstatus,campaignrelstatus,Status,16,varchar(256),нет,3,0,0,—,—,нет данных,count,пусто — данных нет,предложено,проверено SQL 2026-09-29,,—
Accounts,vtiger_account,accountname,accountname,Account Name,2,varchar(100),нет,182,180,180,Account,name,string,count+hash,перенос,реализовано (этап 03),проверено SQL 2026-09-29,79,ok: Account.name varchar(249)
Accounts,vtiger_account,account_no,account_no,Account No,4,varchar(100),нет,182,180,180,Account,vtigerNo,string (КОНТР_N),count+hash,перенос,реализовано (этап 03),проверено SQL 2026-09-29,9,ok: Account.vtigerNo varchar(100)
Accounts,vtiger_account,website,website,Website,17,varchar(100),нет,97,180,95,Account,website,url,count+hash,перенос,реализовано (этап 03),проверено SQL 2026-09-29,40,ok: Account.website url(255)
Accounts,vtiger_account,phone,phone,Phone,11,varchar(30),нет,46,180,46,Account,phoneNumber[Office],phone: исходная строка + нормализация E.164 (без потери исходного вида),count+hash,перенос,реализовано (этап 03),проверено SQL 2026-09-29,22,ok: Account.phoneNumber phone
Accounts,vtiger_account,tickersymbol,tickersymbol,Ticker Symbol,1,varchar(30),нет,101,180,99,Account,cShortName,"string: краткое название организации (подтверждено владельцем, Q-24)",count+hash,перенос,реализовано (этап 03),проверено SQL 2026-09-29,30,ok: Account.cShortName varchar(30)
Accounts,vtiger_account,fax,fax,Fax,11,varchar(30),нет,40,180,40,Account,phoneNumber[Fax],phone,count+hash,перенос,реализовано (этап 03),проверено SQL 2026-09-29,18,ok: Account.phoneNumber phone
Accounts,vtiger_account,parentid,account_id,Member Of,51,int,нет,182,180,0,Account,parent (cParentAccount),fk (в источнике пусто),fk,пусто — данных нет,предложено,проверено SQL 2026-09-29,,—
Accounts,vtiger_account,otherphone,otherphone,Other Phone,11,varchar(30),нет,28,180,27,Account,phoneNumber[Other],phone,count+hash,перенос,реализовано (этап 03),проверено SQL 2026-09-29,18,ok: Account.phoneNumber phone
Accounts,vtiger_account,employees,employees,Employees,7,int,нет,182,180,43,Account,cEmployees,int (0 = пусто),count+sum,перенос,реализовано (этап 03),проверено SQL 2026-09-29,,ok: Account.cEmployees int
Accounts,vtiger_account,email1,email1,Email,13,varchar(100),нет,119,180,117,Account,emailAddress (primary),email lower-case,count+hash,перенос,реализовано (этап 03),проверено SQL 2026-09-29,34,ok: Account.emailAddress email
Accounts,vtiger_account,email2,email2,Other Email,13,varchar(100),нет,15,180,15,Account,emailAddress (secondary),email lower-case,count+hash,перенос,реализовано (этап 03),проверено SQL 2026-09-29,33,ok: Account.emailAddress email
Accounts,vtiger_account,ownership,ownership,Ownership,1,varchar(50),нет,8,180,8,Account,vtigerData.ownership,string,count+hash,архив (только чтение),реализовано (этап 03),проверено SQL 2026-09-29,50,ok: Account.vtigerData jsonObject
Accounts,vtiger_account,industry,industry,industry,15,varchar(200),нет,91,180,89,Account,industry,"enum: словарь metadata/vtigerValueMap/Account.json (D-19; утверждён владельцем 2026-09-30, Q-32); исходное значение → vtigerData, если изменено",count+distribution,перенос,реализовано (этап 03),проверено SQL 2026-09-29,24,ok: Account.industry enum
Accounts,vtiger_account,rating,rating,Rating,15,varchar(200),нет,57,180,55,Account,cRating,"enum: словарь metadata/vtigerValueMap/Account.json (D-19; утверждён владельцем 2026-09-30, Q-32)",count+distribution,перенос,реализовано (этап 03),проверено SQL 2026-09-29,8,ok: Account.cRating enum
Accounts,vtiger_account,account_type,accounttype,Type,15,varchar(200),нет,29,180,29,Account,type,"enum: словарь metadata/vtigerValueMap/Account.json (D-19; утверждён владельцем 2026-09-30, Q-32) (Клиент/Customer → Customer)",count+distribution,перенос,реализовано (этап 03),проверено SQL 2026-09-29,8,ok: Account.type enum
Accounts,vtiger_account,siccode,siccode,SIC Code,1,varchar(50),нет,68,180,66,Account,sicCode,string,count+hash,перенос,реализовано (этап 03),проверено SQL 2026-09-29,15,ok: Account.sicCode varchar(40)
Accounts,vtiger_account,emailoptout,emailoptout,Email Opt Out,56,varchar(3),нет,182,180,0,Account,emailAddressIsOptedOut,bool '1'→true,count,пусто — данных нет,предложено,проверено SQL 2026-09-29,1,—
Accounts,vtiger_account,annualrevenue,annual_revenue,Annual Revenue,71,"decimal(25,8)",нет,182,180,0,Account,vtigerData.annual_revenue,decimal (0 = пусто),count+sum,пусто — данных нет,предложено,проверено SQL 2026-09-29,,—
Accounts,vtiger_crmentity,smownerid,assigned_user_id,Assigned To,53,int,нет,6880,180,180,Account,assignedUser / teams,owner-map: user→User; group→Team (assignedUser пуст),fk,перенос,реализовано (этап 03),проверено SQL 2026-09-29,,ok: Account.assignedUser link; Account.teams linkMultiple
Accounts,vtiger_account,notify_owner,notify_owner,Notify Owner,56,varchar(3),нет,182,180,0,—,—,исключено: флаг стандартного workflow уведомления,count,исключено: исключено: флаг стандартного workflow уведомления,предложено,проверено SQL 2026-09-29,1,—
Accounts,vtiger_crmentity,modifiedtime,modifiedtime,Modified Time,70,datetime,нет,6880,180,180,Account,modifiedAt,"datetime → UTC по эпохам D-30 (Europe/Moscow до 2022-11, Europe/Berlin до 2026-06-12, далее UTC)",count+hash,перенос,реализовано (этап 03),проверено SQL 2026-09-29,,ok: Account.modifiedAt datetime
Accounts,vtiger_crmentity,createdtime,createdtime,Created Time,70,datetime,нет,6880,180,180,Account,createdAt,"datetime → UTC по эпохам D-30 (Europe/Moscow до 2022-11, Europe/Berlin до 2026-06-12, далее UTC)",count+hash,перенос,реализовано (этап 03),проверено SQL 2026-09-29,,ok: Account.createdAt datetime
Accounts,vtiger_crmentity,modifiedby,modifiedby,Last Modified By,52,int,нет,6880,180,180,Account,modifiedBy,user-map по vtiger_users.id,fk,перенос,реализовано (этап 03),проверено SQL 2026-09-29,,ok: Account.modifiedBy link
Accounts,vtiger_account,inn,inn,INN,1,varchar(30),нет,92,180,90,Account,cInn,string (ключ поиска плательщика при банковском импорте),count+hash,перенос,реализовано (этап 03),проверено SQL 2026-09-29,13,ok: Account.cInn varchar(30)
Accounts,vtiger_account,kpp,kpp,KPP,1,varchar(30),нет,78,180,76,Account,cKpp,string,count+hash,перенос,реализовано (этап 03),проверено SQL 2026-09-29,10,ok: Account.cKpp varchar(30)
Accounts,vtiger_account,splastsms,splastsms,Last SMS Date,70,datetime,нет,0,180,0,—,—,нет данных,count,пусто — данных нет,предложено,проверено SQL 2026-09-29,,—
Accounts,vtiger_account,one_s_id,one_s_id,1C ID,1,varchar(255),нет,0,180,0,—,—,нет данных,count,пусто — данных нет,предложено,проверено SQL 2026-09-29,0,—
Accounts,vtiger_accountscf,vk_url,vk_url,Vkontakte URL,17,varchar(155),нет,3,180,3,Account,cVkUrl,url,count+hash,перенос,реализовано (этап 03),проверено SQL 2026-09-29,26,ok: Account.cVkUrl url(155)
Accounts,vtiger_accountscf,tw_url,tw_url,Twitter URL,17,varchar(155),нет,0,180,0,—,—,нет данных,count,пусто — данных нет,предложено,проверено SQL 2026-09-29,0,—
Accounts,vtiger_account,isconvertedfromlead,isconvertedfromlead,Is Converted From Lead,56,varchar(3),нет,182,180,51,Account,vtigerData.isconvertedfromlead,bool→JSON,count,архив (только чтение),реализовано (этап 03),проверено SQL 2026-09-29,1,ok: Account.vtigerData jsonObject
Accounts,vtiger_crmentity,smcreatorid,created_user_id,Created By,53,int,нет,6880,180,180,Account,createdBy,user-map по vtiger_users.id,fk,перенос,реализовано (этап 03),проверено SQL 2026-09-29,,ok: Account.createdBy link
Accounts,vtiger_crmentity,source,source,Source,1,varchar(100),нет,6308,180,180,—,—,исключено: технический канал создания записи Vtiger (CRM/WEBSERVICE),count,исключено: исключено: технический канал создания записи Vtiger (CRM/WEBSERVICE),предложено,проверено SQL 2026-09-29,10,—
Accounts,vtiger_crmentity_user_field,starred,starred,starred,56,varchar(100),нет,5155,180,0,—,—,исключено: персональная «звёздочка» пользователя (истинных значений — единицы),count,исключено: исключено: персональная «звёздочка» пользователя (истинных значений — единицы),предложено,проверено SQL 2026-09-29,1,—
Accounts,vtiger_account,tags,tags,tags,1,varchar(1),нет,0,180,0,—,—,пусто в источнике (теги — vtiger_freetagged_objects),count,исключено: пусто в источнике (теги — vtiger_freetagged_objects),предложено,проверено SQL 2026-09-29,0,—
Accounts,vtiger_accountbillads,bill_street,bill_street,Billing Address,21,varchar(250),нет,129,180,127,Account,billingAddressStreet,address,count+hash,перенос,реализовано (этап 03),проверено SQL 2026-09-29,88,ok: Account.billingAddressStreet text
Accounts,vtiger_accountshipads,ship_street,ship_street,Shipping Address,21,varchar(250),нет,129,180,127,Account,shippingAddressStreet,address,count+hash,перенос,реализовано (этап 03),проверено SQL 2026-09-29,88,ok: Account.shippingAddressStreet text
Accounts,vtiger_accountbillads,bill_pobox,bill_pobox,Billing Po Box,1,varchar(30),нет,0,180,0,Account,vtigerData.bill_pobox,address,count+hash,пусто — данных нет,предложено,проверено SQL 2026-09-29,0,—
Accounts,vtiger_accountshipads,ship_pobox,ship_pobox,Shipping Po Box,1,varchar(30),нет,1,180,1,Account,vtigerData.ship_pobox,address,count+hash,архив (только чтение),реализовано (этап 03),проверено SQL 2026-09-29,1,ok: Account.vtigerData jsonObject
Accounts,vtiger_accountbillads,bill_city,bill_city,Billing City,1,varchar(30),нет,130,180,128,Account,billingAddressCity,address,count+hash,перенос,реализовано (этап 03),проверено SQL 2026-09-29,17,ok: Account.billingAddressCity varchar(100)
Accounts,vtiger_accountshipads,ship_city,ship_city,Shipping City,1,varchar(30),нет,130,180,128,Account,shippingAddressCity,address,count+hash,перенос,реализовано (этап 03),проверено SQL 2026-09-29,17,ok: Account.shippingAddressCity varchar(100)
Accounts,vtiger_accountbillads,bill_state,bill_state,Billing State,1,varchar(30),нет,77,180,75,Account,billingAddressState,address,count+hash,перенос,реализовано (этап 03),проверено SQL 2026-09-29,21,ok: Account.billingAddressState varchar(100)
Accounts,vtiger_accountshipads,ship_state,ship_state,Shipping State,1,varchar(30),нет,77,180,75,Account,shippingAddressState,address,count+hash,перенос,реализовано (этап 03),проверено SQL 2026-09-29,21,ok: Account.shippingAddressState varchar(100)
Accounts,vtiger_accountbillads,bill_code,bill_code,Billing Code,1,varchar(30),нет,102,180,100,Account,billingAddressPostalCode,address,count+hash,перенос,реализовано (этап 03),проверено SQL 2026-09-29,7,ok: Account.billingAddressPostalCode varchar(40)
Accounts,vtiger_accountshipads,ship_code,ship_code,Shipping Code,1,varchar(30),нет,98,180,97,Account,shippingAddressPostalCode,address,count+hash,перенос,реализовано (этап 03),проверено SQL 2026-09-29,7,ok: Account.shippingAddressPostalCode varchar(40)
Accounts,vtiger_accountbillads,bill_country,bill_country,Billing Country,1,varchar(30),нет,118,180,116,Account,billingAddressCountry,address,count+hash,перенос,реализовано (этап 03),проверено SQL 2026-09-29,22,ok: Account.billingAddressCountry varchar(100)
Accounts,vtiger_accountshipads,ship_country,ship_country,Shipping Country,1,varchar(30),нет,118,180,116,Account,shippingAddressCountry,address,count+hash,перенос,реализовано (этап 03),проверено SQL 2026-09-29,22,ok: Account.shippingAddressCountry varchar(100)
Accounts,vtiger_crmentity,description,description,Description,19,mediumtext,нет,1365,180,82,Account,description,text as-is,count+hash,перенос,реализовано (этап 03),проверено SQL 2026-09-29,251,ok: Account.description text
Accounts,vtiger_accountscf,cf_1109,cf_1109,Расчётный счёт,1,varchar(25),да,158,180,156,Account,cBankAccount,string (расчётный счёт клиента),count+hash,перенос,реализовано (этап 03),проверено SQL 2026-09-29,25,ok: Account.cBankAccount varchar(25)
Accounts,vtiger_accountscf,cf_1111,cf_1111,Банк,1,varchar(255),да,80,180,78,Account,cBankName,string,count+hash,перенос,реализовано (этап 03),проверено SQL 2026-09-29,63,ok: Account.cBankName varchar(255)
Accounts,vtiger_accountscf,cf_1113,cf_1113,Корр. счёт,1,varchar(25),да,156,180,154,Account,cCorrAccount,string,count+hash,перенос,реализовано (этап 03),проверено SQL 2026-09-29,24,ok: Account.cCorrAccount varchar(25)
Accounts,vtiger_accountscf,cf_1115,cf_1115,БИК,1,varchar(10),да,157,180,155,Account,cBic,string,count+hash,перенос,реализовано (этап 03),проверено SQL 2026-09-29,9,ok: Account.cBic varchar(10)
Leads,vtiger_campaignrelstatus,campaignrelstatus,campaignrelstatus,Status,16,varchar(256),нет,3,0,0,—,—,нет данных,count,пусто — данных нет,предложено,проверено SQL 2026-09-29,,—
Leads,vtiger_leaddetails,salutation,salutationtype,Salutation,55,varchar(200),нет,7,225,7,Lead,salutationName,"enum: только стандартные Mr./Ms./Mrs./Dr./Prof.; прочий текст (6 обращений — сдвиг старого импорта, проверено 2026-09-30) → vtigerData.salutationtype",count+distribution,перенос,реализовано (этап 03),проверено SQL 2026-09-29,200,ok: Lead.salutationName enum
Leads,vtiger_leaddetails,firstname,firstname,First Name,55,varchar(40),нет,149,225,149,Lead,firstName,string,count+hash,перенос,реализовано (этап 03),проверено SQL 2026-09-29,31,ok: Lead.firstName varchar(100)
Leads,vtiger_leaddetails,lead_no,lead_no,Lead No,4,varchar(100),нет,241,225,225,Lead,vtigerNo,string (ОБР_N),count+hash,перенос,реализовано (этап 03),проверено SQL 2026-09-29,7,ok: Lead.vtigerNo varchar(100)
Leads,vtiger_leaddetails,lastname,lastname,Last Name,255,varchar(80),нет,241,225,225,Lead,lastName,string,count+hash,перенос,реализовано (этап 03),проверено SQL 2026-09-29,31,ok: Lead.lastName varchar(100)
Leads,vtiger_leadaddress,phone,phone,Phone,11,varchar(50),нет,183,225,178,Lead,phoneNumber[Office],phone: исходная строка + нормализация E.164 (без потери исходного вида),count+hash,перенос,реализовано (этап 03),проверено SQL 2026-09-29,29,ok: Lead.phoneNumber phone
Leads,vtiger_leaddetails,company,company,Company,2,varchar(100),нет,146,225,146,Lead,accountName,string,count+hash,перенос,реализовано (этап 03),проверено SQL 2026-09-29,100,ok: Lead.accountName varchar(255)
Leads,vtiger_leadaddress,mobile,mobile,Mobile,11,varchar(50),нет,87,225,87,Lead,phoneNumber[Mobile],phone,count+hash,перенос,реализовано (этап 03),проверено SQL 2026-09-29,18,ok: Lead.phoneNumber phone
Leads,vtiger_leaddetails,designation,designation,Designation,1,varchar(50),нет,92,225,92,Lead,title,string,count+hash,перенос,реализовано (этап 03),проверено SQL 2026-09-29,50,ok: Lead.title varchar(100)
Leads,vtiger_leadaddress,fax,fax,Fax,11,varchar(50),нет,19,225,19,Lead,phoneNumber[Fax],phone,count+hash,перенос,реализовано (этап 03),проверено SQL 2026-09-29,16,ok: Lead.phoneNumber phone
Leads,vtiger_leaddetails,leadsource,leadsource,Lead Source,15,varchar(200),нет,177,225,163,Lead,source,"enum: словарь metadata/vtigerValueMap/Lead.json (D-19; утверждён владельцем 2026-09-30, Q-32); исходное значение → vtigerData, если изменено",count+distribution,перенос,реализовано (этап 03),проверено SQL 2026-09-29,19,ok: Lead.source enum
Leads,vtiger_leaddetails,email,email,Email,13,varchar(100),нет,182,225,176,Lead,emailAddress (primary),email,count+hash,перенос,реализовано (этап 03),проверено SQL 2026-09-29,39,ok: Lead.emailAddress email
Leads,vtiger_leaddetails,industry,industry,Industry,15,varchar(200),нет,90,225,90,Lead,industry,"enum: словарь metadata/vtigerValueMap/Account.json (D-19; утверждён владельцем 2026-09-30, Q-32) (список общий с Account)",count+distribution,перенос,реализовано (этап 03),проверено SQL 2026-09-29,21,ok: Lead.industry enum
Leads,vtiger_leadsubdetails,website,website,Website,17,varchar(255),нет,63,225,63,Lead,website,url,count+hash,перенос,реализовано (этап 03),проверено SQL 2026-09-29,55,ok: Lead.website url(255)
Leads,vtiger_leaddetails,annualrevenue,annualrevenue,Annual Revenue,71,"decimal(25,8)",нет,241,225,1,Lead,vtigerData.annualrevenue,decimal (0 = пусто),count+sum,архив (только чтение),реализовано (этап 03),проверено SQL 2026-09-29,,ok: Lead.vtigerData jsonObject
Leads,vtiger_leaddetails,leadstatus,leadstatus,Lead Status,15,varchar(200),нет,80,225,80,Lead,status,"enum: словарь metadata/vtigerValueMap/Lead.json (D-19; утверждён владельцем 2026-09-30, Q-32); Not Contacted → New; converted=1 → Converted",count+distribution,перенос,реализовано (этап 03),проверено SQL 2026-09-29,22,ok: Lead.status enum
Leads,vtiger_leaddetails,noofemployees,noofemployees,No Of Employees,1,int,нет,241,225,19,Lead,vtigerData.noofemployees,int (0 = пусто),count+sum,архив (только чтение),реализовано (этап 03),проверено SQL 2026-09-29,,ok: Lead.vtigerData jsonObject
Leads,vtiger_leaddetails,rating,rating,Rating,15,varchar(200),нет,36,225,36,Lead,cRating,"enum: словарь metadata/vtigerValueMap/Account.json (D-19; утверждён владельцем 2026-09-30, Q-32) (список общий с Account)",count+distribution,перенос,реализовано (этап 03),проверено SQL 2026-09-29,13,ok: Lead.cRating enum
Leads,vtiger_leaddetails,secondaryemail,secondaryemail,Secondary Email,13,varchar(100),нет,8,225,8,Lead,emailAddress (secondary),email,count+hash,перенос,реализовано (этап 03),проверено SQL 2026-09-29,22,ok: Lead.emailAddress email
Leads,vtiger_crmentity,smownerid,assigned_user_id,Assigned To,53,int,нет,6880,225,225,Lead,assignedUser / teams,owner-map: user→User; group→Team (assignedUser пуст),fk,перенос,реализовано (этап 03),проверено SQL 2026-09-29,,ok: Lead.assignedUser link; Lead.teams linkMultiple
Leads,vtiger_crmentity,modifiedtime,modifiedtime,Modified Time,70,datetime,нет,6880,225,225,Lead,modifiedAt,"datetime → UTC по эпохам D-30 (Europe/Moscow до 2022-11, Europe/Berlin до 2026-06-12, далее UTC)",count+hash,перенос,реализовано (этап 03),проверено SQL 2026-09-29,,ok: Lead.modifiedAt datetime
Leads,vtiger_crmentity,createdtime,createdtime,Created Time,70,datetime,нет,6880,225,225,Lead,createdAt,"datetime → UTC по эпохам D-30 (Europe/Moscow до 2022-11, Europe/Berlin до 2026-06-12, далее UTC)",count+hash,перенос,реализовано (этап 03),проверено SQL 2026-09-29,,ok: Lead.createdAt datetime
Leads,vtiger_crmentity,modifiedby,modifiedby,Last Modified By,52,int,нет,6880,225,225,Lead,modifiedBy,user-map по vtiger_users.id,fk,перенос,реализовано (этап 03),проверено SQL 2026-09-29,,ok: Lead.modifiedBy link
Leads,vtiger_leaddetails,splastsms,splastsms,Last SMS Date,70,datetime,нет,0,225,0,—,—,нет данных,count,пусто — данных нет,предложено,проверено SQL 2026-09-29,,—
Leads,vtiger_leadscf,vk_url,vk_url,Vkontakte URL,17,varchar(155),нет,7,225,7,Lead,cVkUrl,url,count+hash,перенос,реализовано (этап 03),проверено SQL 2026-09-29,28,ok: Lead.cVkUrl url(155)
Leads,vtiger_leadscf,tw_url,tw_url,Twitter URL,17,varchar(155),нет,0,225,0,—,—,нет данных,count,пусто — данных нет,предложено,проверено SQL 2026-09-29,0,—
Leads,vtiger_leaddetails,emailoptout,emailoptout,Email Opt Out,56,varchar(3),нет,241,225,0,Lead,emailAddressIsOptedOut,bool '1'→true,count,пусто — данных нет,предложено,проверено SQL 2026-09-29,1,—
Leads,vtiger_crmentity,smcreatorid,created_user_id,Created By,53,int,нет,6880,225,225,Lead,createdBy,user-map по vtiger_users.id,fk,перенос,реализовано (этап 03),проверено SQL 2026-09-29,,ok: Lead.createdBy link
Leads,vtiger_crmentity,source,source,Source,1,varchar(100),нет,6308,225,225,—,—,исключено: технический канал создания записи Vtiger (CRM/WEBSERVICE),count,исключено: исключено: технический канал создания записи Vtiger (CRM/WEBSERVICE),предложено,проверено SQL 2026-09-29,10,—
Leads,vtiger_crmentity_user_field,starred,starred,starred,56,varchar(100),нет,5155,225,0,—,—,исключено: персональная «звёздочка» пользователя (истинных значений — единицы),count,исключено: исключено: персональная «звёздочка» пользователя (истинных значений — единицы),предложено,проверено SQL 2026-09-29,1,—
Leads,vtiger_leaddetails,tags,tags,tags,1,varchar(1),нет,0,225,0,—,—,пусто в источнике (теги — vtiger_freetagged_objects),count,исключено: пусто в источнике (теги — vtiger_freetagged_objects),предложено,проверено SQL 2026-09-29,0,—
Leads,vtiger_leadscf,cf_1107,cf_1107,Приоритет,16,varchar(255),да,187,225,187,Lead,cPriority,"enum: словарь metadata/vtigerValueMap/Lead.json (D-19; утверждён владельцем 2026-09-30, Q-32)",count+distribution,перенос,реализовано (этап 03),проверено SQL 2026-09-29,7,ok: Lead.cPriority enum
Leads,vtiger_leadscf,cf_1165,cf_1165,Jivosite ID,7,int,да,68,225,36,Lead,cJivositeId,int,count+hash,перенос,реализовано (этап 03),проверено SQL 2026-09-29,,ok: Lead.cJivositeId int
Leads,vtiger_leadaddress,lane,lane,Street,21,varchar(250),нет,122,225,122,Lead,addressStreet,address,count+hash,перенос,реализовано (этап 03),проверено SQL 2026-09-29,62,ok: Lead.addressStreet text
Leads,vtiger_leadaddress,pobox,pobox,Po Box,1,varchar(30),нет,0,225,0,Lead,vtigerData.pobox,string,count,пусто — данных нет,предложено,проверено SQL 2026-09-29,0,—
Leads,vtiger_leadaddress,code,code,Postal Code,1,varchar(30),нет,34,225,34,Lead,addressPostalCode,address,count+hash,перенос,реализовано (этап 03),проверено SQL 2026-09-29,6,ok: Lead.addressPostalCode varchar(40)
Leads,vtiger_leadaddress,city,city,City,1,varchar(30),нет,184,225,170,Lead,addressCity,address,count+hash,перенос,реализовано (этап 03),проверено SQL 2026-09-29,17,ok: Lead.addressCity varchar(100)
Leads,vtiger_leadaddress,country,country,Country,1,varchar(30),нет,130,225,114,Lead,addressCountry,address,count+hash,перенос,реализовано (этап 03),проверено SQL 2026-09-29,18,ok: Lead.addressCountry varchar(100)
Leads,vtiger_leadaddress,state,state,State,1,varchar(30),нет,118,225,104,Lead,addressState,address,count+hash,перенос,реализовано (этап 03),проверено SQL 2026-09-29,21,ok: Lead.addressState varchar(100)
Leads,vtiger_crmentity,description,description,Description,19,mediumtext,нет,1365,225,79,Lead,description,text as-is,count+hash,перенос,реализовано (этап 03),проверено SQL 2026-09-29,1556,ok: Lead.description text
Documents,vtiger_notes,title,notes_title,Title,2,varchar(50),нет,227,215,215,Document,name,string,count+hash,перенос,реализовано (этап 03),проверено SQL 2026-09-29,50,ok: Document.name varchar(255)
Documents,vtiger_notes,folderid,folderid,Folder Name,26,int,нет,227,215,215,Document,folder,DocumentFolder 'По умолчанию',fk,перенос,реализовано (этап 03),проверено SQL 2026-09-29,,ok: Document.folder link
Documents,vtiger_notes,note_no,note_no,Document No,4,varchar(100),нет,227,215,215,Document,vtigerNo,string (ДОК_N),count+hash,перенос,реализовано (этап 03),проверено SQL 2026-09-29,7,ok: Document.vtigerNo varchar(100)
Documents,vtiger_crmentity,smownerid,assigned_user_id,Assigned To,53,int,нет,6880,215,215,Document,assignedUser / teams,owner-map: user→User; group→Team (assignedUser пуст),fk,перенос,реализовано (этап 03),проверено SQL 2026-09-29,,ok: Document.assignedUser link; Document.teams linkMultiple
Documents,vtiger_crmentity,createdtime,createdtime,Created Time,70,datetime,нет,6880,215,215,Document,createdAt,"datetime → UTC по эпохам D-30 (Europe/Moscow до 2022-11, Europe/Berlin до 2026-06-12, далее UTC)",count+hash,перенос,реализовано (этап 03),проверено SQL 2026-09-29,,ok: Document.createdAt datetime
Documents,vtiger_crmentity,modifiedtime,modifiedtime,Modified Time,70,datetime,нет,6880,215,215,Document,modifiedAt,"datetime → UTC по эпохам D-30 (Europe/Moscow до 2022-11, Europe/Berlin до 2026-06-12, далее UTC)",count+hash,перенос,реализовано (этап 03),проверено SQL 2026-09-29,,ok: Document.modifiedAt datetime
Documents,vtiger_crmentity,modifiedby,modifiedby,Last Modified By,52,int,нет,6880,215,215,Document,modifiedBy,user-map по vtiger_users.id,fk,перенос,реализовано (этап 03),проверено SQL 2026-09-29,,ok: Document.modifiedBy link
Documents,vtiger_crmentity,smcreatorid,created_user_id,Created By,53,int,нет,6880,215,215,Document,createdBy,user-map по vtiger_users.id,fk,перенос,реализовано (этап 03),проверено SQL 2026-09-29,,ok: Document.createdBy link
Documents,vtiger_crmentity,source,source,Source,1,varchar(100),нет,6308,215,215,—,—,исключено: технический канал создания записи Vtiger (CRM/WEBSERVICE),count,исключено: исключено: технический канал создания записи Vtiger (CRM/WEBSERVICE),предложено,проверено SQL 2026-09-29,3,—
Documents,vtiger_crmentity_user_field,starred,starred,starred,56,varchar(100),нет,5155,215,0,—,—,исключено: персональная «звёздочка» пользователя (истинных значений — единицы),count,исключено: исключено: персональная «звёздочка» пользователя (истинных значений — единицы),предложено,проверено SQL 2026-09-29,1,—
Documents,vtiger_notes,tags,tags,tags,1,varchar(1),нет,0,215,0,—,—,пусто в источнике (теги — vtiger_freetagged_objects),count,исключено: пусто в источнике (теги — vtiger_freetagged_objects),предложено,проверено SQL 2026-09-29,0,—
Documents,vtiger_notes,filelocationtype,filelocationtype,Download Type,27,varchar(5),нет,227,215,215,Document,(file|cExternalUrl),I→Attachment в file; E→cExternalUrl,count+distribution,перенос,реализовано (этап 03),проверено SQL 2026-09-29,1,ok: Document.file file; Document.cExternalUrl url(255)
Documents,vtiger_notes,filestatus,filestatus,Active,56,int,нет,227,215,214,Document,status,1→Active; 0→Draft,count+distribution,перенос,реализовано (этап 03),проверено SQL 2026-09-29,,ok: Document.status enum
Documents,vtiger_notes,filename,filename,File Name,28,varchar(200),нет,227,215,215,Document,file / cExternalUrl,Attachment (I) или URL (E),file-hash,перенос,реализовано (этап 03),проверено SQL 2026-09-29,109,ok: Document.file file; Document.cExternalUrl url(255)
Documents,vtiger_notes,filesize,filesize,File Size,1,int,нет,227,215,202,Document,file.size,производное от файла,file-hash,перенос,реализовано (этап 03),проверено SQL 2026-09-29,,ok: Document.file file
Documents,vtiger_notes,filetype,filetype,File Type,1,varchar(50),нет,202,215,202,Document,file.type,mime,count,перенос,реализовано (этап 03),проверено SQL 2026-09-29,50,ok: Document.file file
Documents,vtiger_notes,fileversion,fileversion,Version,1,varchar(50),нет,13,215,3,Document,vtigerData.fileversion,string,count,архив (только чтение),реализовано (этап 03),проверено SQL 2026-09-29,1,ok: Document.vtigerData jsonObject
Documents,vtiger_notes,filedownloadcount,filedownloadcount,Download Count,1,int,нет,39,215,38,Document,vtigerData.filedownloadcount,int,count+sum,архив (только чтение),реализовано (этап 03),проверено SQL 2026-09-29,,ok: Document.vtigerData jsonObject
Documents,vtiger_notes,notecontent,notecontent,Note,19,text,нет,14,215,4,Document,description,html,count+hash,перенос,реализовано (этап 03),проверено SQL 2026-09-29,39,ok: Document.description text
Documents,vtiger_notescf,cf_for_field,cf_for_field,Document Field,1,varchar(100),да,1,215,1,Document,vtigerData.cf_for_field,string; назначение не проверено,count,архив (только чтение),реализовано (этап 03),проверено SQL 2026-09-29,15,ok: Document.vtigerData jsonObject
Calendar,vtiger_activity,subject,subject,Subject,2,varchar(255),нет,366,34,34,Task,name,string,count+hash,перенос,реализовано (этап 03),проверено SQL 2026-09-29,56,ok: Task.name varchar(255)
Calendar,vtiger_crmentity,smownerid,assigned_user_id,Assigned To,53,int,нет,6880,34,34,Task,assignedUser / teams,owner-map: user→User; group→Team (assignedUser пуст),fk,перенос,реализовано (этап 03),проверено SQL 2026-09-29,,ok: Task.assignedUser link; Task.teams linkMultiple
Calendar,vtiger_activity,date_start,date_start,Start Date & Time,6,date,нет,364,34,34,Task,dateStart,date+time_start → datetime → UTC по эпохам D-30,count+hash,перенос,реализовано (этап 03),проверено SQL 2026-09-29,,ok: Task.dateStart datetimeOptional
Calendar,vtiger_activity,time_start,time_start,Time Start,2,varchar(50),нет,366,34,34,Task,dateStart (время),склейка с date_start,count+hash,перенос,реализовано (этап 03),проверено SQL 2026-09-29,8,ok: Task.dateStart datetimeOptional
Calendar,vtiger_activity,time_end,time_end,End Time,2,varchar(50),нет,150,34,0,—,—,нет данных,count,пусто — данных нет,предложено,проверено SQL 2026-09-29,0,—
Calendar,vtiger_activity,due_date,due_date,Due Date,23,date,нет,184,34,34,Task,dateEnd,date (срок задачи),count+hash,перенос,реализовано (этап 03),проверено SQL 2026-09-29,,ok: Task.dateEnd datetimeOptional
Calendar,vtiger_activity,recurringtype,recurringtype,Recurrence,16,varchar(200),нет,52,34,0,—,—,пусто,count,исключено: пусто,предложено,проверено SQL 2026-09-29,0,—
Calendar,vtiger_seactivityrel,crmid,parent_id,Related To,66,int,нет,260,32,32,Task,parent,fk из vtiger_seactivityrel,fk,перенос,реализовано (этап 03),проверено SQL 2026-09-29,,ok: Task.parent linkParent
Calendar,vtiger_cntactivityrel,contactid,contact_id,Contact Name,57,int,нет,6,0,0,Task,contact,fk из vtiger_cntactivityrel,fk,пусто — данных нет,предложено,проверено SQL 2026-09-29,,—
Calendar,vtiger_activity,status,taskstatus,Status,15,varchar(200),нет,34,34,34,Task,status,"enum: словарь metadata/vtigerValueMap/Task.json (D-19; утверждён владельцем 2026-09-30, Q-32) (In Progress → Started)",count+distribution,перенос,реализовано (этап 03),проверено SQL 2026-09-29,11,ok: Task.status enum
Calendar,vtiger_activity,eventstatus,eventstatus,Status,15,varchar(200),нет,152,34,0,—,—,не используется для задач,count,исключено: не используется для задач,предложено,проверено SQL 2026-09-29,0,—
Calendar,vtiger_activity,priority,taskpriority,Priority,15,varchar(200),нет,9,34,8,Task,priority,"enum: словарь metadata/vtigerValueMap/Task.json (D-19; утверждён владельцем 2026-09-30, Q-32) (Medium → Normal; пусто остаётся пустым)",count+distribution,перенос,реализовано (этап 03),проверено SQL 2026-09-29,6,ok: Task.priority enum
Calendar,vtiger_activity,sendnotification,sendnotification,Send Notification,56,varchar(3),нет,366,34,0,—,—,исключено: флаг уведомления (все 0),count,исключено: исключено: флаг уведомления (все 0),предложено,проверено SQL 2026-09-29,1,—
Calendar,vtiger_crmentity,createdtime,createdtime,Created Time,70,datetime,нет,6880,34,34,Task,createdAt,"datetime → UTC по эпохам D-30 (Europe/Moscow до 2022-11, Europe/Berlin до 2026-06-12, далее UTC)",count+hash,перенос,реализовано (этап 03),проверено SQL 2026-09-29,,ok: Task.createdAt datetime
Calendar,vtiger_crmentity,modifiedtime,modifiedtime,Modified Time,70,datetime,нет,6880,34,34,Task,modifiedAt,"datetime → UTC по эпохам D-30 (Europe/Moscow до 2022-11, Europe/Berlin до 2026-06-12, далее UTC)",count+hash,перенос,реализовано (этап 03),проверено SQL 2026-09-29,,ok: Task.modifiedAt datetime
Calendar,vtiger_activity,activitytype,activitytype,Activity Type,15,varchar(200),нет,366,34,34,—,—,служебное: Task,count,исключено: служебное: Task,предложено,проверено SQL 2026-09-29,4,—
Calendar,vtiger_activity,visibility,visibility,Visibility,16,varchar(50),нет,366,34,34,—,—,исключено: все Private (ACL задаётся владельцем),count,исключено: исключено: все Private (ACL задаётся владельцем),решено,проверено SQL 2026-09-29,7,—
Calendar,vtiger_activity,duration_hours,duration_hours,Duration,63,varchar(200),нет,186,34,34,—,—,вычисляется из dateStart/dateEnd,count,исключено: вычисляется из dateStart/dateEnd,предложено,проверено SQL 2026-09-29,2,—
Calendar,vtiger_activity,duration_minutes,duration_minutes,Duration Minutes,16,varchar(200),нет,186,34,34,—,—,вычисляется,count,исключено: вычисляется,предложено,проверено SQL 2026-09-29,2,—
Calendar,vtiger_activity,location,location,Location,1,varchar(150),нет,5,34,0,—,—,нет данных,count,пусто — данных нет,предложено,проверено SQL 2026-09-29,0,—
Calendar,vtiger_activity,notime,notime,No Time,56,varchar(3),нет,366,34,0,—,—,исключено: все 0,count,исключено: исключено: все 0,предложено,проверено SQL 2026-09-29,1,—
Calendar,vtiger_crmentity,modifiedby,modifiedby,Last Modified By,52,int,нет,6880,34,34,Task,modifiedBy,user-map по vtiger_users.id,fk,перенос,реализовано (этап 03),проверено SQL 2026-09-29,,ok: Task.modifiedBy link
Calendar,vtiger_crmentity,smcreatorid,created_user_id,Created By,53,int,нет,6880,34,34,Task,createdBy,user-map по vtiger_users.id,fk,перенос,реализовано (этап 03),проверено SQL 2026-09-29,,ok: Task.createdBy link
Calendar,vtiger_crmentity,source,source,Source,1,varchar(100),нет,6308,34,34,—,—,исключено: технический канал создания записи Vtiger (CRM/WEBSERVICE),count,исключено: исключено: технический канал создания записи Vtiger (CRM/WEBSERVICE),предложено,проверено SQL 2026-09-29,3,—
Calendar,vtiger_crmentity_user_field,starred,starred,starred,56,varchar(100),нет,5155,34,0,—,—,исключено: персональная «звёздочка» пользователя (истинных значений — единицы),count,исключено: исключено: персональная «звёздочка» пользователя (истинных значений — единицы),предложено,проверено SQL 2026-09-29,1,—
Calendar,vtiger_activity,tags,tags,tags,1,varchar(1),нет,0,34,0,—,—,пусто в источнике (теги — vtiger_freetagged_objects),count,исключено: пусто в источнике (теги — vtiger_freetagged_objects),предложено,проверено SQL 2026-09-29,0,—
Calendar,vtiger_crmentity,description,description,Description,19,mediumtext,нет,1365,34,16,Task,description,text as-is,count+hash,перенос,реализовано (этап 03),проверено SQL 2026-09-29,602,ok: Task.description text
Calendar,vtiger_activity_reminder,reminder_time,reminder_time,Send Reminder,30,int,нет,64,24,0,Task,reminders,минуты → reminders (popup),count,пусто — данных нет,предложено,проверено SQL 2026-09-29,,—
Calendar,vtiger_activity,popup_reminder_date,popup_reminder_date,Popup Reminder Date,666,date,нет,0,34,0,—,—,нет данных,count,пусто — данных нет,предложено,проверено SQL 2026-09-29,,—
Calendar,vtiger_activity,popup_reminder_time,popup_reminder_time,Popup Reminder Time,2,time,нет,86,34,34,—,—,исключено: служебное,count,исключено: исключено: служебное,предложено,проверено SQL 2026-09-29,,—
Emails,vtiger_activity,date_start,date_start,Start Date,6,date,нет,364,29,29,Email,dateSent,date+time_start → UTC по эпохам D-30,count+hash,перенос,реализовано (этап 03),проверено SQL 2026-09-29,,ok: Email.dateSent datetime
Emails,vtiger_emaildetails,from_email,from_email,From,12,varchar(50),нет,180,29,29,Email,fromString / from,email,count+hash,перенос,реализовано (этап 03),проверено SQL 2026-09-29,21,ok: Email.fromString varchar(255); Email.from varchar(255)
Emails,vtiger_activity,semodule,parent_type,Sales Enity Module,2,varchar(20),нет,2,29,2,Email,vtigerData.parent_type,string,count,архив (только чтение),реализовано (этап 03),проверено SQL 2026-09-29,8,ok: Email.vtigerData jsonObject
Emails,vtiger_emaildetails,to_email,saved_toid,To,8,text,нет,180,29,29,Email,to,список адресов (JSON/строка),count+hash,перенос,реализовано (этап 03),проверено SQL 2026-09-29,20,ok: Email.to varchar(255)
Emails,vtiger_activity,activitytype,activitytype,Activity Type,2,varchar(200),нет,366,29,29,—,—,служебное: Emails,count,исключено: служебное: Emails,предложено,проверено SQL 2026-09-29,6,—
Emails,vtiger_emaildetails,cc_email,ccmail,CC,8,text,нет,180,29,29,Email,cc,JSON-список → адреса,count+hash,перенос,реализовано (этап 03),проверено SQL 2026-09-29,4,ok: Email.cc varchar(255)
Emails,vtiger_emaildetails,bcc_email,bccmail,BCC,8,text,нет,180,29,29,Email,bcc,JSON-список → адреса,count+hash,перенос,реализовано (этап 03),проверено SQL 2026-09-29,4,ok: Email.bcc varchar(255)
Emails,vtiger_crmentity,smownerid,assigned_user_id,Assigned To,53,int,нет,6880,29,29,Email,assignedUser / teams,owner-map: user→User; group→Team (assignedUser пуст),fk,перенос,реализовано (этап 03),проверено SQL 2026-09-29,,ok: Email.assignedUser link; Email.teams linkMultiple
Emails,vtiger_emaildetails,idlists,parent_id,Parent ID,357,text,нет,180,29,29,Email,parent,формат 'crmid@fieldid|…' → первая ссылка + связи,fk,перенос,реализовано (этап 03),проверено SQL 2026-09-29,8,ok: Email.parent linkParent
Emails,vtiger_email_track,access_count,access_count,Access Count,25,int,нет,174,23,0,Email,vtigerData.access_count,int (трекинг открытий),count+sum,пусто — данных нет,предложено,проверено SQL 2026-09-29,,—
Emails,vtiger_emaildetails,email_flag,email_flag,Email Flag,16,varchar(50),нет,180,29,29,Email,status,SENT→Sent; MailManager→Archived,count+distribution,перенос,реализовано (этап 03),проверено SQL 2026-09-29,11,ok: Email.status enum
Emails,vtiger_crmentity,modifiedtime,modifiedtime,Modified Time,70,datetime,нет,6880,29,29,Email,modifiedAt,"datetime → UTC по эпохам D-30 (Europe/Moscow до 2022-11, Europe/Berlin до 2026-06-12, далее UTC)",count+hash,перенос,реализовано (этап 03),проверено SQL 2026-09-29,,ok: Email.modifiedAt datetime
Emails,vtiger_crmentity,modifiedby,modifiedby,Last Modified By,52,int,нет,6880,29,29,Email,modifiedBy,user-map по vtiger_users.id,fk,перенос,реализовано (этап 03),проверено SQL 2026-09-29,,ok: Email.modifiedBy link
Emails,vtiger_crmentity,source,source,Source,1,varchar(100),нет,6308,29,29,—,—,исключено: технический канал создания записи Vtiger (CRM/WEBSERVICE),count,исключено: исключено: технический канал создания записи Vtiger (CRM/WEBSERVICE),предложено,проверено SQL 2026-09-29,3,—
Emails,vtiger_email_track,click_count,click_count,Click Count,25,int,нет,174,23,0,Email,vtigerData.click_count,int,count+sum,пусто — данных нет,предложено,проверено SQL 2026-09-29,,—
Emails,vtiger_crmentity_user_field,starred,starred,starred,56,varchar(100),нет,5155,29,0,—,—,исключено: персональная «звёздочка» пользователя (истинных значений — единицы),count,исключено: исключено: персональная «звёздочка» пользователя (истинных значений — единицы),предложено,проверено SQL 2026-09-29,1,—
Emails,vtiger_activity,tags,tags,tags,1,varchar(1),нет,0,29,0,—,—,пусто в источнике (теги — vtiger_freetagged_objects),count,исключено: пусто в источнике (теги — vtiger_freetagged_objects),предложено,проверено SQL 2026-09-29,0,—
Emails,vtiger_crmentity,createdtime,createdtime,Created Time,70,datetime,нет,6880,29,29,Email,createdAt,"datetime → UTC по эпохам D-30 (Europe/Moscow до 2022-11, Europe/Berlin до 2026-06-12, далее UTC)",count+hash,перенос,реализовано (этап 03),проверено SQL 2026-09-29,,ok: Email.createdAt datetime
Emails,vtiger_activity,subject,subject,Subject,2,varchar(255),нет,366,29,29,Email,name,string,count+hash,перенос,реализовано (этап 03),проверено SQL 2026-09-29,86,ok: Email.name varchar(255)
Emails,vtiger_attachments,name,filename,Attachment,61,varchar(255),нет,572,1,1,Email,attachments,attachment,file-hash,перенос,реализовано (этап 03),проверено SQL 2026-09-29,45,ok: Email.attachments attachmentMultiple
Emails,vtiger_activity,time_start,time_start,Time Start,2,varchar(50),нет,366,29,29,Email,dateSent (время),склейка,count+hash,перенос,реализовано (этап 03),проверено SQL 2026-09-29,8,ok: Email.dateSent datetime
Emails,vtiger_crmentity,description,description,Description,19,mediumtext,нет,1365,29,29,Email,body,html,count+hash,перенос,реализовано (этап 03),проверено SQL 2026-09-29,13054,ok: Email.body wysiwyg
HelpDesk,vtiger_troubletickets,title,ticket_title,Title,22,varchar(255),нет,59,45,45,Case,name,string,count+hash,перенос,реализовано (этап 03),проверено SQL 2026-09-29,52,ok: Case.name varchar(255)
HelpDesk,vtiger_troubletickets,parent_id,parent_id,Related To,10,varchar(100),нет,59,45,45,Case,account,fk,fk,перенос,реализовано (этап 03),проверено SQL 2026-09-29,4,ok: Case.account link
HelpDesk,vtiger_troubletickets,contact_id,contact_id,Contact Name,10,int,нет,59,45,7,Case,contact,fk,fk,перенос,реализовано (этап 03),проверено SQL 2026-09-29,,ok: Case.contact link
HelpDesk,vtiger_crmentity,smownerid,assigned_user_id,Assigned To,53,int,нет,6880,45,45,Case,assignedUser / teams,owner-map: user→User; group→Team (assignedUser пуст),fk,перенос,реализовано (этап 03),проверено SQL 2026-09-29,,ok: Case.assignedUser link; Case.teams linkMultiple
HelpDesk,vtiger_troubletickets,product_id,product_id,Product Name,59,varchar(100),нет,59,45,45,Case,vtigerData.product_id,fk (пусто),fk,архив (только чтение),реализовано (этап 03),проверено SQL 2026-09-29,1,ok: Case.vtigerData jsonObject
HelpDesk,vtiger_troubletickets,priority,ticketpriorities,Priority,15,varchar(200),нет,59,45,45,Case,priority,"enum: словарь metadata/vtigerValueMap/Case.json (D-19; утверждён владельцем 2026-09-30, Q-32) (Высокий → High)",count+distribution,перенос,реализовано (этап 03),проверено SQL 2026-09-29,7,ok: Case.priority enum
HelpDesk,vtiger_troubletickets,status,ticketstatus,Status,15,varchar(200),нет,59,45,45,Case,status,"enum: словарь metadata/vtigerValueMap/Case.json (D-19; утверждён владельцем 2026-09-30, Q-32) (Open→New, In Progress→Assigned, Wait For Response→Pending; подписи — как в Vtiger)",count+distribution,перенос,реализовано (этап 03),проверено SQL 2026-09-29,17,ok: Case.status enum
HelpDesk,vtiger_troubletickets,severity,ticketseverities,Severity,15,varchar(200),нет,40,45,28,Case,cSeverity,"enum: словарь metadata/vtigerValueMap/Case.json (D-19; утверждён владельцем 2026-09-30, Q-32) (Незначительная → Minor)",count+distribution,перенос,реализовано (этап 03),проверено SQL 2026-09-29,14,ok: Case.cSeverity enum
HelpDesk,vtiger_troubletickets,hours,hours,Hours,1,"decimal(25,8)",нет,59,45,18,Case,vtigerData.hours,decimal (0 = пусто),count+sum,архив (только чтение),реализовано (этап 03),проверено SQL 2026-09-29,,ok: Case.vtigerData jsonObject
HelpDesk,vtiger_crmentity,createdtime,createdtime,Created Time,70,datetime,нет,6880,45,45,Case,createdAt,"datetime → UTC по эпохам D-30 (Europe/Moscow до 2022-11, Europe/Berlin до 2026-06-12, далее UTC)",count+hash,перенос,реализовано (этап 03),проверено SQL 2026-09-29,,ok: Case.createdAt datetime
HelpDesk,vtiger_troubletickets,category,ticketcategories,Category,15,varchar(200),нет,40,45,28,Case,type,"enum: словарь metadata/vtigerValueMap/Case.json (D-19; утверждён владельцем 2026-09-30, Q-32)",count+distribution,перенос,реализовано (этап 03),проверено SQL 2026-09-29,15,ok: Case.type enum
HelpDesk,vtiger_troubletickets,days,days,Days,1,"decimal(25,8)",нет,59,45,1,Case,vtigerData.days,decimal (0 = пусто),count+sum,архив (только чтение),реализовано (этап 03),проверено SQL 2026-09-29,,ok: Case.vtigerData jsonObject
HelpDesk,vtiger_troubletickets,update_log,update_log,Update History,19,text,нет,0,45,0,—,—,нет данных,count,пусто — данных нет,предложено,проверено SQL 2026-09-29,,—
HelpDesk,vtiger_crmentity,modifiedtime,modifiedtime,Modified Time,70,datetime,нет,6880,45,45,Case,modifiedAt,"datetime → UTC по эпохам D-30 (Europe/Moscow до 2022-11, Europe/Berlin до 2026-06-12, далее UTC)",count+hash,перенос,реализовано (этап 03),проверено SQL 2026-09-29,,ok: Case.modifiedAt datetime
HelpDesk,vtiger_troubletickets,ticket_no,ticket_no,Ticket No,4,varchar(100),нет,59,45,45,Case,vtigerNo,string (ЗАЯВКА_N),count+hash,перенос,реализовано (этап 03),проверено SQL 2026-09-29,9,ok: Case.vtigerNo varchar(100)
HelpDesk,vtiger_ticketcf,from_portal,from_portal,From Portal,56,varchar(3),нет,59,45,0,—,—,исключено: все 0 (портал не используется),count,исключено: исключено: все 0 (портал не используется),предложено,проверено SQL 2026-09-29,1,—
HelpDesk,vtiger_crmentity,modifiedby,modifiedby,Last Modified By,52,int,нет,6880,45,45,Case,modifiedBy,user-map по vtiger_users.id,fk,перенос,реализовано (этап 03),проверено SQL 2026-09-29,,ok: Case.modifiedBy link
HelpDesk,vtiger_crmentity,smcreatorid,created_user_id,Created By,53,int,нет,6880,45,45,Case,createdBy,user-map по vtiger_users.id,fk,перенос,реализовано (этап 03),проверено SQL 2026-09-29,,ok: Case.createdBy link
HelpDesk,vtiger_crmentity,source,source,Source,1,varchar(100),нет,6308,45,45,—,—,исключено: технический канал создания записи Vtiger (CRM/WEBSERVICE),count,исключено: исключено: технический канал создания записи Vtiger (CRM/WEBSERVICE),предложено,проверено SQL 2026-09-29,6,—
HelpDesk,vtiger_crmentity_user_field,starred,starred,starred,56,varchar(100),нет,5155,45,0,—,—,исключено: персональная «звёздочка» пользователя (истинных значений — единицы),count,исключено: исключено: персональная «звёздочка» пользователя (истинных значений — единицы),предложено,проверено SQL 2026-09-29,1,—
HelpDesk,vtiger_troubletickets,tags,tags,tags,1,varchar(1),нет,0,45,0,—,—,пусто в источнике (теги — vtiger_freetagged_objects),count,исключено: пусто в источнике (теги — vtiger_freetagged_objects),предложено,проверено SQL 2026-09-29,0,—
HelpDesk,vtiger_crmentity,description,description,Description,19,mediumtext,нет,1365,45,35,Case,description,text as-is,count+hash,перенос,реализовано (этап 03),проверено SQL 2026-09-29,2570,ok: Case.description text
HelpDesk,vtiger_troubletickets,solution,solution,Solution,19,text,нет,23,45,22,Case,cSolution,text,count+hash,перенос,реализовано (этап 03),проверено SQL 2026-09-29,535,ok: Case.cSolution text
HelpDesk,vtiger_ticketcomments,comments,comments,Add Comment,19,text,нет,0,0,0,—,—,нет данных,count,пусто — данных нет,предложено,проверено SQL 2026-09-29,,—
Products,vtiger_products,productname,productname,Product Name,2,varchar(100),нет,3,3,3,Product (собственная),name,string,count+hash,перенос,реализовано (этап 03),проверено SQL 2026-09-29,20,ok: Product.name varchar(100)
Products,vtiger_products,product_no,product_no,Product No,4,varchar(100),нет,3,3,3,Product (собственная),vtigerNo,string (ТОВ_N),count+hash,перенос,реализовано (этап 03),проверено SQL 2026-09-29,5,ok: Product.vtigerNo varchar(100)
Products,vtiger_products,discontinued,discontinued,Product Active,56,int,нет,3,3,3,Product (собственная),isActive,в Vtiger discontinued=1 означает «активен»,count,перенос,реализовано (этап 03),проверено SQL 2026-09-29,,ok: Product.isActive bool
Products,vtiger_products,productcode,productcode,Part Number,1,varchar(40),нет,3,3,3,Product (собственная),code,string,count+hash,перенос,реализовано (этап 03),проверено SQL 2026-09-29,4,ok: Product.code varchar(40)
Products,vtiger_products,sales_start_date,sales_start_date,Sales Start Date,5,date,нет,0,3,0,—,—,нет данных,count,пусто — данных нет,предложено,проверено SQL 2026-09-29,,—
Products,vtiger_products,manufacturer,manufacturer,Manufacturer,15,varchar(200),нет,0,3,0,—,—,нет данных,count,пусто — данных нет,предложено,проверено SQL 2026-09-29,0,—
Products,vtiger_products,productcategory,productcategory,Product Category,15,varchar(200),нет,0,3,0,—,—,нет данных,count,пусто — данных нет,предложено,проверено SQL 2026-09-29,0,—
Products,vtiger_products,start_date,start_date,Support Start Date,5,date,нет,0,3,0,—,—,нет данных,count,пусто — данных нет,предложено,проверено SQL 2026-09-29,,—
Products,vtiger_products,sales_end_date,sales_end_date,Sales End Date,5,date,нет,0,3,0,—,—,нет данных,count,пусто — данных нет,предложено,проверено SQL 2026-09-29,,—
Products,vtiger_products,expiry_date,expiry_date,Support Expiry Date,5,date,нет,0,3,0,—,—,нет данных,count,пусто — данных нет,предложено,проверено SQL 2026-09-29,,—
Products,vtiger_products,vendor_id,vendor_id,Vendor Name,75,int,нет,3,3,0,Product (собственная),vendor,fk Vendor (в источнике пусто),fk,пусто — данных нет,предложено,проверено SQL 2026-09-29,,—
Products,vtiger_products,website,website,Website,17,varchar(100),нет,0,3,0,—,—,нет данных,count,пусто — данных нет,предложено,проверено SQL 2026-09-29,0,—
Products,vtiger_products,vendor_part_no,vendor_part_no,Vendor PartNo,1,varchar(200),нет,0,3,0,—,—,нет данных,count,пусто — данных нет,предложено,проверено SQL 2026-09-29,0,—
Products,vtiger_products,mfr_part_no,mfr_part_no,Mfr PartNo,1,varchar(200),нет,0,3,0,—,—,нет данных,count,пусто — данных нет,предложено,проверено SQL 2026-09-29,0,—
Products,vtiger_products,productsheet,productsheet,Product Sheet,1,varchar(200),нет,0,3,0,—,—,нет данных,count,пусто — данных нет,предложено,проверено SQL 2026-09-29,0,—
Products,vtiger_products,serialno,serial_no,Serial No,1,varchar(200),нет,0,3,0,—,—,нет данных,count,пусто — данных нет,предложено,проверено SQL 2026-09-29,0,—
Products,vtiger_crmentity,createdtime,createdtime,Created Time,70,datetime,нет,6880,3,3,Product (собственная),createdAt,"datetime → UTC по эпохам D-30 (Europe/Moscow до 2022-11, Europe/Berlin до 2026-06-12, далее UTC)",count+hash,перенос,реализовано (этап 03),проверено SQL 2026-09-29,,ok: Product.createdAt datetime
Products,vtiger_products,glacct,glacct,GL Account,15,varchar(200),нет,0,3,0,—,—,нет данных,count,пусто — данных нет,предложено,проверено SQL 2026-09-29,0,—
Products,vtiger_crmentity,modifiedtime,modifiedtime,Modified Time,70,datetime,нет,6880,3,3,Product (собственная),modifiedAt,"datetime → UTC по эпохам D-30 (Europe/Moscow до 2022-11, Europe/Berlin до 2026-06-12, далее UTC)",count+hash,перенос,реализовано (этап 03),проверено SQL 2026-09-29,,ok: Product.modifiedAt datetime
Products,vtiger_crmentity,modifiedby,modifiedby,Last Modified By,52,int,нет,6880,3,3,Product (собственная),modifiedBy,user-map по vtiger_users.id,fk,перенос,реализовано (этап 03),проверено SQL 2026-09-29,,ok: Product.modifiedBy link
Products,vtiger_products,manuf_country,manuf_country,Manuf. Country,1,varchar(100),нет,0,3,0,—,—,нет данных,count,пусто — данных нет,предложено,проверено SQL 2026-09-29,0,—
Products,vtiger_products,customs_id,customs_id,Customs ID,1,varchar(100),нет,0,3,0,—,—,нет данных,count,пусто — данных нет,предложено,проверено SQL 2026-09-29,0,—
Products,vtiger_products,manuf_country_code,manuf_country_code,Mf. Country Code,1,varchar(100),нет,0,3,0,—,—,нет данных,count,пусто — данных нет,предложено,проверено SQL 2026-09-29,0,—
Products,vtiger_products,one_s_id,one_s_id,1C ID,1,varchar(255),нет,0,3,0,—,—,нет данных,count,пусто — данных нет,предложено,проверено SQL 2026-09-29,,—
Products,vtiger_crmentity,smcreatorid,created_user_id,Created By,53,int,нет,6880,3,3,Product (собственная),createdBy,user-map по vtiger_users.id,fk,перенос,реализовано (этап 03),проверено SQL 2026-09-29,,ok: Product.createdBy link
Products,vtiger_crmentity,source,source,Source,1,varchar(100),нет,6308,3,3,—,—,исключено: технический канал создания записи Vtiger (CRM/WEBSERVICE),count,исключено: исключено: технический канал создания записи Vtiger (CRM/WEBSERVICE),предложено,проверено SQL 2026-09-29,3,—
Products,vtiger_crmentity_user_field,starred,starred,starred,56,varchar(100),нет,5155,3,0,—,—,исключено: персональная «звёздочка» пользователя (истинных значений — единицы),count,исключено: исключено: персональная «звёздочка» пользователя (истинных значений — единицы),предложено,проверено SQL 2026-09-29,1,—
Products,vtiger_products,tags,tags,tags,1,varchar(1),нет,0,3,0,—,—,пусто в источнике (теги — vtiger_freetagged_objects),count,исключено: пусто в источнике (теги — vtiger_freetagged_objects),предложено,проверено SQL 2026-09-29,0,—
Products,vtiger_products,sp_product_international_code,sp_product_international_code,International code,1,varchar(255),нет,0,3,0,—,—,нет данных,count,пусто — данных нет,предложено,проверено SQL 2026-09-29,0,—
Products,vtiger_products,unit_price,unit_price,Unit Price,72,"decimal(25,8)",нет,3,3,3,Product (собственная),unitPrice,decimal,count+sum,перенос,реализовано (этап 03),проверено SQL 2026-09-29,,"ok: Product.unitPrice currency decimal(25,8)"
Products,vtiger_products,commissionrate,commissionrate,Commission Rate,9,"decimal(7,3)",нет,3,3,0,Product (собственная),vtigerData.commissionrate,decimal,count+sum,пусто — данных нет,предложено,проверено SQL 2026-09-29,,—
Products,vtiger_products,taxclass,taxclass,Taxes,83,varchar(200),нет,0,3,0,—,—,нет данных,count,пусто — данных нет,предложено,проверено SQL 2026-09-29,0,—
Products,vtiger_products,purchase_cost,purchase_cost,Purchase Cost,71,"decimal(27,8)",нет,3,3,0,Product (собственная),purchaseCost,decimal,count+sum,пусто — данных нет,предложено,проверено SQL 2026-09-29,,—
Products,vtiger_products,usageunit,usageunit,Usage Unit,15,varchar(200),нет,3,3,3,Product (собственная),unit,"enum: словарь metadata/vtigerValueMap/Product.json (D-19; утверждён владельцем 2026-09-30, Q-32) (единицы товаров и услуг — один список)",count+distribution,перенос,реализовано (этап 03),проверено SQL 2026-09-29,4,ok: Product.unit enum
Products,vtiger_products,qty_per_unit,qty_per_unit,Qty/Unit,1,"decimal(11,2)",нет,3,3,0,Product (собственная),vtigerData.qty_per_unit,decimal,count+sum,пусто — данных нет,предложено,проверено SQL 2026-09-29,,—
Products,vtiger_products,qtyinstock,qtyinstock,Qty In Stock,1,"decimal(25,3)",нет,3,3,1,Product (собственная),vtigerData.qtyinstock,decimal (складской учёт не ведётся),count+sum,архив (только чтение),реализовано (этап 03),проверено SQL 2026-09-29,,ok: Product.vtigerData jsonObject
Products,vtiger_products,reorderlevel,reorderlevel,Reorder Level,1,int,нет,3,3,0,—,—,нет данных,count,пусто — данных нет,предложено,проверено SQL 2026-09-29,,—
Products,vtiger_crmentity,smownerid,assigned_user_id,Handler,53,int,нет,6880,3,3,Product (собственная),assignedUser / teams,owner-map: user→User; group→Team (assignedUser пуст),fk,перенос,реализовано (этап 03),проверено SQL 2026-09-29,,ok: Product.assignedUser link; Product.teams linkMultiple
Products,vtiger_products,qtyindemand,qtyindemand,Qty In Demand,1,int,нет,3,3,0,—,—,нет данных,count,пусто — данных нет,предложено,проверено SQL 2026-09-29,,—
Products,vtiger_products,unit_code,unit_code,Unit Code,1,varchar(100),нет,0,3,0,—,—,нет данных,count,пусто — данных нет,предложено,проверено SQL 2026-09-29,0,—
Products,vtiger_products,imagename,imagename,Product Image,69,text,нет,0,3,0,—,—,нет данных,count,пусто — данных нет,предложено,проверено SQL 2026-09-29,0,—
Products,vtiger_crmentity,description,description,Description,19,mediumtext,нет,1365,3,0,Product (собственная),description,text as-is,count+hash,пусто — данных нет,предложено,проверено SQL 2026-09-29,0,—
Faq,vtiger_faq,product_id,product_id,Product Name,59,varchar(100),нет,63,63,63,KnowledgeBaseArticle,vtigerData.product_id,fk (пусто),fk,архив (только чтение),реализовано (этап 03),проверено SQL 2026-09-29,1,ok: KnowledgeBaseArticle.vtigerData jsonObject
Faq,vtiger_faq,faq_no,faq_no,Faq No,4,varchar(100),нет,63,63,63,KnowledgeBaseArticle,vtigerNo,string (БЗ_N),count+hash,перенос,реализовано (этап 03),проверено SQL 2026-09-29,5,ok: KnowledgeBaseArticle.vtigerNo varchar(100)
Faq,vtiger_faq,status,faqstatus,Status,15,varchar(200),нет,63,63,63,KnowledgeBaseArticle,status,"enum: словарь metadata/vtigerValueMap/KnowledgeBaseArticle.json (D-19; утверждён владельцем 2026-09-30, Q-32) (Reviewed→In Review, Obsolete→Archived)",count+distribution,перенос,реализовано (этап 03),проверено SQL 2026-09-29,9,ok: KnowledgeBaseArticle.status enum
Faq,vtiger_faq,category,faqcategories,Category,15,varchar(200),нет,61,63,61,KnowledgeBaseArticle,categories,запись KnowledgeBaseCategory «Общее» (General),count+distribution,перенос,реализовано (этап 03),проверено SQL 2026-09-29,7,ok: KnowledgeBaseArticle.categories linkMultiple
Faq,vtiger_crmentity,createdtime,createdtime,Created Time,70,datetime,нет,6880,63,63,KnowledgeBaseArticle,createdAt,"datetime → UTC по эпохам D-30 (Europe/Moscow до 2022-11, Europe/Berlin до 2026-06-12, далее UTC)",count+hash,перенос,реализовано (этап 03),проверено SQL 2026-09-29,,ok: KnowledgeBaseArticle.createdAt datetime
Faq,vtiger_crmentity,modifiedtime,modifiedtime,Modified Time,70,datetime,нет,6880,63,63,KnowledgeBaseArticle,modifiedAt,"datetime → UTC по эпохам D-30 (Europe/Moscow до 2022-11, Europe/Berlin до 2026-06-12, далее UTC)",count+hash,перенос,реализовано (этап 03),проверено SQL 2026-09-29,,ok: KnowledgeBaseArticle.modifiedAt datetime
Faq,vtiger_faq,question,question,Question,20,text,нет,63,63,63,KnowledgeBaseArticle,name,"text → varchar(500): максимум 375 символов в живых записях, без обрезки (проверено 2026-09-30)",count+hash,перенос,реализовано (этап 03),проверено SQL 2026-09-29,375,ok: KnowledgeBaseArticle.name varchar(500)
Faq,vtiger_crmentity,modifiedby,modifiedby,Last Modified By,52,int,нет,6880,63,63,KnowledgeBaseArticle,modifiedBy,user-map по vtiger_users.id,fk,перенос,реализовано (этап 03),проверено SQL 2026-09-29,,ok: KnowledgeBaseArticle.modifiedBy link
Faq,vtiger_faq,answer,faq_answer,Answer,20,text,нет,63,63,63,KnowledgeBaseArticle,body,html,count+hash,перенос,реализовано (этап 03),проверено SQL 2026-09-29,2737,ok: KnowledgeBaseArticle.body wysiwyg
Faq,vtiger_crmentity,smcreatorid,created_user_id,Created By,53,int,нет,6880,63,63,KnowledgeBaseArticle,createdBy,user-map по vtiger_users.id,fk,перенос,реализовано (этап 03),проверено SQL 2026-09-29,,ok: KnowledgeBaseArticle.createdBy link
Faq,vtiger_crmentity,source,source,Source,1,varchar(100),нет,6308,63,63,—,—,исключено: технический канал создания записи Vtiger (CRM/WEBSERVICE),count,исключено: исключено: технический канал создания записи Vtiger (CRM/WEBSERVICE),предложено,проверено SQL 2026-09-29,3,—
Faq,vtiger_crmentity_user_field,starred,starred,starred,56,varchar(100),нет,5155,63,3,—,—,исключено: персональная «звёздочка» пользователя (истинных значений — единицы),count,исключено: исключено: персональная «звёздочка» пользователя (истинных значений — единицы),предложено,проверено SQL 2026-09-29,1,—
Faq,vtiger_faq,tags,tags,tags,1,varchar(1),нет,0,63,0,—,—,пусто в источнике (теги — vtiger_freetagged_objects),count,исключено: пусто в источнике (теги — vtiger_freetagged_objects),предложено,проверено SQL 2026-09-29,0,—
Faq,vtiger_faqcomments,comments,comments,Add Comment,19,text,нет,0,0,0,—,—,нет данных,count,пусто — данных нет,предложено,проверено SQL 2026-09-29,,—
Events,vtiger_activity,subject,subject,Subject,2,varchar(255),нет,366,52,52,Call/Meeting/Task (вид «Письмо») по activitytype,name,string,count+hash,перенос,реализовано (этап 03),проверено SQL 2026-09-29,68,ok: Call.name varchar(255); Meeting.name varchar(255); Task.name varchar(255)
Events,vtiger_crmentity,smownerid,assigned_user_id,Assigned To,53,int,нет,6880,52,52,Call/Meeting/Task (вид «Письмо») по activitytype,assignedUser / teams,owner-map: user→User; group→Team (assignedUser пуст),fk,перенос,реализовано (этап 03),проверено SQL 2026-09-29,,ok: Call.assignedUser link; Meeting.assignedUser link; Task.assignedUser link; Call.teams linkMultiple; Meeting.teams linkMultiple; Task.teams linkMultiple
Events,vtiger_activity,date_start,date_start,Start Date & Time,6,date,нет,364,52,50,Call/Meeting/Task (вид «Письмо») по activitytype,dateStart,date+time_start → datetime → UTC по эпохам D-30,count+hash,перенос,реализовано (этап 03),проверено SQL 2026-09-29,,ok: Call.dateStart datetime; Meeting.dateStart datetimeOptional; Task.dateStart datetimeOptional
Events,vtiger_activity,time_start,time_start,Time Start,2,varchar(50),нет,366,52,52,Call/Meeting/Task (вид «Письмо») по activitytype,dateStart (время),склейка,count+hash,перенос,реализовано (этап 03),проверено SQL 2026-09-29,8,ok: Call.dateStart datetime; Meeting.dateStart datetimeOptional; Task.dateStart datetimeOptional
Events,vtiger_activity,due_date,due_date,End Date,23,date,нет,184,52,50,Call/Meeting/Task (вид «Письмо») по activitytype,dateEnd,date+time_end → datetime → UTC по эпохам D-30,count+hash,перенос,реализовано (этап 03),проверено SQL 2026-09-29,,ok: Call.dateEnd datetime; Meeting.dateEnd datetimeOptional; Task.dateEnd datetimeOptional
Events,vtiger_activity,time_end,time_end,End Time,2,varchar(50),нет,150,52,50,Call/Meeting/Task (вид «Письмо») по activitytype,dateEnd (время),склейка,count+hash,перенос,реализовано (этап 03),проверено SQL 2026-09-29,8,ok: Call.dateEnd datetime; Meeting.dateEnd datetimeOptional; Task.dateEnd datetimeOptional
Events,vtiger_activity,duration_hours,duration_hours,Duration,63,varchar(200),нет,186,52,52,Call/Meeting/Task (вид «Письмо») по activitytype,Call.duration|Meeting.duration,часы+минуты → секунды; у Task («Письмо») длительность не хранится — определяется датами,count+sum,перенос,реализовано (этап 03),проверено SQL 2026-09-29,1,ok: Call.duration duration; Meeting.duration duration
Events,vtiger_activity,duration_minutes,duration_minutes,Duration Minutes,16,varchar(200),нет,186,52,52,Call/Meeting/Task (вид «Письмо») по activitytype,Call.duration|Meeting.duration,часы+минуты → секунды,count+sum,перенос,реализовано (этап 03),проверено SQL 2026-09-29,2,ok: Call.duration duration; Meeting.duration duration
Events,vtiger_activity,eventstatus,eventstatus,Status,15,varchar(200),нет,152,52,52,Call/Meeting/Task (вид «Письмо») по activitytype,status,"enum: словарь metadata/vtigerValueMap/Call.json, Meeting.json, Task.json (D-19; утверждён владельцем 2026-09-30, Q-32); Call/Meeting как есть; Task «Письмо»: Held→Completed, Planned→Planned, Not Held→Canceled",count+distribution,перенос,реализовано (этап 03),проверено SQL 2026-09-29,7,ok: Call.status enum; Meeting.status enum; Task.status enum
Events,vtiger_activity,sendnotification,sendnotification,Send Notification,56,varchar(3),нет,366,52,0,—,—,исключено: все 0,count,исключено: исключено: все 0,предложено,проверено SQL 2026-09-29,1,—
Events,vtiger_activity,activitytype,activitytype,Activity Type,15,varchar(200),нет,366,52,52,Call/Meeting/Task (вид «Письмо») по activitytype,Task.cTaskType,"Call→Call; Meeting→Meeting; 'Письмо'→Task с cTaskType=«Письмо» (Q-10, D-24)",count+distribution,перенос,реализовано (этап 03),проверено SQL 2026-09-29,7,ok: Task.cTaskType enum
Events,vtiger_activity,location,location,Location,1,varchar(150),нет,5,52,0,—,—,нет данных,count,пусто — данных нет,предложено,проверено SQL 2026-09-29,0,—
Events,vtiger_crmentity,createdtime,createdtime,Created Time,70,datetime,нет,6880,52,52,Call/Meeting/Task (вид «Письмо») по activitytype,createdAt,"datetime → UTC по эпохам D-30 (Europe/Moscow до 2022-11, Europe/Berlin до 2026-06-12, далее UTC)",count+hash,перенос,реализовано (этап 03),проверено SQL 2026-09-29,,ok: Call.createdAt datetime; Meeting.createdAt datetime; Task.createdAt datetime
Events,vtiger_crmentity,modifiedtime,modifiedtime,Modified Time,70,datetime,нет,6880,52,52,Call/Meeting/Task (вид «Письмо») по activitytype,modifiedAt,"datetime → UTC по эпохам D-30 (Europe/Moscow до 2022-11, Europe/Berlin до 2026-06-12, далее UTC)",count+hash,перенос,реализовано (этап 03),проверено SQL 2026-09-29,,ok: Call.modifiedAt datetime; Meeting.modifiedAt datetime; Task.modifiedAt datetime
Events,vtiger_activity,priority,taskpriority,Priority,15,varchar(200),нет,9,52,1,Call/Meeting/Task (вид «Письмо») по activitytype,vtigerData.taskpriority,enum,count,архив (только чтение),реализовано (этап 03),проверено SQL 2026-09-29,4,ok: Call.vtigerData jsonObject; Meeting.vtigerData jsonObject; Task.vtigerData jsonObject
Events,vtiger_activity,notime,notime,No Time,56,varchar(3),нет,366,52,0,—,—,исключено: все 0,count,исключено: исключено: все 0,предложено,проверено SQL 2026-09-29,1,—
Events,vtiger_activity,visibility,visibility,Visibility,16,varchar(50),нет,366,52,52,—,—,исключено: все Public,count,исключено: исключено: все Public,предложено,проверено SQL 2026-09-29,6,—
Events,vtiger_crmentity,modifiedby,modifiedby,Last Modified By,52,int,нет,6880,52,52,Call/Meeting/Task (вид «Письмо») по activitytype,modifiedBy,user-map по vtiger_users.id,fk,перенос,реализовано (этап 03),проверено SQL 2026-09-29,,ok: Call.modifiedBy link; Meeting.modifiedBy link; Task.modifiedBy link
Events,vtiger_crmentity,smcreatorid,created_user_id,Created By,53,int,нет,6880,52,52,Call/Meeting/Task (вид «Письмо») по activitytype,createdBy,user-map по vtiger_users.id,fk,перенос,реализовано (этап 03),проверено SQL 2026-09-29,,ok: Call.createdBy link; Meeting.createdBy link; Task.createdBy link
Events,vtiger_crmentity,source,source,Source,1,varchar(100),нет,6308,52,52,—,—,исключено: технический канал создания записи Vtiger (CRM/WEBSERVICE),count,исключено: исключено: технический канал создания записи Vtiger (CRM/WEBSERVICE),предложено,проверено SQL 2026-09-29,3,—
Events,vtiger_crmentity_user_field,starred,starred,starred,56,varchar(100),нет,5155,52,0,—,—,исключено: персональная «звёздочка» пользователя (истинных значений — единицы),count,исключено: исключено: персональная «звёздочка» пользователя (истинных значений — единицы),предложено,проверено SQL 2026-09-29,1,—
Events,vtiger_activity,tags,tags,tags,1,varchar(1),нет,0,52,0,—,—,пусто в источнике (теги — vtiger_freetagged_objects),count,исключено: пусто в источнике (теги — vtiger_freetagged_objects),предложено,проверено SQL 2026-09-29,0,—
Events,vtiger_activity_reminder,reminder_time,reminder_time,Send Reminder,30,int,нет,64,40,0,Call/Meeting/Task (вид «Письмо») по activitytype,reminders,минуты → reminders,count,пусто — данных нет,предложено,проверено SQL 2026-09-29,,—
Events,vtiger_activity,popup_reminder_date,popup_reminder_date,Popup Reminder Date,666,date,нет,0,52,0,—,—,нет данных,count,пусто — данных нет,предложено,проверено SQL 2026-09-29,,—
Events,vtiger_activity,popup_reminder_time,popup_reminder_time,Popup Reminder Time,2,time,нет,86,52,52,—,—,исключено: служебное,count,исключено: исключено: служебное,предложено,проверено SQL 2026-09-29,,—
Events,vtiger_crmentity,description,description,Description,19,mediumtext,нет,1365,52,0,Call/Meeting/Task (вид «Письмо») по activitytype,description,text as-is,count+hash,пусто — данных нет,предложено,проверено SQL 2026-09-29,0,—
Events,vtiger_activity,invoiceid,invoiceid,Invoice Id,10,int,да,52,52,0,Call/Meeting/Task (вид «Письмо») по activitytype,vtigerData.invoiceid,кастомная ссылка (в источнике пусто),fk,пусто — данных нет,предложено,проверено SQL 2026-09-29,,—
Events,vtiger_activity,duration_seconds,duration_seconds,Duration Seconds,1,varchar(100),да,0,52,0,Call/Meeting/Task (вид «Письмо») по activitytype,vtigerData.duration_seconds,string,count,пусто — данных нет,предложено,проверено SQL 2026-09-29,0,—
Events,vtiger_activity,salesorder_id,salesorder_id,Salesorder Id,10,int,да,52,52,0,Call/Meeting/Task (вид «Письмо») по activitytype,vtigerData.salesorder_id,кастомная ссылка (пусто),fk,пусто — данных нет,предложено,проверено SQL 2026-09-29,,—
Events,vtiger_activity,timesheet_id,timesheet_id,TimeSheet Id,10,int,да,52,52,0,Call/Meeting/Task (вид «Письмо») по activitytype,vtigerData.timesheet_id,кастомная ссылка (пусто),fk,пусто — данных нет,предложено,проверено SQL 2026-09-29,,—
Events,vtiger_activity,recurringtype,recurringtype,Recurrence,16,varchar(200),нет,52,52,52,—,—,исключено: все --None--,count,исключено: исключено: все --None--,предложено,проверено SQL 2026-09-29,8,—
Events,vtiger_cntactivityrel,contactid,contact_id,Contact Name,57,int,нет,6,6,6,Call/Meeting/Task (вид «Письмо») по activitytype,Call.contacts|Meeting.contacts|Task.contact,fk из vtiger_cntactivityrel,fk,перенос,реализовано (этап 03),проверено SQL 2026-09-29,,ok: Call.contacts linkMultiple; Meeting.contacts linkMultiple; Task.contact link
Events,vtiger_seactivityrel,crmid,parent_id,Related To,66,int,нет,260,48,48,Call/Meeting/Task (вид «Письмо») по activitytype,parent,fk из vtiger_seactivityrel,fk,перенос,реализовано (этап 03),проверено SQL 2026-09-29,,ok: Call.parent linkParent; Meeting.parent linkParent; Task.parent linkParent
Vendors,vtiger_vendor,vendorname,vendorname,Vendor Name,2,varchar(100),нет,3,3,3,Vendor (собственная),name,string,count+hash,перенос,реализовано (этап 03),проверено SQL 2026-09-29,51,ok: Vendor.name varchar(100)
Vendors,vtiger_vendor,vendor_no,vendor_no,Vendor No,4,varchar(100),нет,3,3,3,Vendor (собственная),vtigerNo,string (ПОСТ_N),count+hash,перенос,реализовано (этап 03),проверено SQL 2026-09-29,6,ok: Vendor.vtigerNo varchar(100)
Vendors,vtiger_vendor,email,email,Email,13,varchar(100),нет,1,3,1,Vendor (собственная),emailAddress,email,count+hash,перенос,реализовано (этап 03),проверено SQL 2026-09-29,14,ok: Vendor.emailAddress email
Vendors,vtiger_vendor,phone,phone,Phone,1,varchar(100),нет,1,3,1,Vendor (собственная),phoneNumber[Office],phone,count+hash,перенос,реализовано (этап 03),проверено SQL 2026-09-29,12,ok: Vendor.phoneNumber phone
Vendors,vtiger_vendor,glacct,glacct,GL Account,15,varchar(200),нет,0,3,0,—,—,нет данных,count,пусто — данных нет,предложено,проверено SQL 2026-09-29,0,—
Vendors,vtiger_vendor,website,website,Website,17,varchar(100),нет,2,3,2,Vendor (собственная),website,url,count+hash,перенос,реализовано (этап 03),проверено SQL 2026-09-29,19,ok: Vendor.website url(255)
Vendors,vtiger_crmentity,createdtime,createdtime,Created Time,70,datetime,нет,6880,3,3,Vendor (собственная),createdAt,"datetime → UTC по эпохам D-30 (Europe/Moscow до 2022-11, Europe/Berlin до 2026-06-12, далее UTC)",count+hash,перенос,реализовано (этап 03),проверено SQL 2026-09-29,,ok: Vendor.createdAt datetime
Vendors,vtiger_vendor,category,category,Category,1,varchar(50),нет,0,3,0,—,—,нет данных,count,пусто — данных нет,предложено,проверено SQL 2026-09-29,0,—
Vendors,vtiger_crmentity,modifiedtime,modifiedtime,Modified Time,70,datetime,нет,6880,3,3,Vendor (собственная),modifiedAt,"datetime → UTC по эпохам D-30 (Europe/Moscow до 2022-11, Europe/Berlin до 2026-06-12, далее UTC)",count+hash,перенос,реализовано (этап 03),проверено SQL 2026-09-29,,ok: Vendor.modifiedAt datetime
Vendors,vtiger_crmentity,modifiedby,modifiedby,Last Modified By,52,int,нет,6880,3,3,Vendor (собственная),modifiedBy,user-map по vtiger_users.id,fk,перенос,реализовано (этап 03),проверено SQL 2026-09-29,,ok: Vendor.modifiedBy link
Vendors,vtiger_crmentity,smownerid,assigned_user_id,Assigned To,53,int,нет,6880,3,3,Vendor (собственная),assignedUser / teams,owner-map: user→User; group→Team (assignedUser пуст),fk,перенос,реализовано (этап 03),проверено SQL 2026-09-29,,ok: Vendor.assignedUser link; Vendor.teams linkMultiple
Vendors,vtiger_crmentity,smcreatorid,created_user_id,Created By,53,int,нет,6880,3,3,Vendor (собственная),createdBy,user-map по vtiger_users.id,fk,перенос,реализовано (этап 03),проверено SQL 2026-09-29,,ok: Vendor.createdBy link
Vendors,vtiger_crmentity,source,source,Source,1,varchar(100),нет,6308,3,3,—,—,исключено: технический канал создания записи Vtiger (CRM/WEBSERVICE),count,исключено: исключено: технический канал создания записи Vtiger (CRM/WEBSERVICE),предложено,проверено SQL 2026-09-29,10,—
Vendors,vtiger_crmentity_user_field,starred,starred,starred,56,varchar(100),нет,5155,3,0,—,—,исключено: персональная «звёздочка» пользователя (истинных значений — единицы),count,исключено: исключено: персональная «звёздочка» пользователя (истинных значений — единицы),предложено,проверено SQL 2026-09-29,1,—
Vendors,vtiger_vendor,tags,tags,tags,1,varchar(1),нет,0,3,0,—,—,пусто в источнике (теги — vtiger_freetagged_objects),count,исключено: пусто в источнике (теги — vtiger_freetagged_objects),предложено,проверено SQL 2026-09-29,0,—
Vendors,vtiger_vendorcf,cf_1206,cf_1206,ИНН,1,varchar(15),да,2,3,2,Vendor (собственная),inn,string (ИНН поставщика),count+hash,перенос,реализовано (этап 03),проверено SQL 2026-09-29,12,ok: Vendor.inn varchar(15)
Vendors,vtiger_vendor,street,street,Street,21,text,нет,0,3,0,—,—,нет данных,count,пусто — данных нет,предложено,проверено SQL 2026-09-29,0,—
Vendors,vtiger_vendor,pobox,pobox,Po Box,1,varchar(30),нет,0,3,0,—,—,нет данных,count,пусто — данных нет,предложено,проверено SQL 2026-09-29,0,—
Vendors,vtiger_vendor,city,city,City,1,varchar(30),нет,0,3,0,—,—,нет данных,count,пусто — данных нет,предложено,проверено SQL 2026-09-29,0,—
Vendors,vtiger_vendor,state,state,State,1,varchar(30),нет,0,3,0,—,—,нет данных,count,пусто — данных нет,предложено,проверено SQL 2026-09-29,0,—
Vendors,vtiger_vendor,postalcode,postalcode,Postal Code,1,varchar(100),нет,0,3,0,—,—,нет данных,count,пусто — данных нет,предложено,проверено SQL 2026-09-29,0,—
Vendors,vtiger_vendor,country,country,Country,1,varchar(100),нет,0,3,0,—,—,нет данных,count,пусто — данных нет,предложено,проверено SQL 2026-09-29,0,—
Vendors,vtiger_crmentity,description,description,Description,19,mediumtext,нет,1365,3,0,Vendor (собственная),description,text as-is,count+hash,пусто — данных нет,предложено,проверено SQL 2026-09-29,0,—
PriceBooks,vtiger_pricebook,bookname,bookname,Price Book Name,2,varchar(100),нет,0,0,0,—,—,нет данных,count,пусто — данных нет,предложено,проверено SQL 2026-09-29,,—
PriceBooks,vtiger_pricebook,active,active,Active,56,int,нет,0,0,0,—,—,нет данных,count,пусто — данных нет,предложено,проверено SQL 2026-09-29,,—
PriceBooks,vtiger_pricebook,pricebook_no,pricebook_no,PriceBook No,4,varchar(100),нет,0,0,0,—,—,нет данных,count,пусто — данных нет,предложено,проверено SQL 2026-09-29,,—
PriceBooks,vtiger_crmentity,createdtime,createdtime,Created Time,70,datetime,нет,6880,0,0,?,createdAt,"datetime → UTC по эпохам D-30 (Europe/Moscow до 2022-11, Europe/Berlin до 2026-06-12, далее UTC)",count+hash,пусто — данных нет,предложено,проверено SQL 2026-09-29,,—
PriceBooks,vtiger_crmentity,modifiedtime,modifiedtime,Modified Time,70,datetime,нет,6880,0,0,?,modifiedAt,"datetime → UTC по эпохам D-30 (Europe/Moscow до 2022-11, Europe/Berlin до 2026-06-12, далее UTC)",count+hash,пусто — данных нет,предложено,проверено SQL 2026-09-29,,—
PriceBooks,vtiger_pricebook,currency_id,currency_id,Currency,117,int,нет,0,0,0,?,currency,1→RUB (единственная валюта),count,пусто — данных нет,предложено,проверено SQL 2026-09-29,,—
PriceBooks,vtiger_crmentity,modifiedby,modifiedby,Last Modified By,52,int,нет,6880,0,0,?,modifiedBy,user-map по vtiger_users.id,fk,пусто — данных нет,предложено,проверено SQL 2026-09-29,,—
PriceBooks,vtiger_pricebook,one_s_id,one_s_id,1C ID,1,varchar(255),нет,0,0,0,—,—,нет данных,count,пусто — данных нет,предложено,проверено SQL 2026-09-29,,—
PriceBooks,vtiger_crmentity,smcreatorid,created_user_id,Created By,53,int,нет,6880,0,0,?,createdBy,user-map по vtiger_users.id,fk,пусто — данных нет,предложено,проверено SQL 2026-09-29,,—
PriceBooks,vtiger_crmentity,source,source,Source,1,varchar(100),нет,6308,0,0,—,—,исключено: технический канал создания записи Vtiger (CRM/WEBSERVICE),count,исключено: исключено: технический канал создания записи Vtiger (CRM/WEBSERVICE),предложено,проверено SQL 2026-09-29,,—
PriceBooks,vtiger_crmentity_user_field,starred,starred,starred,56,varchar(100),нет,5155,0,0,—,—,исключено: персональная «звёздочка» пользователя (истинных значений — единицы),count,исключено: исключено: персональная «звёздочка» пользователя (истинных значений — единицы),предложено,проверено SQL 2026-09-29,,—
PriceBooks,vtiger_pricebook,tags,tags,tags,1,varchar(1),нет,0,0,0,—,—,пусто в источнике (теги — vtiger_freetagged_objects),count,исключено: пусто в источнике (теги — vtiger_freetagged_objects),предложено,проверено SQL 2026-09-29,,—
PriceBooks,vtiger_crmentity,description,description,Description,19,mediumtext,нет,1365,0,0,?,description,text as-is,count+hash,пусто — данных нет,предложено,проверено SQL 2026-09-29,,—
Quotes,vtiger_quotes,subject,subject,Subject,2,varchar(100),нет,24,24,24,Quote (собственная),name,string,count+hash,перенос,реализовано (этап 04.2),проверено SQL 2026-09-29,62,ok: Quote.name varchar(255)
Quotes,vtiger_quotes,potentialid,potential_id,Potential Name,76,int,нет,24,24,24,Quote (собственная),opportunity,fk,fk,перенос,реализовано (этап 04.2),проверено SQL 2026-09-29,,ok: Quote.opportunity link
Quotes,vtiger_quotes,quote_no,quote_no,Quote No,4,varchar(100),нет,24,24,24,Quote (собственная),number,string (ПРЕД_N),count+hash,перенос,реализовано (этап 04.2),проверено SQL 2026-09-29,7,ok: Quote.number varchar(100)
Quotes,vtiger_quotes,quotestage,quotestage,Quote Stage,15,varchar(200),нет,24,24,24,Quote (собственная),status,"enum: словарь синонимов (D-19), исходное значение → vtigerData",count+distribution,перенос,реализовано (этап 04.2),проверено SQL 2026-09-29,11,ok: Quote.status enum
Quotes,vtiger_quotes,validtill,validtill,Valid Till,5,date,нет,15,24,15,Quote (собственная),dateValidUntil,date,count+hash,перенос,реализовано (этап 04.2),проверено SQL 2026-09-29,,ok: Quote.dateValidUntil date
Quotes,vtiger_quotes,contactid,contact_id,Contact Name,57,int,нет,6,24,6,Quote (собственная),contact,fk Contacts→Contact,fk,перенос,реализовано (этап 04.2),проверено SQL 2026-09-29,,ok: Quote.contact link
Quotes,vtiger_quotes,carrier,carrier,Carrier,15,varchar(200),нет,0,24,0,Quote (собственная),vtigerData.carrier,enum,count,пусто — данных нет,реализовано (этап 04.2),проверено SQL 2026-09-29,0,пусто в источнике; ok: Quote.vtigerData jsonObject
Quotes,vtiger_quotes,subtotal,hdnSubTotal,Sub Total,72,"decimal(25,8)",нет,24,24,24,Quote (собственная),subtotal,"decimal: исходное значение — эталон, не пересчитывать",count+sum,перенос,реализовано (этап 04.2),проверено SQL 2026-09-29,,"ok: Quote.subtotal currency decimal(25,8)"
Quotes,vtiger_quotes,shipping,shipping,Shipping,1,varchar(100),нет,0,24,0,Quote (собственная),vtigerData.shipping,string,count,пусто — данных нет,реализовано (этап 04.2),проверено SQL 2026-09-29,0,пусто в источнике; ok: Quote.vtigerData jsonObject
Quotes,vtiger_quotes,inventorymanager,assigned_user_id1,Inventory Manager,77,int,нет,24,24,23,Quote (собственная),inventoryManager,fk User,fk,перенос,реализовано (этап 04.2),проверено SQL 2026-09-29,,ok: Quote.inventoryManager link
Quotes,vtiger_quotes,total,hdnGrandTotal,Total,72,"decimal(25,8)",нет,24,24,24,Quote (собственная),grandTotal,"decimal: исходное значение — эталон, не пересчитывать",count+sum,перенос,реализовано (этап 04.2),проверено SQL 2026-09-29,,"ok: Quote.grandTotal currency decimal(25,8)"
Quotes,vtiger_quotes,taxtype,hdnTaxType,Tax Type,16,varchar(25),нет,24,24,24,Quote (собственная),taxMode,enum individual|group|group_tax_inc,count+distribution,перенос,реализовано (этап 04.2),проверено SQL 2026-09-29,10,ok: Quote.taxMode enum
Quotes,vtiger_quotes,s_h_amount,hdnS_H_Amount,S&H Amount,72,"decimal(25,8)",нет,24,24,0,Quote (собственная),shippingAmount,decimal (во всех записях 0),count+sum,пусто — данных нет,реализовано (этап 04.2),проверено SQL 2026-09-29,,"пусто в источнике; ok: Quote.shippingAmount currency decimal(25,8)"
Quotes,vtiger_quotes,accountid,account_id,Account Name,73,int,нет,24,24,24,Quote (собственная),account,fk Accounts→Account,fk,перенос,реализовано (этап 04.2),проверено SQL 2026-09-29,,ok: Quote.account link
Quotes,vtiger_crmentity,smownerid,assigned_user_id,Assigned To,53,int,нет,6880,24,24,Quote (собственная),assignedUser / teams,owner-map: user→User; group→Team (assignedUser пуст),fk,перенос,реализовано (этап 04.2),проверено SQL 2026-09-29,,ok: Quote.assignedUser link; Quote.teams linkMultiple
Quotes,vtiger_crmentity,createdtime,createdtime,Created Time,70,datetime,нет,6880,24,24,Quote (собственная),createdAt,"datetime → UTC по эпохам D-30 (Europe/Moscow до 2022-11, Europe/Berlin до 2026-06-12, далее UTC)",count+hash,перенос,реализовано (этап 04.2),проверено SQL 2026-09-29,,ok: Quote.createdAt datetime
Quotes,vtiger_crmentity,modifiedtime,modifiedtime,Modified Time,70,datetime,нет,6880,24,24,Quote (собственная),modifiedAt,"datetime → UTC по эпохам D-30 (Europe/Moscow до 2022-11, Europe/Berlin до 2026-06-12, далее UTC)",count+hash,перенос,реализовано (этап 04.2),проверено SQL 2026-09-29,,ok: Quote.modifiedAt datetime
Quotes,vtiger_quotes,adjustment,txtAdjustment,Adjustment,72,"decimal(25,8)",нет,24,24,0,Quote (собственная),adjustment,"decimal(25,8) как есть",count+sum,пусто — данных нет,реализовано (этап 04.2),проверено SQL 2026-09-29,,"пусто в источнике; ok: Quote.adjustment currency decimal(25,8)"
Quotes,vtiger_quotes,currency_id,currency_id,Currency,117,int,нет,24,24,24,Quote (собственная),currency,1→RUB (единственная валюта),count,перенос,реализовано (этап 04.2),проверено SQL 2026-09-29,,"ok: Quote: валюта RUB (6 денежных полей decimal, onlyDefaultCurrency)"
Quotes,vtiger_quotes,conversion_rate,conversion_rate,Conversion Rate,1,"decimal(10,3)",нет,24,24,24,—,—,исключено: всегда 1.000 (одна валюта),count,исключено: исключено: всегда 1.000 (одна валюта),контракт (этап 04.1),проверено SQL 2026-09-29,,—
Quotes,vtiger_crmentity,modifiedby,modifiedby,Last Modified By,52,int,нет,6880,24,24,Quote (собственная),modifiedBy,user-map по vtiger_users.id,fk,перенос,реализовано (этап 04.2),проверено SQL 2026-09-29,,ok: Quote.modifiedBy link
Quotes,vtiger_quotes,pre_tax_total,pre_tax_total,Pre Tax Total,72,"decimal(25,8)",нет,24,24,24,Quote (собственная),preTaxTotal,decimal: исходное значение — эталон,count+sum,перенос,реализовано (этап 04.2),проверено SQL 2026-09-29,,"ok: Quote.preTaxTotal currency decimal(25,8)"
Quotes,vtiger_quotes,spcompany,spcompany,Self Company,16,varchar(200),нет,24,24,24,Quote (собственная),legalEntity,"'Default', 'По умолчанию' (русская подпись ключа 'Default') и пусто → одна запись LegalEntity (D-04, LegalEntityResolver); другое значение — остановка импорта, не второе юрлицо",count,перенос,реализовано (этап 04.2),проверено SQL 2026-09-29,12,ok: Quote.legalEntity link
Quotes,vtiger_crmentity,smcreatorid,created_user_id,Created By,53,int,нет,6880,24,24,Quote (собственная),createdBy,user-map по vtiger_users.id,fk,перенос,реализовано (этап 04.2),проверено SQL 2026-09-29,,ok: Quote.createdBy link
Quotes,vtiger_crmentity,source,source,Source,1,varchar(100),нет,6308,24,24,—,—,исключено: технический канал создания записи Vtiger (CRM/WEBSERVICE),count,исключено: исключено: технический канал создания записи Vtiger (CRM/WEBSERVICE),контракт (этап 04.1),проверено SQL 2026-09-29,10,—
Quotes,vtiger_crmentity_user_field,starred,starred,starred,56,varchar(100),нет,5155,24,0,—,—,исключено: персональная «звёздочка» пользователя (истинных значений — единицы),count,исключено: исключено: персональная «звёздочка» пользователя (истинных значений — единицы),контракт (этап 04.1),проверено SQL 2026-09-29,1,—
Quotes,vtiger_quotes,tags,tags,tags,1,varchar(1),нет,0,24,0,—,—,пусто в источнике (теги — vtiger_freetagged_objects),count,исключено: пусто в источнике (теги — vtiger_freetagged_objects),контракт (этап 04.1),проверено SQL 2026-09-29,0,—
Quotes,vtiger_quotesbillads,bill_street,bill_street,Billing Address,24,varchar(250),нет,24,24,24,Quote (собственная),billingAddressStreet,address,count+hash,перенос,реализовано (этап 04.2),проверено SQL 2026-09-29,29,ok: Quote.billingAddressStreet text
Quotes,vtiger_quotesshipads,ship_street,ship_street,Shipping Address,24,varchar(250),нет,24,24,24,Quote (собственная),shippingAddressStreet,address,count+hash,перенос,реализовано (этап 04.2),проверено SQL 2026-09-29,29,ok: Quote.shippingAddressStreet text
Quotes,vtiger_quotesbillads,bill_pobox,bill_pobox,Billing Po Box,1,varchar(30),нет,0,24,0,Quote (собственная),vtigerData.bill_pobox,address,count+hash,пусто — данных нет,реализовано (этап 04.2),проверено SQL 2026-09-29,0,пусто в источнике; ok: Quote.vtigerData jsonObject
Quotes,vtiger_quotesshipads,ship_pobox,ship_pobox,Shipping Po Box,1,varchar(30),нет,0,24,0,Quote (собственная),vtigerData.ship_pobox,address,count+hash,пусто — данных нет,реализовано (этап 04.2),проверено SQL 2026-09-29,0,пусто в источнике; ok: Quote.vtigerData jsonObject
Quotes,vtiger_quotesbillads,bill_city,bill_city,Billing City,1,varchar(30),нет,24,24,24,Quote (собственная),billingAddressCity,address,count+hash,перенос,реализовано (этап 04.2),проверено SQL 2026-09-29,14,ok: Quote.billingAddressCity varchar(100)
Quotes,vtiger_quotesshipads,ship_city,ship_city,Shipping City,1,varchar(30),нет,23,24,23,Quote (собственная),shippingAddressCity,address,count+hash,перенос,реализовано (этап 04.2),проверено SQL 2026-09-29,14,ok: Quote.shippingAddressCity varchar(100)
Quotes,vtiger_quotesbillads,bill_state,bill_state,Billing State,1,varchar(30),нет,19,24,19,Quote (собственная),billingAddressState,address,count+hash,перенос,реализовано (этап 04.2),проверено SQL 2026-09-29,9,ok: Quote.billingAddressState varchar(100)
Quotes,vtiger_quotesshipads,ship_state,ship_state,Shipping State,1,varchar(30),нет,18,24,18,Quote (собственная),shippingAddressState,address,count+hash,перенос,реализовано (этап 04.2),проверено SQL 2026-09-29,9,ok: Quote.shippingAddressState varchar(100)
Quotes,vtiger_quotesbillads,bill_code,bill_code,Billing Code,1,varchar(30),нет,21,24,21,Quote (собственная),billingAddressPostalCode,address,count+hash,перенос,реализовано (этап 04.2),проверено SQL 2026-09-29,6,ok: Quote.billingAddressPostalCode varchar(40)
Quotes,vtiger_quotesshipads,ship_code,ship_code,Shipping Code,1,varchar(30),нет,21,24,21,Quote (собственная),shippingAddressPostalCode,address,count+hash,перенос,реализовано (этап 04.2),проверено SQL 2026-09-29,6,ok: Quote.shippingAddressPostalCode varchar(40)
Quotes,vtiger_quotesbillads,bill_country,bill_country,Billing Country,1,varchar(30),нет,20,24,20,Quote (собственная),billingAddressCountry,address,count+hash,перенос,реализовано (этап 04.2),проверено SQL 2026-09-29,6,ok: Quote.billingAddressCountry varchar(100)
Quotes,vtiger_quotesshipads,ship_country,ship_country,Shipping Country,1,varchar(30),нет,20,24,20,Quote (собственная),shippingAddressCountry,address,count+hash,перенос,реализовано (этап 04.2),проверено SQL 2026-09-29,6,ok: Quote.shippingAddressCountry varchar(100)
Quotes,vtiger_quotes,terms_conditions,terms_conditions,Terms & Conditions,19,text,нет,24,24,24,Quote (собственная),termsAndConditions,text,count+hash,перенос,реализовано (этап 04.2),проверено SQL 2026-09-29,187,ok: Quote.termsAndConditions text
Quotes,vtiger_crmentity,description,description,Description,19,mediumtext,нет,1365,24,0,Quote (собственная),description,text as-is,count+hash,пусто — данных нет,реализовано (этап 04.2),проверено SQL 2026-09-29,0,пусто в источнике; ok: Quote.description text
Quotes,vtiger_inventoryproductrel,productid,productid,Item Name,10,int,нет,1176,27,27,Quote (собственная),QuoteItem.product,fk Services/Products→Product,fk,перенос,реализовано (этап 04.2),проверено SQL 2026-09-29,,ok: QuoteItem.product link
Quotes,vtiger_inventoryproductrel,quantity,quantity,Quantity,7,"decimal(25,3)",нет,1176,27,27,Quote (собственная),QuoteItem.quantity,"decimal(25,3)",count+sum,перенос,реализовано (этап 04.2),проверено SQL 2026-09-29,,"ok: QuoteItem.quantity decimal decimal(25,3)"
Quotes,vtiger_inventoryproductrel,listprice,listprice,List Price,71,"decimal(27,8)",нет,1176,27,27,Quote (собственная),QuoteItem.unitPrice,"decimal(27,8)",count+sum,перенос,реализовано (этап 04.2),проверено SQL 2026-09-29,,"ok: QuoteItem.unitPrice currency decimal(27,8)"
Quotes,vtiger_inventoryproductrel,comment,comment,Item Comment,19,text,нет,1130,27,22,Quote (собственная),QuoteItem.description,text,count+hash,перенос,реализовано (этап 04.2),проверено SQL 2026-09-29,63,ok: QuoteItem.description text
Quotes,vtiger_inventoryproductrel,discount_amount,discount_amount,Item Discount Amount,71,"decimal(27,8)",нет,253,27,0,Quote (собственная),QuoteItem.discountAmount,decimal,count+sum,пусто — данных нет,реализовано (этап 04.2),проверено SQL 2026-09-29,,"пусто в источнике; ok: QuoteItem.discountAmount currency decimal(27,8)"
Quotes,vtiger_inventoryproductrel,discount_percent,discount_percent,Item Discount Percent,7,"decimal(7,3)",нет,250,27,0,Quote (собственная),QuoteItem.discountPercent,decimal,count+sum,пусто — данных нет,реализовано (этап 04.2),проверено SQL 2026-09-29,,"пусто в источнике; ok: QuoteItem.discountPercent decimal decimal(7,3)"
Quotes,vtiger_inventoryproductrel,tax1,tax1,НДС,83,"decimal(7,3)",нет,252,27,26,Quote (собственная),QuoteItem.taxRate,decimal % (НДС tax1); в итоги входит только у 2 group-счетов (класс формулы — sourceFormula),count+sum,перенос,реализовано (этап 04.2),проверено SQL 2026-09-29,,"ok: QuoteItem.taxRate decimal decimal(7,3)"
Quotes,vtiger_inventoryproductrel,tax2,tax2,Tax2,83,"decimal(7,3)",нет,252,27,0,Quote (собственная),QuoteItem.vtigerData.tax2,decimal %,count+sum,пусто — данных нет,реализовано (этап 04.2),проверено SQL 2026-09-29,,пусто в источнике; ok: QuoteItem.vtigerData jsonObject
Quotes,vtiger_inventoryproductrel,tax3,tax3,Tax3,83,"decimal(7,3)",нет,252,27,0,Quote (собственная),QuoteItem.vtigerData.tax3,decimal %,count+sum,пусто — данных нет,реализовано (этап 04.2),проверено SQL 2026-09-29,,пусто в источнике; ok: QuoteItem.vtigerData jsonObject
Quotes,vtiger_quotes,s_h_percent,hdnS_H_Percent,S&H Percent,1,int,нет,24,24,0,Quote (собственная),shippingTaxPercent,decimal (во всех записях 0),count+sum,пусто — данных нет,реализовано (этап 04.2),проверено SQL 2026-09-29,,пусто в источнике; ok: Quote.shippingTaxPercent decimal
Quotes,vtiger_quotes,discount_percent,hdnDiscountPercent,Discount Percent,1,"decimal(25,3)",нет,0,24,0,Quote (собственная),discountPercent,decimal,count+sum,пусто — данных нет,реализовано (этап 04.2),проверено SQL 2026-09-29,,"пусто в источнике; ok: Quote.discountPercent decimal decimal(25,3)"
Quotes,vtiger_quotes,discount_amount,hdnDiscountAmount,Discount Amount,72,"decimal(25,8)",нет,0,24,0,Quote (собственная),discountAmount,decimal,count+sum,пусто — данных нет,реализовано (этап 04.2),проверено SQL 2026-09-29,,"пусто в источнике; ok: Quote.discountAmount currency decimal(25,8)"
Quotes,vtiger_inventoryproductrel,image,image,Image,56,varchar(2),нет,0,27,0,—,—,исключено: пустое служебное поле,count,исключено: исключено: пустое служебное поле,контракт (этап 04.1),проверено SQL 2026-09-29,0,—
Quotes,vtiger_inventoryproductrel,purchase_cost,purchase_cost,Purchase Cost,71,"decimal(27,8)",нет,1176,27,0,Quote (собственная),QuoteItem.purchaseCost,decimal,count+sum,пусто — данных нет,реализовано (этап 04.2),проверено SQL 2026-09-29,,"пусто в источнике; ok: QuoteItem.purchaseCost currency decimal(27,8)"
Quotes,vtiger_inventoryproductrel,margin,margin,Margin,71,"decimal(27,8)",нет,1176,27,1,Quote (собственная),QuoteItem.margin,decimal: исходное значение; ядро проверяет margin = net − purchase_cost или 0 (не вычислялась),count+sum,перенос,реализовано (этап 04.2),проверено SQL 2026-09-29,,"ok: QuoteItem.margin currency decimal(27,8)"
Quotes,vtiger_quotes,region_id,region_id,Tax Region,16,int,нет,1,24,0,Quote (собственная),sourceFormula + vtigerData.region_id,"значимы и NULL, и 0: NULL — документ до 2018-07 (налог строк не входит в итоги), 0 — после; класс формулы ядра (FormulaClass, этап 04.1) → sourceFormula, исходное значение → vtigerData",count,перенос (значимы NULL и 0),реализовано (этап 04.2),проверено SQL 2026-09-29,,ok: Quote.sourceFormula enum; Quote.vtigerData jsonObject
Quotes,vtiger_quotescf,tax,tax,tax,19,"decimal(25,3)",да,0,24,0,Quote (собственная),vtigerData.tax,служебное скрытое поле tax (presence=1),count,пусто — данных нет,реализовано (этап 04.2),проверено SQL 2026-09-29,,пусто в источнике; ok: Quote.vtigerData jsonObject
PurchaseOrder,vtiger_purchaseorder,subject,subject,Subject,2,varchar(100),нет,0,0,0,—,—,нет данных,count,пусто — данных нет,предложено,проверено SQL 2026-09-29,,—
PurchaseOrder,vtiger_purchaseorder,purchaseorder_no,purchaseorder_no,PurchaseOrder No,4,varchar(100),нет,0,0,0,—,—,нет данных,count,пусто — данных нет,предложено,проверено SQL 2026-09-29,,—
PurchaseOrder,vtiger_purchaseorder,vendorid,vendor_id,Vendor Name,81,int,нет,0,0,0,—,—,нет данных,count,пусто — данных нет,предложено,проверено SQL 2026-09-29,,—
PurchaseOrder,vtiger_purchaseorder,requisition_no,requisition_no,Requisition No,1,varchar(100),нет,0,0,0,—,—,нет данных,count,пусто — данных нет,предложено,проверено SQL 2026-09-29,,—
PurchaseOrder,vtiger_purchaseorder,tracking_no,tracking_no,Tracking Number,1,varchar(100),нет,0,0,0,—,—,нет данных,count,пусто — данных нет,предложено,проверено SQL 2026-09-29,,—
PurchaseOrder,vtiger_purchaseorder,contactid,contact_id,Contact Name,57,int,нет,0,0,0,—,—,нет данных,count,пусто — данных нет,предложено,проверено SQL 2026-09-29,,—
PurchaseOrder,vtiger_purchaseorder,duedate,duedate,Due Date,5,date,нет,0,0,0,—,—,нет данных,count,пусто — данных нет,предложено,проверено SQL 2026-09-29,,—
PurchaseOrder,vtiger_purchaseorder,carrier,carrier,Carrier,15,varchar(200),нет,0,0,0,—,—,нет данных,count,пусто — данных нет,предложено,проверено SQL 2026-09-29,,—
PurchaseOrder,vtiger_purchaseorder,adjustment,txtAdjustment,Adjustment,72,"decimal(25,8)",нет,0,0,0,—,—,нет данных,count,пусто — данных нет,предложено,проверено SQL 2026-09-29,,—
PurchaseOrder,vtiger_purchaseorder,salescommission,salescommission,Sales Commission,1,"decimal(25,3)",нет,0,0,0,—,—,нет данных,count,пусто — данных нет,предложено,проверено SQL 2026-09-29,,—
PurchaseOrder,vtiger_purchaseorder,exciseduty,exciseduty,Excise Duty,1,"decimal(25,3)",нет,0,0,0,—,—,нет данных,count,пусто — данных нет,предложено,проверено SQL 2026-09-29,,—
PurchaseOrder,vtiger_purchaseorder,total,hdnGrandTotal,Total,72,"decimal(25,8)",нет,0,0,0,—,—,нет данных,count,пусто — данных нет,предложено,проверено SQL 2026-09-29,,—
PurchaseOrder,vtiger_purchaseorder,subtotal,hdnSubTotal,Sub Total,72,"decimal(25,8)",нет,0,0,0,—,—,нет данных,count,пусто — данных нет,предложено,проверено SQL 2026-09-29,,—
PurchaseOrder,vtiger_purchaseorder,taxtype,hdnTaxType,Tax Type,16,varchar(25),нет,0,0,0,—,—,нет данных,count,пусто — данных нет,предложено,проверено SQL 2026-09-29,,—
PurchaseOrder,vtiger_purchaseorder,s_h_amount,hdnS_H_Amount,S&H Amount,72,"decimal(25,8)",нет,0,0,0,—,—,нет данных,count,пусто — данных нет,предложено,проверено SQL 2026-09-29,,—
PurchaseOrder,vtiger_purchaseorder,postatus,postatus,Status,15,varchar(200),нет,0,0,0,—,—,нет данных,count,пусто — данных нет,предложено,проверено SQL 2026-09-29,,—
PurchaseOrder,vtiger_crmentity,smownerid,assigned_user_id,Assigned To,53,int,нет,6880,0,0,?,assignedUser / teams,owner-map: user→User; group→Team (assignedUser пуст),fk,пусто — данных нет,предложено,проверено SQL 2026-09-29,,—
PurchaseOrder,vtiger_crmentity,createdtime,createdtime,Created Time,70,datetime,нет,6880,0,0,?,createdAt,"datetime → UTC по эпохам D-30 (Europe/Moscow до 2022-11, Europe/Berlin до 2026-06-12, далее UTC)",count+hash,пусто — данных нет,предложено,проверено SQL 2026-09-29,,—
PurchaseOrder,vtiger_crmentity,modifiedtime,modifiedtime,Modified Time,70,datetime,нет,6880,0,0,?,modifiedAt,"datetime → UTC по эпохам D-30 (Europe/Moscow до 2022-11, Europe/Berlin до 2026-06-12, далее UTC)",count+hash,пусто — данных нет,предложено,проверено SQL 2026-09-29,,—
PurchaseOrder,vtiger_purchaseorder,currency_id,currency_id,Currency,117,int,нет,0,0,0,?,currency,1→RUB (единственная валюта),count,пусто — данных нет,предложено,проверено SQL 2026-09-29,,—
PurchaseOrder,vtiger_purchaseorder,conversion_rate,conversion_rate,Conversion Rate,1,"decimal(10,3)",нет,0,0,0,—,—,исключено: всегда 1.000 (одна валюта),count,исключено: исключено: всегда 1.000 (одна валюта),предложено,проверено SQL 2026-09-29,,—
PurchaseOrder,vtiger_crmentity,modifiedby,modifiedby,Last Modified By,52,int,нет,6880,0,0,?,modifiedBy,user-map по vtiger_users.id,fk,пусто — данных нет,предложено,проверено SQL 2026-09-29,,—
PurchaseOrder,vtiger_purchaseorder,pre_tax_total,pre_tax_total,Pre Tax Total,72,"decimal(25,8)",нет,0,0,0,—,—,нет данных,count,пусто — данных нет,предложено,проверено SQL 2026-09-29,,—
PurchaseOrder,vtiger_purchaseorder,paid,paid,Paid,72,"decimal(25,8)",нет,0,0,0,—,—,нет данных,count,пусто — данных нет,предложено,проверено SQL 2026-09-29,,—
PurchaseOrder,vtiger_purchaseorder,balance,balance,Balance,72,"decimal(25,8)",нет,0,0,0,—,—,нет данных,count,пусто — данных нет,предложено,проверено SQL 2026-09-29,,—
PurchaseOrder,vtiger_purchaseorder,spcompany,spcompany,Self Company,16,varchar(200),нет,0,0,0,?,legalEntity,"'Default', 'По умолчанию' (русская подпись ключа 'Default') и пусто → одна запись LegalEntity (D-04, LegalEntityResolver); другое значение — остановка импорта, не второе юрлицо",count,пусто — данных нет,предложено,проверено SQL 2026-09-29,,—
PurchaseOrder,vtiger_crmentity,smcreatorid,created_user_id,Created By,53,int,нет,6880,0,0,?,createdBy,user-map по vtiger_users.id,fk,пусто — данных нет,предложено,проверено SQL 2026-09-29,,—
PurchaseOrder,vtiger_crmentity,source,source,Source,1,varchar(100),нет,6308,0,0,—,—,исключено: технический канал создания записи Vtiger (CRM/WEBSERVICE),count,исключено: исключено: технический канал создания записи Vtiger (CRM/WEBSERVICE),предложено,проверено SQL 2026-09-29,,—
PurchaseOrder,vtiger_crmentity_user_field,starred,starred,starred,56,varchar(100),нет,5155,0,0,—,—,исключено: персональная «звёздочка» пользователя (истинных значений — единицы),count,исключено: исключено: персональная «звёздочка» пользователя (истинных значений — единицы),предложено,проверено SQL 2026-09-29,,—
PurchaseOrder,vtiger_purchaseorder,tags,tags,tags,1,varchar(1),нет,0,0,0,—,—,пусто в источнике (теги — vtiger_freetagged_objects),count,исключено: пусто в источнике (теги — vtiger_freetagged_objects),предложено,проверено SQL 2026-09-29,,—
PurchaseOrder,vtiger_pobillads,bill_street,bill_street,Billing Address,24,varchar(250),нет,0,0,0,—,—,нет данных,count,пусто — данных нет,предложено,проверено SQL 2026-09-29,,—
PurchaseOrder,vtiger_poshipads,ship_street,ship_street,Shipping Address,24,varchar(250),нет,0,0,0,—,—,нет данных,count,пусто — данных нет,предложено,проверено SQL 2026-09-29,,—
PurchaseOrder,vtiger_pobillads,bill_pobox,bill_pobox,Billing Po Box,1,varchar(30),нет,0,0,0,—,—,нет данных,count,пусто — данных нет,предложено,проверено SQL 2026-09-29,,—
PurchaseOrder,vtiger_poshipads,ship_pobox,ship_pobox,Shipping Po Box,1,varchar(30),нет,0,0,0,—,—,нет данных,count,пусто — данных нет,предложено,проверено SQL 2026-09-29,,—
PurchaseOrder,vtiger_pobillads,bill_city,bill_city,Billing City,1,varchar(30),нет,0,0,0,—,—,нет данных,count,пусто — данных нет,предложено,проверено SQL 2026-09-29,,—
PurchaseOrder,vtiger_poshipads,ship_city,ship_city,Shipping City,1,varchar(30),нет,0,0,0,—,—,нет данных,count,пусто — данных нет,предложено,проверено SQL 2026-09-29,,—
PurchaseOrder,vtiger_pobillads,bill_state,bill_state,Billing State,1,varchar(30),нет,0,0,0,—,—,нет данных,count,пусто — данных нет,предложено,проверено SQL 2026-09-29,,—
PurchaseOrder,vtiger_poshipads,ship_state,ship_state,Shipping State,1,varchar(30),нет,0,0,0,—,—,нет данных,count,пусто — данных нет,предложено,проверено SQL 2026-09-29,,—
PurchaseOrder,vtiger_pobillads,bill_code,bill_code,Billing Code,1,varchar(30),нет,0,0,0,—,—,нет данных,count,пусто — данных нет,предложено,проверено SQL 2026-09-29,,—
PurchaseOrder,vtiger_poshipads,ship_code,ship_code,Shipping Code,1,varchar(30),нет,0,0,0,—,—,нет данных,count,пусто — данных нет,предложено,проверено SQL 2026-09-29,,—
PurchaseOrder,vtiger_pobillads,bill_country,bill_country,Billing Country,1,varchar(30),нет,0,0,0,—,—,нет данных,count,пусто — данных нет,предложено,проверено SQL 2026-09-29,,—
PurchaseOrder,vtiger_poshipads,ship_country,ship_country,Shipping Country,1,varchar(30),нет,0,0,0,—,—,нет данных,count,пусто — данных нет,предложено,проверено SQL 2026-09-29,,—
PurchaseOrder,vtiger_purchaseorder,terms_conditions,terms_conditions,Terms & Conditions,19,text,нет,0,0,0,—,—,нет данных,count,пусто — данных нет,предложено,проверено SQL 2026-09-29,,—
PurchaseOrder,vtiger_crmentity,description,description,Description,19,mediumtext,нет,1365,0,0,?,description,text as-is,count+hash,пусто — данных нет,предложено,проверено SQL 2026-09-29,,—
PurchaseOrder,vtiger_inventoryproductrel,productid,productid,Item Name,10,int,нет,1176,0,0,?,PurchaseOrderItem.product,fk Services/Products→Product,fk,пусто — данных нет,предложено,проверено SQL 2026-09-29,,—
PurchaseOrder,vtiger_inventoryproductrel,quantity,quantity,Quantity,7,"decimal(25,3)",нет,1176,0,0,?,PurchaseOrderItem.quantity,"decimal(25,3)",count+sum,пусто — данных нет,предложено,проверено SQL 2026-09-29,,—
PurchaseOrder,vtiger_inventoryproductrel,listprice,listprice,List Price,71,"decimal(27,8)",нет,1176,0,0,?,PurchaseOrderItem.unitPrice,"decimal(27,8)",count+sum,пусто — данных нет,предложено,проверено SQL 2026-09-29,,—
PurchaseOrder,vtiger_inventoryproductrel,comment,comment,Item Comment,19,text,нет,1130,0,0,?,PurchaseOrderItem.description,text,count+hash,пусто — данных нет,предложено,проверено SQL 2026-09-29,,—
PurchaseOrder,vtiger_inventoryproductrel,discount_amount,discount_amount,Item Discount Amount,71,"decimal(27,8)",нет,253,0,0,?,PurchaseOrderItem.discountAmount,decimal,count+sum,пусто — данных нет,предложено,проверено SQL 2026-09-29,,—
PurchaseOrder,vtiger_inventoryproductrel,discount_percent,discount_percent,Item Discount Percent,7,"decimal(7,3)",нет,250,0,0,?,PurchaseOrderItem.discountPercent,decimal,count+sum,пусто — данных нет,предложено,проверено SQL 2026-09-29,,—
PurchaseOrder,vtiger_inventoryproductrel,tax1,tax1,НДС,83,"decimal(7,3)",нет,252,0,0,?,PurchaseOrderItem.taxRate,decimal % (НДС tax1); в итоги входит только у 2 group-счетов (класс формулы — sourceFormula),count+sum,пусто — данных нет,предложено,проверено SQL 2026-09-29,,—
PurchaseOrder,vtiger_inventoryproductrel,tax2,tax2,Tax2,83,"decimal(7,3)",нет,252,0,0,?,PurchaseOrderItem.vtigerData.tax2,decimal %,count+sum,пусто — данных нет,предложено,проверено SQL 2026-09-29,,—
PurchaseOrder,vtiger_inventoryproductrel,tax3,tax3,Tax3,83,"decimal(7,3)",нет,252,0,0,?,PurchaseOrderItem.vtigerData.tax3,decimal %,count+sum,пусто — данных нет,предложено,проверено SQL 2026-09-29,,—
PurchaseOrder,vtiger_purchaseorder,s_h_percent,hdnS_H_Percent,S&H Percent,1,int,нет,0,0,0,—,—,нет данных,count,пусто — данных нет,предложено,проверено SQL 2026-09-29,,—
PurchaseOrder,vtiger_purchaseorder,discount_percent,hdnDiscountPercent,Discount Percent,1,"decimal(25,3)",нет,0,0,0,—,—,нет данных,count,пусто — данных нет,предложено,проверено SQL 2026-09-29,,—
PurchaseOrder,vtiger_purchaseorder,discount_amount,hdnDiscountAmount,Discount Amount,72,"decimal(25,8)",нет,0,0,0,—,—,нет данных,count,пусто — данных нет,предложено,проверено SQL 2026-09-29,,—
PurchaseOrder,vtiger_inventoryproductrel,image,image,Image,56,varchar(2),нет,0,0,0,—,—,исключено: пустое служебное поле,count,исключено: исключено: пустое служебное поле,предложено,проверено SQL 2026-09-29,,—
PurchaseOrder,vtiger_purchaseorder,region_id,region_id,Tax Region,16,int,нет,0,0,0,?,sourceFormula + vtigerData.region_id,"значимы и NULL, и 0: NULL — документ до 2018-07 (налог строк не входит в итоги), 0 — после; класс формулы ядра (FormulaClass, этап 04.1) → sourceFormula, исходное значение → vtigerData",count,пусто — данных нет,предложено,проверено SQL 2026-09-29,,—
PurchaseOrder,vtiger_purchaseordercf,tax,tax,tax,19,"decimal(25,3)",да,0,0,0,—,—,нет данных,count,пусто — данных нет,предложено,проверено SQL 2026-09-29,,—
SalesOrder,vtiger_salesorder,subject,subject,Subject,2,varchar(100),нет,14,14,14,SalesOrder (собственная),name,string,count+hash,перенос,реализовано (этап 04.2),проверено SQL 2026-09-29,40,ok: SalesOrder.name varchar(255)
SalesOrder,vtiger_salesorder,potentialid,potential_id,Potential Name,76,int,нет,14,14,12,SalesOrder (собственная),opportunity,fk,fk,перенос,реализовано (этап 04.2),проверено SQL 2026-09-29,,ok: SalesOrder.opportunity link
SalesOrder,vtiger_salesorder,customerno,customerno,Customer No,1,varchar(100),нет,0,14,0,—,—,нет данных,count,пусто — данных нет,контракт (этап 04.1),проверено SQL 2026-09-29,0,—
SalesOrder,vtiger_salesorder,salesorder_no,salesorder_no,SalesOrder No,4,varchar(100),нет,14,14,14,SalesOrder (собственная),number,string (ЗАКАЗ_N),count+hash,перенос,реализовано (этап 04.2),проверено SQL 2026-09-29,8,ok: SalesOrder.number varchar(100)
SalesOrder,vtiger_salesorder,quoteid,quote_id,Quote Name,78,int,нет,14,14,0,SalesOrder (собственная),quote,fk Quotes→Quote,fk,пусто — данных нет,реализовано (этап 04.2),проверено SQL 2026-09-29,,пусто в источнике; ok: SalesOrder.quote link
SalesOrder,vtiger_salesorder,purchaseorder,vtiger_purchaseorder,Purchase Order,1,varchar(200),нет,0,14,0,—,—,нет данных,count,пусто — данных нет,контракт (этап 04.1),проверено SQL 2026-09-29,0,—
SalesOrder,vtiger_salesorder,contactid,contact_id,Contact Name,57,int,нет,14,14,8,SalesOrder (собственная),contact,fk Contacts→Contact,fk,перенос,реализовано (этап 04.2),проверено SQL 2026-09-29,,ok: SalesOrder.contact link
SalesOrder,vtiger_salesorder,duedate,duedate,Due Date,5,date,нет,7,14,7,SalesOrder (собственная),dateDue,date,count+hash,перенос,реализовано (этап 04.2),проверено SQL 2026-09-29,,ok: SalesOrder.dateDue date
SalesOrder,vtiger_salesorder,carrier,carrier,Carrier,15,varchar(200),нет,1,14,1,SalesOrder (собственная),vtigerData.carrier,enum,count,архив (только чтение),реализовано (этап 04.2),проверено SQL 2026-09-29,5,ok: SalesOrder.vtigerData jsonObject
SalesOrder,vtiger_salesorder,pending,pending,Pending,1,varchar(200),нет,1,14,1,SalesOrder (собственная),vtigerData.pending,string,count,архив (только чтение),реализовано (этап 04.2),проверено SQL 2026-09-29,15,ok: SalesOrder.vtigerData jsonObject
SalesOrder,vtiger_salesorder,sostatus,sostatus,Status,15,varchar(200),нет,14,14,14,SalesOrder (собственная),status,enum (Одобрено/Создано/Created),count+distribution,перенос,реализовано (этап 04.2),проверено SQL 2026-09-29,8,ok: SalesOrder.status enum
SalesOrder,vtiger_salesorder,adjustment,txtAdjustment,Adjustment,72,"decimal(25,8)",нет,14,14,0,SalesOrder (собственная),adjustment,"decimal(25,8) как есть",count+sum,пусто — данных нет,реализовано (этап 04.2),проверено SQL 2026-09-29,,"пусто в источнике; ok: SalesOrder.adjustment currency decimal(25,8)"
SalesOrder,vtiger_salesorder,salescommission,salescommission,Sales Commission,1,"decimal(25,3)",нет,14,14,0,SalesOrder (собственная),vtigerData.salescommission,decimal,count+sum,пусто — данных нет,реализовано (этап 04.2),проверено SQL 2026-09-29,,пусто в источнике; ok: SalesOrder.vtigerData jsonObject
SalesOrder,vtiger_salesorder,exciseduty,exciseduty,Excise Duty,1,"decimal(25,3)",нет,14,14,0,SalesOrder (собственная),vtigerData.exciseduty,decimal,count+sum,пусто — данных нет,реализовано (этап 04.2),проверено SQL 2026-09-29,,пусто в источнике; ok: SalesOrder.vtigerData jsonObject
SalesOrder,vtiger_salesorder,total,hdnGrandTotal,Total,72,"decimal(25,8)",нет,14,14,14,SalesOrder (собственная),grandTotal,"decimal: исходное значение — эталон, не пересчитывать",count+sum,перенос,реализовано (этап 04.2),проверено SQL 2026-09-29,,"ok: SalesOrder.grandTotal currency decimal(25,8)"
SalesOrder,vtiger_salesorder,subtotal,hdnSubTotal,Sub Total,72,"decimal(25,8)",нет,14,14,14,SalesOrder (собственная),subtotal,"decimal: исходное значение — эталон, не пересчитывать",count+sum,перенос,реализовано (этап 04.2),проверено SQL 2026-09-29,,"ok: SalesOrder.subtotal currency decimal(25,8)"
SalesOrder,vtiger_salesorder,taxtype,hdnTaxType,Tax Type,16,varchar(25),нет,14,14,14,SalesOrder (собственная),taxMode,enum individual|group|group_tax_inc,count+distribution,перенос,реализовано (этап 04.2),проверено SQL 2026-09-29,13,ok: SalesOrder.taxMode enum
SalesOrder,vtiger_salesorder,s_h_amount,hdnS_H_Amount,S&H Amount,72,"decimal(25,8)",нет,14,14,0,SalesOrder (собственная),shippingAmount,decimal (во всех записях 0),count+sum,пусто — данных нет,реализовано (этап 04.2),проверено SQL 2026-09-29,,"пусто в источнике; ok: SalesOrder.shippingAmount currency decimal(25,8)"
SalesOrder,vtiger_salesorder,accountid,account_id,Account Name,73,int,нет,14,14,14,SalesOrder (собственная),account,fk Accounts→Account,fk,перенос,реализовано (этап 04.2),проверено SQL 2026-09-29,,ok: SalesOrder.account link
SalesOrder,vtiger_crmentity,smownerid,assigned_user_id,Assigned To,53,int,нет,6880,14,14,SalesOrder (собственная),assignedUser / teams,owner-map: user→User; group→Team (assignedUser пуст),fk,перенос,реализовано (этап 04.2),проверено SQL 2026-09-29,,ok: SalesOrder.assignedUser link; SalesOrder.teams linkMultiple
SalesOrder,vtiger_crmentity,createdtime,createdtime,Created Time,70,datetime,нет,6880,14,14,SalesOrder (собственная),createdAt,"datetime → UTC по эпохам D-30 (Europe/Moscow до 2022-11, Europe/Berlin до 2026-06-12, далее UTC)",count+hash,перенос,реализовано (этап 04.2),проверено SQL 2026-09-29,,ok: SalesOrder.createdAt datetime
SalesOrder,vtiger_crmentity,modifiedtime,modifiedtime,Modified Time,70,datetime,нет,6880,14,14,SalesOrder (собственная),modifiedAt,"datetime → UTC по эпохам D-30 (Europe/Moscow до 2022-11, Europe/Berlin до 2026-06-12, далее UTC)",count+hash,перенос,реализовано (этап 04.2),проверено SQL 2026-09-29,,ok: SalesOrder.modifiedAt datetime
SalesOrder,vtiger_salesorder,currency_id,currency_id,Currency,117,int,нет,14,14,14,SalesOrder (собственная),currency,1→RUB (единственная валюта),count,перенос,реализовано (этап 04.2),проверено SQL 2026-09-29,,"ok: SalesOrder: валюта RUB (6 денежных полей decimal, onlyDefaultCurrency)"
SalesOrder,vtiger_salesorder,conversion_rate,conversion_rate,Conversion Rate,1,"decimal(10,3)",нет,14,14,14,—,—,исключено: всегда 1.000 (одна валюта),count,исключено: исключено: всегда 1.000 (одна валюта),контракт (этап 04.1),проверено SQL 2026-09-29,,—
SalesOrder,vtiger_crmentity,modifiedby,modifiedby,Last Modified By,52,int,нет,6880,14,14,SalesOrder (собственная),modifiedBy,user-map по vtiger_users.id,fk,перенос,реализовано (этап 04.2),проверено SQL 2026-09-29,,ok: SalesOrder.modifiedBy link
SalesOrder,vtiger_salesorder,one_s_id,one_s_id,1C ID,1,varchar(255),нет,0,14,0,—,—,нет данных,count,пусто — данных нет,контракт (этап 04.1),проверено SQL 2026-09-29,0,—
SalesOrder,vtiger_salesorder,fromsite,fromsite,fromsite,1,int,нет,14,14,0,SalesOrder (собственная),vtigerData.fromsite,int,count,пусто — данных нет,реализовано (этап 04.2),проверено SQL 2026-09-29,,пусто в источнике; ok: SalesOrder.vtigerData jsonObject
SalesOrder,vtiger_salesorder,pre_tax_total,pre_tax_total,Pre Tax Total,72,"decimal(25,8)",нет,14,14,14,SalesOrder (собственная),preTaxTotal,decimal: исходное значение — эталон,count+sum,перенос,реализовано (этап 04.2),проверено SQL 2026-09-29,,"ok: SalesOrder.preTaxTotal currency decimal(25,8)"
SalesOrder,vtiger_salesorder,spcompany,spcompany,Self Company,16,varchar(200),нет,14,14,14,SalesOrder (собственная),legalEntity,"'Default', 'По умолчанию' (русская подпись ключа 'Default') и пусто → одна запись LegalEntity (D-04, LegalEntityResolver); другое значение — остановка импорта, не второе юрлицо",count,перенос,реализовано (этап 04.2),проверено SQL 2026-09-29,12,ok: SalesOrder.legalEntity link
SalesOrder,vtiger_crmentity,smcreatorid,created_user_id,Created By,53,int,нет,6880,14,14,SalesOrder (собственная),createdBy,user-map по vtiger_users.id,fk,перенос,реализовано (этап 04.2),проверено SQL 2026-09-29,,ok: SalesOrder.createdBy link
SalesOrder,vtiger_crmentity,source,source,Source,1,varchar(100),нет,6308,14,14,—,—,исключено: технический канал создания записи Vtiger (CRM/WEBSERVICE),count,исключено: исключено: технический канал создания записи Vtiger (CRM/WEBSERVICE),контракт (этап 04.1),проверено SQL 2026-09-29,10,—
SalesOrder,vtiger_crmentity_user_field,starred,starred,starred,56,varchar(100),нет,5155,14,0,—,—,исключено: персональная «звёздочка» пользователя (истинных значений — единицы),count,исключено: исключено: персональная «звёздочка» пользователя (истинных значений — единицы),контракт (этап 04.1),проверено SQL 2026-09-29,1,—
SalesOrder,vtiger_salesorder,tags,tags,tags,1,varchar(1),нет,0,14,0,—,—,пусто в источнике (теги — vtiger_freetagged_objects),count,исключено: пусто в источнике (теги — vtiger_freetagged_objects),контракт (этап 04.1),проверено SQL 2026-09-29,0,—
SalesOrder,vtiger_sobillads,bill_street,bill_street,Billing Address,24,varchar(250),нет,14,14,14,SalesOrder (собственная),billingAddressStreet,address,count+hash,перенос,реализовано (этап 04.2),проверено SQL 2026-09-29,29,ok: SalesOrder.billingAddressStreet text
SalesOrder,vtiger_soshipads,ship_street,ship_street,Shipping Address,24,varchar(250),нет,14,14,14,SalesOrder (собственная),shippingAddressStreet,address,count+hash,перенос,реализовано (этап 04.2),проверено SQL 2026-09-29,29,ok: SalesOrder.shippingAddressStreet text
SalesOrder,vtiger_sobillads,bill_pobox,bill_pobox,Billing Po Box,1,varchar(30),нет,0,14,0,SalesOrder (собственная),vtigerData.bill_pobox,address,count+hash,пусто — данных нет,реализовано (этап 04.2),проверено SQL 2026-09-29,0,пусто в источнике; ok: SalesOrder.vtigerData jsonObject
SalesOrder,vtiger_soshipads,ship_pobox,ship_pobox,Shipping Po Box,1,varchar(30),нет,0,14,0,SalesOrder (собственная),vtigerData.ship_pobox,address,count+hash,пусто — данных нет,реализовано (этап 04.2),проверено SQL 2026-09-29,0,пусто в источнике; ok: SalesOrder.vtigerData jsonObject
SalesOrder,vtiger_sobillads,bill_city,bill_city,Billing City,1,varchar(30),нет,14,14,14,SalesOrder (собственная),billingAddressCity,address,count+hash,перенос,реализовано (этап 04.2),проверено SQL 2026-09-29,14,ok: SalesOrder.billingAddressCity varchar(100)
SalesOrder,vtiger_soshipads,ship_city,ship_city,Shipping City,1,varchar(30),нет,14,14,14,SalesOrder (собственная),shippingAddressCity,address,count+hash,перенос,реализовано (этап 04.2),проверено SQL 2026-09-29,14,ok: SalesOrder.shippingAddressCity varchar(100)
SalesOrder,vtiger_sobillads,bill_state,bill_state,Billing State,1,varchar(30),нет,10,14,10,SalesOrder (собственная),billingAddressState,address,count+hash,перенос,реализовано (этап 04.2),проверено SQL 2026-09-29,21,ok: SalesOrder.billingAddressState varchar(100)
SalesOrder,vtiger_soshipads,ship_state,ship_state,Shipping State,1,varchar(30),нет,10,14,10,SalesOrder (собственная),shippingAddressState,address,count+hash,перенос,реализовано (этап 04.2),проверено SQL 2026-09-29,21,ok: SalesOrder.shippingAddressState varchar(100)
SalesOrder,vtiger_sobillads,bill_code,bill_code,Billing Code,1,varchar(30),нет,12,14,12,SalesOrder (собственная),billingAddressPostalCode,address,count+hash,перенос,реализовано (этап 04.2),проверено SQL 2026-09-29,6,ok: SalesOrder.billingAddressPostalCode varchar(40)
SalesOrder,vtiger_soshipads,ship_code,ship_code,Shipping Code,1,varchar(30),нет,12,14,12,SalesOrder (собственная),shippingAddressPostalCode,address,count+hash,перенос,реализовано (этап 04.2),проверено SQL 2026-09-29,6,ok: SalesOrder.shippingAddressPostalCode varchar(40)
SalesOrder,vtiger_sobillads,bill_country,bill_country,Billing Country,1,varchar(30),нет,11,14,11,SalesOrder (собственная),billingAddressCountry,address,count+hash,перенос,реализовано (этап 04.2),проверено SQL 2026-09-29,6,ok: SalesOrder.billingAddressCountry varchar(100)
SalesOrder,vtiger_soshipads,ship_country,ship_country,Shipping Country,1,varchar(30),нет,11,14,11,SalesOrder (собственная),shippingAddressCountry,address,count+hash,перенос,реализовано (этап 04.2),проверено SQL 2026-09-29,6,ok: SalesOrder.shippingAddressCountry varchar(100)
SalesOrder,vtiger_salesorder,terms_conditions,terms_conditions,Terms & Conditions,19,text,нет,14,14,14,SalesOrder (собственная),termsAndConditions,text,count+hash,перенос,реализовано (этап 04.2),проверено SQL 2026-09-29,187,ok: SalesOrder.termsAndConditions text
SalesOrder,vtiger_crmentity,description,description,Description,19,mediumtext,нет,1365,14,0,SalesOrder (собственная),description,text as-is,count+hash,пусто — данных нет,реализовано (этап 04.2),проверено SQL 2026-09-29,0,пусто в источнике; ok: SalesOrder.description text
SalesOrder,vtiger_salesorder,enable_recurring,enable_recurring,Enable Recurring,56,int,нет,14,14,3,SalesOrder (собственная),vtigerData.enable_recurring,bool; периодичность закончилась в 2016,count,архив (только чтение),реализовано (этап 04.2),проверено SQL 2026-09-29,,ok: SalesOrder.vtigerData jsonObject
SalesOrder,vtiger_invoice_recurring_info,recurring_frequency,recurring_frequency,Frequency,16,varchar(200),нет,3,13,3,SalesOrder (собственная),vtigerData.recurring_frequency,enum,count,архив (только чтение),реализовано (этап 04.2),проверено SQL 2026-09-29,5,ok: SalesOrder.vtigerData jsonObject
SalesOrder,vtiger_invoice_recurring_info,start_period,start_period,Start Period,5,date,нет,3,13,3,SalesOrder (собственная),vtigerData.start_period,date,count,архив (только чтение),реализовано (этап 04.2),проверено SQL 2026-09-29,,ok: SalesOrder.vtigerData jsonObject
SalesOrder,vtiger_invoice_recurring_info,end_period,end_period,End Period,5,date,нет,3,13,3,SalesOrder (собственная),vtigerData.end_period,date,count,архив (только чтение),реализовано (этап 04.2),проверено SQL 2026-09-29,,ok: SalesOrder.vtigerData jsonObject
SalesOrder,vtiger_invoice_recurring_info,payment_duration,payment_duration,Payment Duration,16,varchar(200),нет,3,13,3,SalesOrder (собственная),vtigerData.payment_duration,enum,count,архив (только чтение),реализовано (этап 04.2),проверено SQL 2026-09-29,13,ok: SalesOrder.vtigerData jsonObject
SalesOrder,vtiger_invoice_recurring_info,invoice_status,invoicestatus,Invoice Status,15,varchar(200),нет,13,13,13,SalesOrder (собственная),vtigerData.recurring_invoice_status,enum,count,архив (только чтение),реализовано (этап 04.2),проверено SQL 2026-09-29,11,ok: SalesOrder.vtigerData jsonObject
SalesOrder,vtiger_inventoryproductrel,productid,productid,Item Name,10,int,нет,1176,14,14,SalesOrder (собственная),SalesOrderItem.product,fk Services/Products→Product,fk,перенос,реализовано (этап 04.2),проверено SQL 2026-09-29,,ok: SalesOrderItem.product link
SalesOrder,vtiger_inventoryproductrel,quantity,quantity,Quantity,7,"decimal(25,3)",нет,1176,14,14,SalesOrder (собственная),SalesOrderItem.quantity,"decimal(25,3)",count+sum,перенос,реализовано (этап 04.2),проверено SQL 2026-09-29,,"ok: SalesOrderItem.quantity decimal decimal(25,3)"
SalesOrder,vtiger_inventoryproductrel,listprice,listprice,List Price,71,"decimal(27,8)",нет,1176,14,14,SalesOrder (собственная),SalesOrderItem.unitPrice,"decimal(27,8)",count+sum,перенос,реализовано (этап 04.2),проверено SQL 2026-09-29,,"ok: SalesOrderItem.unitPrice currency decimal(27,8)"
SalesOrder,vtiger_inventoryproductrel,comment,comment,Item Comment,19,text,нет,1130,14,12,SalesOrder (собственная),SalesOrderItem.description,text,count+hash,перенос,реализовано (этап 04.2),проверено SQL 2026-09-29,52,ok: SalesOrderItem.description text
SalesOrder,vtiger_inventoryproductrel,discount_amount,discount_amount,Item Discount Amount,71,"decimal(27,8)",нет,253,14,0,SalesOrder (собственная),SalesOrderItem.discountAmount,decimal,count+sum,пусто — данных нет,реализовано (этап 04.2),проверено SQL 2026-09-29,,"пусто в источнике; ok: SalesOrderItem.discountAmount currency decimal(27,8)"
SalesOrder,vtiger_inventoryproductrel,discount_percent,discount_percent,Item Discount Percent,7,"decimal(7,3)",нет,250,14,0,SalesOrder (собственная),SalesOrderItem.discountPercent,decimal,count+sum,пусто — данных нет,реализовано (этап 04.2),проверено SQL 2026-09-29,,"пусто в источнике; ok: SalesOrderItem.discountPercent decimal decimal(7,3)"
SalesOrder,vtiger_inventoryproductrel,tax1,tax1,НДС,83,"decimal(7,3)",нет,252,14,13,SalesOrder (собственная),SalesOrderItem.taxRate,decimal % (НДС tax1); в итоги входит только у 2 group-счетов (класс формулы — sourceFormula),count+sum,перенос,реализовано (этап 04.2),проверено SQL 2026-09-29,,"ok: SalesOrderItem.taxRate decimal decimal(7,3)"
SalesOrder,vtiger_inventoryproductrel,tax2,tax2,Tax2,83,"decimal(7,3)",нет,252,14,0,SalesOrder (собственная),SalesOrderItem.vtigerData.tax2,decimal %,count+sum,пусто — данных нет,реализовано (этап 04.2),проверено SQL 2026-09-29,,пусто в источнике; ok: SalesOrderItem.vtigerData jsonObject
SalesOrder,vtiger_inventoryproductrel,tax3,tax3,Tax3,83,"decimal(7,3)",нет,252,14,0,SalesOrder (собственная),SalesOrderItem.vtigerData.tax3,decimal %,count+sum,пусто — данных нет,реализовано (этап 04.2),проверено SQL 2026-09-29,,пусто в источнике; ok: SalesOrderItem.vtigerData jsonObject
SalesOrder,vtiger_salesorder,s_h_percent,hdnS_H_Percent,S&H Percent,1,int,нет,14,14,0,SalesOrder (собственная),shippingTaxPercent,decimal (во всех записях 0),count+sum,пусто — данных нет,реализовано (этап 04.2),проверено SQL 2026-09-29,,пусто в источнике; ok: SalesOrder.shippingTaxPercent decimal
SalesOrder,vtiger_salesorder,discount_percent,hdnDiscountPercent,Discount Percent,1,"decimal(25,3)",нет,0,14,0,SalesOrder (собственная),discountPercent,decimal,count+sum,пусто — данных нет,реализовано (этап 04.2),проверено SQL 2026-09-29,,"пусто в источнике; ok: SalesOrder.discountPercent decimal decimal(25,3)"
SalesOrder,vtiger_salesorder,discount_amount,hdnDiscountAmount,Discount Amount,72,"decimal(25,8)",нет,0,14,0,SalesOrder (собственная),discountAmount,decimal,count+sum,пусто — данных нет,реализовано (этап 04.2),проверено SQL 2026-09-29,,"пусто в источнике; ok: SalesOrder.discountAmount currency decimal(25,8)"
SalesOrder,vtiger_inventoryproductrel,image,image,Image,56,varchar(2),нет,0,14,0,—,—,исключено: пустое служебное поле,count,исключено: исключено: пустое служебное поле,контракт (этап 04.1),проверено SQL 2026-09-29,0,—
SalesOrder,vtiger_inventoryproductrel,purchase_cost,purchase_cost,Purchase Cost,71,"decimal(27,8)",нет,1176,14,0,SalesOrder (собственная),SalesOrderItem.purchaseCost,decimal,count+sum,пусто — данных нет,реализовано (этап 04.2),проверено SQL 2026-09-29,,"пусто в источнике; ok: SalesOrderItem.purchaseCost currency decimal(27,8)"
SalesOrder,vtiger_inventoryproductrel,margin,margin,Margin,71,"decimal(27,8)",нет,1176,14,1,SalesOrder (собственная),SalesOrderItem.margin,decimal: исходное значение; ядро проверяет margin = net − purchase_cost или 0 (не вычислялась),count+sum,перенос,реализовано (этап 04.2),проверено SQL 2026-09-29,,"ok: SalesOrderItem.margin currency decimal(27,8)"
SalesOrder,vtiger_salesorder,region_id,region_id,Tax Region,16,int,нет,1,14,0,SalesOrder (собственная),sourceFormula + vtigerData.region_id,"значимы и NULL, и 0: NULL — документ до 2018-07 (налог строк не входит в итоги), 0 — после; класс формулы ядра (FormulaClass, этап 04.1) → sourceFormula, исходное значение → vtigerData",count,перенос (значимы NULL и 0),реализовано (этап 04.2),проверено SQL 2026-09-29,,ok: SalesOrder.sourceFormula enum; SalesOrder.vtigerData jsonObject
SalesOrder,vtiger_salesordercf,tax,tax,tax,19,"decimal(25,3)",да,0,14,0,SalesOrder (собственная),vtigerData.tax,служебное скрытое поле tax (presence=1),count,пусто — данных нет,реализовано (этап 04.2),проверено SQL 2026-09-29,,пусто в источнике; ok: SalesOrder.vtigerData jsonObject
Invoice,vtiger_invoice,subject,subject,Subject,2,varchar(100),нет,638,636,636,Invoice (собственная),name,string,count+hash,перенос,контракт (этап 04.1),проверено SQL 2026-09-29,66,этап 04.3
Invoice,vtiger_invoice,salesorderid,salesorder_id,Sales Order,80,int,нет,27,636,27,Invoice (собственная),salesOrder,fk SalesOrder→SalesOrder,fk,перенос,контракт (этап 04.1),проверено SQL 2026-09-29,,этап 04.3
Invoice,vtiger_invoice,customerno,customerno,Customer No,1,varchar(100),нет,1,636,1,Invoice (собственная),vtigerData.customerno,string,count,архив (только чтение),контракт (этап 04.1),проверено SQL 2026-09-29,4,этап 04.3
Invoice,vtiger_invoice,invoice_no,invoice_no,Invoice No,4,varchar(100),нет,636,636,636,Invoice (собственная),number,string как есть (форматы С-N и СЧЕТ_N; 2 пустых),count+hash,перенос,контракт (этап 04.1),проверено SQL 2026-09-29,8,этап 04.3
Invoice,vtiger_invoice,contactid,contact_id,Contact Name,57,int,нет,638,636,23,Invoice (собственная),contact,fk Contacts→Contact,fk,перенос,контракт (этап 04.1),проверено SQL 2026-09-29,,этап 04.3
Invoice,vtiger_invoice,invoicedate,invoicedate,Invoice Date,5,date,нет,637,636,635,Invoice (собственная),dateInvoiced,date,count+hash,перенос,контракт (этап 04.1),проверено SQL 2026-09-29,,этап 04.3
Invoice,vtiger_invoice,duedate,duedate,Due Date,5,date,нет,536,636,536,Invoice (собственная),dateDue,date,count+hash,перенос,контракт (этап 04.1),проверено SQL 2026-09-29,,этап 04.3
Invoice,vtiger_invoice,purchaseorder,vtiger_purchaseorder,Purchase Order,1,varchar(200),нет,0,636,0,—,—,нет данных,count,пусто — данных нет,контракт (этап 04.1),проверено SQL 2026-09-29,0,—
Invoice,vtiger_invoice,adjustment,txtAdjustment,Adjustment,72,"decimal(25,8)",нет,638,636,0,Invoice (собственная),adjustment,"decimal(25,8) как есть",count+sum,пусто — данных нет,контракт (этап 04.1),проверено SQL 2026-09-29,,—
Invoice,vtiger_invoice,exciseduty,exciseduty,Excise Duty,1,"decimal(25,3)",нет,638,636,0,Invoice (собственная),vtigerData.exciseduty,decimal,count+sum,пусто — данных нет,контракт (этап 04.1),проверено SQL 2026-09-29,,—
Invoice,vtiger_invoice,subtotal,hdnSubTotal,Sub Total,72,"decimal(25,8)",нет,638,636,636,Invoice (собственная),subtotal,"decimal: исходное значение — эталон, не пересчитывать",count+sum,перенос,контракт (этап 04.1),проверено SQL 2026-09-29,,этап 04.3
Invoice,vtiger_invoice,salescommission,salescommission,Sales Commission,1,"decimal(25,3)",нет,638,636,0,Invoice (собственная),vtigerData.salescommission,decimal,count+sum,пусто — данных нет,контракт (этап 04.1),проверено SQL 2026-09-29,,—
Invoice,vtiger_invoice,total,hdnGrandTotal,Total,72,"decimal(25,8)",нет,638,636,636,Invoice (собственная),grandTotal,"decimal: исходное значение — эталон, не пересчитывать",count+sum,перенос,контракт (этап 04.1),проверено SQL 2026-09-29,,этап 04.3
Invoice,vtiger_invoice,taxtype,hdnTaxType,Tax Type,16,varchar(25),нет,638,636,636,Invoice (собственная),taxMode,enum individual|group|group_tax_inc,count+distribution,перенос,контракт (этап 04.1),проверено SQL 2026-09-29,13,этап 04.3
Invoice,vtiger_invoice,accountid,account_id,Account Name,73,int,нет,638,636,636,Invoice (собственная),account,fk Accounts→Account,fk,перенос,контракт (этап 04.1),проверено SQL 2026-09-29,,этап 04.3
Invoice,vtiger_invoice,invoicestatus,invoicestatus,Status,15,varchar(200),нет,634,636,632,Invoice (собственная),status,enum: Created/Sent/Paid/Cancel/Credit Invoice/Approved + пусто,count+distribution,перенос,контракт (этап 04.1),проверено SQL 2026-09-29,14,этап 04.3
Invoice,vtiger_crmentity,smownerid,assigned_user_id,Assigned To,53,int,нет,6880,636,636,Invoice (собственная),assignedUser / teams,owner-map: user→User; group→Team (assignedUser пуст),fk,перенос,контракт (этап 04.1),проверено SQL 2026-09-29,,этап 04.3
Invoice,vtiger_crmentity,createdtime,createdtime,Created Time,70,datetime,нет,6880,636,636,Invoice (собственная),createdAt,"datetime → UTC по эпохам D-30 (Europe/Moscow до 2022-11, Europe/Berlin до 2026-06-12, далее UTC)",count+hash,перенос,контракт (этап 04.1),проверено SQL 2026-09-29,,этап 04.3
Invoice,vtiger_crmentity,modifiedtime,modifiedtime,Modified Time,70,datetime,нет,6880,636,636,Invoice (собственная),modifiedAt,"datetime → UTC по эпохам D-30 (Europe/Moscow до 2022-11, Europe/Berlin до 2026-06-12, далее UTC)",count+hash,перенос,контракт (этап 04.1),проверено SQL 2026-09-29,,этап 04.3
Invoice,vtiger_invoice,currency_id,currency_id,Currency,117,int,нет,638,636,636,Invoice (собственная),currency,1→RUB (единственная валюта),count,перенос,контракт (этап 04.1),проверено SQL 2026-09-29,,этап 04.3
Invoice,vtiger_invoice,conversion_rate,conversion_rate,Conversion Rate,1,"decimal(10,3)",нет,638,636,636,—,—,исключено: всегда 1.000 (одна валюта),count,исключено: исключено: всегда 1.000 (одна валюта),контракт (этап 04.1),проверено SQL 2026-09-29,,—
Invoice,vtiger_crmentity,modifiedby,modifiedby,Last Modified By,52,int,нет,6880,636,636,Invoice (собственная),modifiedBy,user-map по vtiger_users.id,fk,перенос,контракт (этап 04.1),проверено SQL 2026-09-29,,этап 04.3
Invoice,vtiger_invoice,sp_act_id,sp_act_id,Act,10,int,нет,638,636,392,Invoice (собственная),act,fk Act (0..1; ни один акт не связан с >1 счётом),fk,перенос,контракт (этап 04.1),проверено SQL 2026-09-29,,этап 04.3
Invoice,vtiger_invoice,pre_tax_total,pre_tax_total,Pre Tax Total,72,"decimal(25,8)",нет,638,636,636,Invoice (собственная),preTaxTotal,decimal: исходное значение — эталон,count+sum,перенос,контракт (этап 04.1),проверено SQL 2026-09-29,,этап 04.3
Invoice,vtiger_invoice,received,received,Received,72,"decimal(25,8)",нет,638,636,0,Invoice (собственная),vtigerData.received,decimal: во всех записях 0 — оплата считается по Payment,count+sum,пусто — данных нет,контракт (этап 04.1),проверено SQL 2026-09-29,,—
Invoice,vtiger_invoice,balance,balance,Balance,72,"decimal(25,8)",нет,638,636,636,Invoice (собственная),balanceSource,decimal: исходное значение как контроль (не поддерживается Vtiger),count+sum,перенос,контракт (этап 04.1),проверено SQL 2026-09-29,,этап 04.3
Invoice,vtiger_invoice,spcompany,spcompany,Self Company,16,varchar(200),нет,638,636,636,Invoice (собственная),legalEntity,"'Default', 'По умолчанию' (русская подпись ключа 'Default') и пусто → одна запись LegalEntity (D-04, LegalEntityResolver); другое значение — остановка импорта, не второе юрлицо",count,перенос,контракт (этап 04.1),проверено SQL 2026-09-29,12,этап 04.3
Invoice,vtiger_crmentity,smcreatorid,created_user_id,Created By,53,int,нет,6880,636,636,Invoice (собственная),createdBy,user-map по vtiger_users.id,fk,перенос,контракт (этап 04.1),проверено SQL 2026-09-29,,этап 04.3
Invoice,vtiger_invoice,potential_id,potential_id,Potential Name,10,varchar(100),нет,638,636,636,Invoice (собственная),opportunity,fk Potentials→Opportunity,fk,перенос,контракт (этап 04.1),проверено SQL 2026-09-29,4,этап 04.3
Invoice,vtiger_crmentity,source,source,Source,1,varchar(100),нет,6308,636,636,—,—,исключено: технический канал создания записи Vtiger (CRM/WEBSERVICE),count,исключено: исключено: технический канал создания записи Vtiger (CRM/WEBSERVICE),контракт (этап 04.1),проверено SQL 2026-09-29,10,—
Invoice,vtiger_crmentity_user_field,starred,starred,starred,56,varchar(100),нет,5155,636,0,—,—,исключено: персональная «звёздочка» пользователя (истинных значений — единицы),count,исключено: исключено: персональная «звёздочка» пользователя (истинных значений — единицы),контракт (этап 04.1),проверено SQL 2026-09-29,1,—
Invoice,vtiger_invoice,tags,tags,tags,1,varchar(1),нет,0,636,0,—,—,пусто в источнике (теги — vtiger_freetagged_objects),count,исключено: пусто в источнике (теги — vtiger_freetagged_objects),контракт (этап 04.1),проверено SQL 2026-09-29,0,—
Invoice,vtiger_invoicebillads,bill_street,bill_street,Billing Address,24,varchar(250),нет,638,636,636,Invoice (собственная),billingAddressStreet,address,count+hash,перенос,контракт (этап 04.1),проверено SQL 2026-09-29,88,этап 04.3
Invoice,vtiger_invoiceshipads,ship_street,ship_street,Shipping Address,24,varchar(250),нет,638,636,636,Invoice (собственная),shippingAddressStreet,address,count+hash,перенос,контракт (этап 04.1),проверено SQL 2026-09-29,88,этап 04.3
Invoice,vtiger_invoicebillads,bill_pobox,bill_pobox,Billing Po Box,1,varchar(30),нет,0,636,0,Invoice (собственная),vtigerData.bill_pobox,address,count+hash,пусто — данных нет,контракт (этап 04.1),проверено SQL 2026-09-29,0,—
Invoice,vtiger_invoiceshipads,ship_pobox,ship_pobox,Shipping Po Box,1,varchar(30),нет,40,636,40,Invoice (собственная),vtigerData.ship_pobox,address,count+hash,архив (только чтение),контракт (этап 04.1),проверено SQL 2026-09-29,1,этап 04.3
Invoice,vtiger_invoicebillads,bill_city,bill_city,Billing City,1,varchar(30),нет,615,636,613,Invoice (собственная),billingAddressCity,address,count+hash,перенос,контракт (этап 04.1),проверено SQL 2026-09-29,15,этап 04.3
Invoice,vtiger_invoiceshipads,ship_city,ship_city,Shipping City,1,varchar(30),нет,615,636,613,Invoice (собственная),shippingAddressCity,address,count+hash,перенос,контракт (этап 04.1),проверено SQL 2026-09-29,15,этап 04.3
Invoice,vtiger_invoicebillads,bill_state,bill_state,Billing State,1,varchar(30),нет,366,636,366,Invoice (собственная),billingAddressState,address,count+hash,перенос,контракт (этап 04.1),проверено SQL 2026-09-29,21,этап 04.3
Invoice,vtiger_invoiceshipads,ship_state,ship_state,Shipping State,1,varchar(30),нет,369,636,369,Invoice (собственная),shippingAddressState,address,count+hash,перенос,контракт (этап 04.1),проверено SQL 2026-09-29,21,этап 04.3
Invoice,vtiger_invoicebillads,bill_code,bill_code,Billing Code,1,varchar(30),нет,578,636,576,Invoice (собственная),billingAddressPostalCode,address,count+hash,перенос,контракт (этап 04.1),проверено SQL 2026-09-29,7,этап 04.3
Invoice,vtiger_invoiceshipads,ship_code,ship_code,Shipping Code,1,varchar(30),нет,566,636,564,Invoice (собственная),shippingAddressPostalCode,address,count+hash,перенос,контракт (этап 04.1),проверено SQL 2026-09-29,7,этап 04.3
Invoice,vtiger_invoicebillads,bill_country,bill_country,Billing Country,1,varchar(30),нет,633,636,631,Invoice (собственная),billingAddressCountry,address,count+hash,перенос,контракт (этап 04.1),проверено SQL 2026-09-29,22,этап 04.3
Invoice,vtiger_invoiceshipads,ship_country,ship_country,Shipping Country,1,varchar(30),нет,633,636,631,Invoice (собственная),shippingAddressCountry,address,count+hash,перенос,контракт (этап 04.1),проверено SQL 2026-09-29,22,этап 04.3
Invoice,vtiger_invoice,s_h_amount,hdnS_H_Amount,S&H Amount,72,"decimal(25,8)",нет,638,636,0,Invoice (собственная),shippingAmount,decimal (во всех записях 0),count+sum,пусто — данных нет,контракт (этап 04.1),проверено SQL 2026-09-29,,—
Invoice,vtiger_invoice,terms_conditions,terms_conditions,Terms & Conditions,19,text,нет,638,636,636,Invoice (собственная),termsAndConditions,text,count+hash,перенос,контракт (этап 04.1),проверено SQL 2026-09-29,187,этап 04.3
Invoice,vtiger_crmentity,description,description,Description,19,mediumtext,нет,1365,636,6,Invoice (собственная),description,text as-is,count+hash,перенос,контракт (этап 04.1),проверено SQL 2026-09-29,111,этап 04.3
Invoice,vtiger_inventoryproductrel,productid,productid,Item Name,10,int,нет,1176,712,712,Invoice (собственная),InvoiceItem.product,fk Services/Products→Product,fk,перенос,контракт (этап 04.1),проверено SQL 2026-09-29,,этап 04.3
Invoice,vtiger_inventoryproductrel,quantity,quantity,Quantity,7,"decimal(25,3)",нет,1176,712,712,Invoice (собственная),InvoiceItem.quantity,"decimal(25,3)",count+sum,перенос,контракт (этап 04.1),проверено SQL 2026-09-29,,этап 04.3
Invoice,vtiger_inventoryproductrel,listprice,listprice,List Price,71,"decimal(27,8)",нет,1176,712,712,Invoice (собственная),InvoiceItem.unitPrice,"decimal(27,8)",count+sum,перенос,контракт (этап 04.1),проверено SQL 2026-09-29,,этап 04.3
Invoice,vtiger_inventoryproductrel,comment,comment,Item Comment,19,text,нет,1130,712,685,Invoice (собственная),InvoiceItem.description,text,count+hash,перенос,контракт (этап 04.1),проверено SQL 2026-09-29,130,этап 04.3
Invoice,vtiger_inventoryproductrel,discount_amount,discount_amount,Item Discount Amount,71,"decimal(27,8)",нет,253,712,2,Invoice (собственная),InvoiceItem.discountAmount,decimal,count+sum,перенос,контракт (этап 04.1),проверено SQL 2026-09-29,,этап 04.3
Invoice,vtiger_inventoryproductrel,discount_percent,discount_percent,Item Discount Percent,7,"decimal(7,3)",нет,250,712,0,Invoice (собственная),InvoiceItem.discountPercent,decimal,count+sum,пусто — данных нет,контракт (этап 04.1),проверено SQL 2026-09-29,,—
Invoice,vtiger_inventoryproductrel,tax1,tax1,НДС,83,"decimal(7,3)",нет,252,712,211,Invoice (собственная),InvoiceItem.taxRate,decimal % (НДС tax1); в итоги входит только у 2 group-счетов (класс формулы — sourceFormula),count+sum,перенос,контракт (этап 04.1),проверено SQL 2026-09-29,,этап 04.3
Invoice,vtiger_inventoryproductrel,tax2,tax2,Tax2,83,"decimal(7,3)",нет,252,712,0,Invoice (собственная),InvoiceItem.vtigerData.tax2,decimal %,count+sum,пусто — данных нет,контракт (этап 04.1),проверено SQL 2026-09-29,,—
Invoice,vtiger_inventoryproductrel,tax3,tax3,Tax3,83,"decimal(7,3)",нет,252,712,0,Invoice (собственная),InvoiceItem.vtigerData.tax3,decimal %,count+sum,пусто — данных нет,контракт (этап 04.1),проверено SQL 2026-09-29,,—
Invoice,vtiger_invoice,s_h_percent,hdnS_H_Percent,S&H Percent,1,"decimal(25,8)",нет,638,636,0,Invoice (собственная),shippingTaxPercent,decimal (во всех записях 0),count+sum,пусто — данных нет,контракт (этап 04.1),проверено SQL 2026-09-29,,—
Invoice,vtiger_invoice,discount_percent,hdnDiscountPercent,Discount Percent,1,"decimal(25,3)",нет,0,636,0,Invoice (собственная),discountPercent,decimal,count+sum,пусто — данных нет,контракт (этап 04.1),проверено SQL 2026-09-29,,—
Invoice,vtiger_invoice,discount_amount,hdnDiscountAmount,Discount Amount,72,"decimal(25,8)",нет,1,636,1,Invoice (собственная),discountAmount,decimal,count+sum,перенос,контракт (этап 04.1),проверено SQL 2026-09-29,,этап 04.3
Invoice,vtiger_inventoryproductrel,image,image,Image,56,varchar(2),нет,0,712,0,—,—,исключено: пустое служебное поле,count,исключено: исключено: пустое служебное поле,контракт (этап 04.1),проверено SQL 2026-09-29,0,—
Invoice,vtiger_inventoryproductrel,purchase_cost,purchase_cost,Purchase Cost,71,"decimal(27,8)",нет,1176,712,0,Invoice (собственная),InvoiceItem.purchaseCost,decimal,count+sum,пусто — данных нет,контракт (этап 04.1),проверено SQL 2026-09-29,,—
Invoice,vtiger_inventoryproductrel,margin,margin,Margin,71,"decimal(27,8)",нет,1176,712,486,Invoice (собственная),InvoiceItem.margin,decimal: исходное значение; ядро проверяет margin = net − purchase_cost или 0 (не вычислялась),count+sum,перенос,контракт (этап 04.1),проверено SQL 2026-09-29,,этап 04.3
Invoice,vtiger_invoice,region_id,region_id,Tax Region,16,int,нет,487,636,0,Invoice (собственная),sourceFormula + vtigerData.region_id,"значимы и NULL, и 0: NULL — документ до 2018-07 (налог строк не входит в итоги), 0 — после; класс формулы ядра (FormulaClass, этап 04.1) → sourceFormula, исходное значение → vtigerData",count,перенос (значимы NULL и 0),контракт (этап 04.1),проверено SQL 2026-09-29,,этап 04.3
Invoice,vtiger_invoicecf,tax,tax,tax,19,"decimal(25,3)",да,2,636,2,Invoice (собственная),vtigerData.tax,служебное скрытое поле tax (presence=1),count,архив (только чтение),контракт (этап 04.1),проверено SQL 2026-09-29,,этап 04.3
Campaigns,vtiger_campaignrelstatus,campaignrelstatus,campaignrelstatus,Status,16,varchar(256),нет,3,0,0,—,—,нет данных,count,пусто — данных нет,предложено,проверено SQL 2026-09-29,,—
Campaigns,vtiger_campaign,campaignname,campaignname,Campaign Name,2,varchar(255),нет,0,0,0,—,—,нет данных,count,пусто — данных нет,предложено,проверено SQL 2026-09-29,,—
Campaigns,vtiger_campaign,campaign_no,campaign_no,Campaign No,4,varchar(100),нет,0,0,0,—,—,нет данных,count,пусто — данных нет,предложено,проверено SQL 2026-09-29,,—
Campaigns,vtiger_crmentity,smownerid,assigned_user_id,Assigned To,53,int,нет,6880,0,0,?,assignedUser / teams,owner-map: user→User; group→Team (assignedUser пуст),fk,пусто — данных нет,предложено,проверено SQL 2026-09-29,,—
Campaigns,vtiger_campaign,campaignstatus,campaignstatus,Campaign Status,15,varchar(200),нет,0,0,0,—,—,нет данных,count,пусто — данных нет,предложено,проверено SQL 2026-09-29,,—
Campaigns,vtiger_campaign,campaigntype,campaigntype,Campaign Type,15,varchar(200),нет,0,0,0,—,—,нет данных,count,пусто — данных нет,предложено,проверено SQL 2026-09-29,,—
Campaigns,vtiger_campaign,product_id,product_id,Product,59,int,нет,0,0,0,—,—,нет данных,count,пусто — данных нет,предложено,проверено SQL 2026-09-29,,—
Campaigns,vtiger_campaign,targetaudience,targetaudience,Target Audience,1,varchar(255),нет,0,0,0,—,—,нет данных,count,пусто — данных нет,предложено,проверено SQL 2026-09-29,,—
Campaigns,vtiger_campaign,closingdate,closingdate,Expected Close Date,23,date,нет,0,0,0,—,—,нет данных,count,пусто — данных нет,предложено,проверено SQL 2026-09-29,,—
Campaigns,vtiger_campaign,sponsor,sponsor,Sponsor,1,varchar(255),нет,0,0,0,—,—,нет данных,count,пусто — данных нет,предложено,проверено SQL 2026-09-29,,—
Campaigns,vtiger_campaign,targetsize,targetsize,TargetSize,1,int,нет,0,0,0,—,—,нет данных,count,пусто — данных нет,предложено,проверено SQL 2026-09-29,,—
Campaigns,vtiger_crmentity,createdtime,createdtime,Created Time,70,datetime,нет,6880,0,0,?,createdAt,"datetime → UTC по эпохам D-30 (Europe/Moscow до 2022-11, Europe/Berlin до 2026-06-12, далее UTC)",count+hash,пусто — данных нет,предложено,проверено SQL 2026-09-29,,—
Campaigns,vtiger_campaign,numsent,numsent,Num Sent,9,"decimal(11,0)",нет,0,0,0,—,—,нет данных,count,пусто — данных нет,предложено,проверено SQL 2026-09-29,,—
Campaigns,vtiger_crmentity,modifiedtime,modifiedtime,Modified Time,70,datetime,нет,6880,0,0,?,modifiedAt,"datetime → UTC по эпохам D-30 (Europe/Moscow до 2022-11, Europe/Berlin до 2026-06-12, далее UTC)",count+hash,пусто — данных нет,предложено,проверено SQL 2026-09-29,,—
Campaigns,vtiger_crmentity,modifiedby,modifiedby,Last Modified By,52,int,нет,6880,0,0,?,modifiedBy,user-map по vtiger_users.id,fk,пусто — данных нет,предложено,проверено SQL 2026-09-29,,—
Campaigns,vtiger_crmentity,smcreatorid,created_user_id,Created By,53,int,нет,6880,0,0,?,createdBy,user-map по vtiger_users.id,fk,пусто — данных нет,предложено,проверено SQL 2026-09-29,,—
Campaigns,vtiger_crmentity,source,source,Source,1,varchar(100),нет,6308,0,0,—,—,исключено: технический канал создания записи Vtiger (CRM/WEBSERVICE),count,исключено: исключено: технический канал создания записи Vtiger (CRM/WEBSERVICE),предложено,проверено SQL 2026-09-29,,—
Campaigns,vtiger_crmentity_user_field,starred,starred,starred,56,varchar(100),нет,5155,0,0,—,—,исключено: персональная «звёздочка» пользователя (истинных значений — единицы),count,исключено: исключено: персональная «звёздочка» пользователя (истинных значений — единицы),предложено,проверено SQL 2026-09-29,,—
Campaigns,vtiger_campaign,tags,tags,tags,1,varchar(1),нет,0,0,0,—,—,пусто в источнике (теги — vtiger_freetagged_objects),count,исключено: пусто в источнике (теги — vtiger_freetagged_objects),предложено,проверено SQL 2026-09-29,,—
Campaigns,vtiger_campaign,budgetcost,budgetcost,Budget Cost,71,"decimal(25,8)",нет,0,0,0,—,—,нет данных,count,пусто — данных нет,предложено,проверено SQL 2026-09-29,,—
Campaigns,vtiger_campaign,actualcost,actualcost,Actual Cost,71,"decimal(25,8)",нет,0,0,0,—,—,нет данных,count,пусто — данных нет,предложено,проверено SQL 2026-09-29,,—
Campaigns,vtiger_campaign,expectedresponse,expectedresponse,Expected Response,15,varchar(200),нет,0,0,0,—,—,нет данных,count,пусто — данных нет,предложено,проверено SQL 2026-09-29,,—
Campaigns,vtiger_campaign,expectedrevenue,expectedrevenue,Expected Revenue,71,"decimal(25,8)",нет,0,0,0,—,—,нет данных,count,пусто — данных нет,предложено,проверено SQL 2026-09-29,,—
Campaigns,vtiger_campaign,expectedsalescount,expectedsalescount,Expected Sales Count,1,int,нет,0,0,0,—,—,нет данных,count,пусто — данных нет,предложено,проверено SQL 2026-09-29,,—
Campaigns,vtiger_campaign,actualsalescount,actualsalescount,Actual Sales Count,1,int,нет,0,0,0,—,—,нет данных,count,пусто — данных нет,предложено,проверено SQL 2026-09-29,,—
Campaigns,vtiger_campaign,expectedresponsecount,expectedresponsecount,Expected Response Count,1,int,нет,0,0,0,—,—,нет данных,count,пусто — данных нет,предложено,проверено SQL 2026-09-29,,—
Campaigns,vtiger_campaign,actualresponsecount,actualresponsecount,Actual Response Count,1,int,нет,0,0,0,—,—,нет данных,count,пусто — данных нет,предложено,проверено SQL 2026-09-29,,—
Campaigns,vtiger_campaign,expectedroi,expectedroi,Expected ROI,71,"decimal(25,8)",нет,0,0,0,—,—,нет данных,count,пусто — данных нет,предложено,проверено SQL 2026-09-29,,—
Campaigns,vtiger_campaign,actualroi,actualroi,Actual ROI,71,"decimal(25,8)",нет,0,0,0,—,—,нет данных,count,пусто — данных нет,предложено,проверено SQL 2026-09-29,,—
Campaigns,vtiger_crmentity,description,description,Description,19,mediumtext,нет,1365,0,0,?,description,text as-is,count+hash,пусто — данных нет,предложено,проверено SQL 2026-09-29,,—
Users,vtiger_users,user_name,user_name,User Name,106,varchar(255),нет,7,7,7,User,userName,string,count+hash,перенос,реализовано (этап 03),проверено SQL 2026-09-29,8,ok: User.userName varchar(50)
Users,vtiger_users,email1,email1,Email,104,varchar(100),нет,7,7,7,User,emailAddress,email,count+hash,перенос,реализовано (этап 03),проверено SQL 2026-09-29,24,ok: User.emailAddress email
Users,vtiger_users,first_name,first_name,First Name,1,varchar(30),нет,6,7,6,User,firstName,string,count+hash,перенос,реализовано (этап 03),проверено SQL 2026-09-29,22,ok: User.firstName varchar(100)
Users,vtiger_users,last_name,last_name,Last Name,2,varchar(30),нет,7,7,7,User,lastName,string,count+hash,перенос,реализовано (этап 03),проверено SQL 2026-09-29,14,ok: User.lastName varchar(100)
Users,vtiger_users,user_password,user_password,Password,99,varchar(200),нет,7,7,7,—,—,исключено: секрет; пароли задаются заново,count,исключено: исключено: секрет; пароли задаются заново,предложено,проверено SQL 2026-09-29,34,—
Users,vtiger_users,confirm_password,confirm_password,Confirm Password,99,varchar(300),нет,7,7,7,—,—,исключено: секрет,count,исключено: исключено: секрет,предложено,проверено SQL 2026-09-29,34,—
Users,vtiger_users,is_admin,is_admin,Admin,156,varchar(3),нет,7,7,7,User,type,"эффективный флаг Vtiger ($is_admin в user_privileges): 'on' → admin (1 пользователь); '1' у user#8 прав администратора не даёт → regular (проверено 2026-09-30; подтверждено владельцем, Q-35)",count+distribution,перенос,реализовано (этап 03),проверено SQL 2026-09-29,3,ok: User.type enum
Users,vtiger_user2role,roleid,roleid,Role,98,varchar(255),нет,7,7,7,User,roles,"H2→Директор, H3→Заместитель директора, H4→Менеджер по продажам, H10→Менеджер клиентов (роли EspoCRM: itvolga-setup-acl, D-22)",count+distribution,перенос,реализовано (этап 03),проверено SQL 2026-09-29,3,ok: User.roles linkMultiple
Users,vtiger_users,lead_view,lead_view,Default Lead View,16,varchar(200),нет,7,7,7,—,—,UI-настройка Vtiger (Preferences EspoCRM задаются заново),count,исключено: UI-настройка Vtiger (Preferences EspoCRM задаются заново),предложено,проверено SQL 2026-09-29,5,—
Users,vtiger_users,status,status,Status,115,varchar(25),нет,7,7,7,User,isActive,Active→true,count+distribution,перенос,реализовано (этап 03),проверено SQL 2026-09-29,6,ok: User.isActive bool
Users,vtiger_users,end_hour,end_hour,Day ends at,116,varchar(30),нет,1,7,1,—,—,UI-настройка Vtiger (Preferences EspoCRM задаются заново),count,исключено: UI-настройка Vtiger (Preferences EspoCRM задаются заново),предложено,проверено SQL 2026-09-29,5,—
Users,vtiger_users,is_owner,is_owner,Account Owner,1,varchar(100),нет,1,7,1,—,—,UI-настройка Vtiger (Preferences EspoCRM задаются заново),count,исключено: UI-настройка Vtiger (Preferences EspoCRM задаются заново),предложено,проверено SQL 2026-09-29,1,—
Users,vtiger_users,currency_id,currency_id,Currency,117,int,нет,7,7,7,User,preferences (валюта),RUB,count,перенос,реализовано (этап 03),проверено SQL 2026-09-29,,ok: Preferences: валюта RUB по умолчанию
Users,vtiger_users,currency_grouping_pattern,currency_grouping_pattern,Digit Grouping Pattern,16,varchar(100),нет,7,7,7,—,—,UI-настройка Vtiger (Preferences EspoCRM задаются заново),count,исключено: UI-настройка Vtiger (Preferences EspoCRM задаются заново),предложено,проверено SQL 2026-09-29,9,—
Users,vtiger_users,currency_decimal_separator,currency_decimal_separator,Decimal Separator,16,varchar(2),нет,7,7,7,—,—,UI-настройка Vtiger (Preferences EspoCRM задаются заново),count,исключено: UI-настройка Vtiger (Preferences EspoCRM задаются заново),предложено,проверено SQL 2026-09-29,1,—
Users,vtiger_users,currency_grouping_separator,currency_grouping_separator,Digit Grouping Separator,16,varchar(2),нет,7,7,7,—,—,UI-настройка Vtiger (Preferences EspoCRM задаются заново),count,исключено: UI-настройка Vtiger (Preferences EspoCRM задаются заново),предложено,проверено SQL 2026-09-29,1,—
Users,vtiger_users,currency_symbol_placement,currency_symbol_placement,Symbol Placement,16,varchar(20),нет,7,7,7,—,—,UI-настройка Vtiger (Preferences EspoCRM задаются заново),count,исключено: UI-настройка Vtiger (Preferences EspoCRM задаются заново),предложено,проверено SQL 2026-09-29,4,—
Users,vtiger_users,no_of_currency_decimals,no_of_currency_decimals,Number Of Currency Decimals,16,varchar(2),нет,7,7,7,—,—,UI-настройка Vtiger (Preferences EspoCRM задаются заново),count,исключено: UI-настройка Vtiger (Preferences EspoCRM задаются заново),предложено,проверено SQL 2026-09-29,1,—
Users,vtiger_users,truncate_trailing_zeros,truncate_trailing_zeros,Truncate Trailing Zeros,56,varchar(3),нет,7,7,1,—,—,UI-настройка Vtiger (Preferences EspoCRM задаются заново),count,исключено: UI-настройка Vtiger (Preferences EspoCRM задаются заново),предложено,проверено SQL 2026-09-29,1,—
Users,vtiger_users,title,title,Title,1,varchar(50),нет,5,7,5,User,title,string,count+hash,перенос,реализовано (этап 03),проверено SQL 2026-09-29,36,ok: User.title varchar(100)
Users,vtiger_users,phone_fax,phone_fax,Fax,11,varchar(50),нет,0,7,0,—,—,нет данных,count,пусто — данных нет,предложено,проверено SQL 2026-09-29,0,—
Users,vtiger_users,department,department,Department,1,varchar(50),нет,1,7,1,User,vtigerData.department,string,count,архив (только чтение),реализовано (этап 03),проверено SQL 2026-09-29,12,ok: User.vtigerData jsonObject
Users,vtiger_users,email2,email2,Other Email,13,varchar(100),нет,0,7,0,—,—,нет данных,count,пусто — данных нет,предложено,проверено SQL 2026-09-29,0,—
Users,vtiger_users,phone_work,phone_work,Office Phone,11,varchar(50),нет,5,7,5,User,phoneNumber[Office],phone,count+hash,перенос,реализовано (этап 03),проверено SQL 2026-09-29,13,ok: User.phoneNumber phone
Users,vtiger_users,secondaryemail,secondaryemail,Secondary Email,13,varchar(100),нет,0,7,0,—,—,нет данных,count,пусто — данных нет,предложено,проверено SQL 2026-09-29,0,—
Users,vtiger_users,phone_mobile,phone_mobile,Mobile,11,varchar(50),нет,5,7,5,User,phoneNumber[Mobile],phone,count+hash,перенос,реализовано (этап 03),проверено SQL 2026-09-29,13,ok: User.phoneNumber phone
Users,vtiger_users,reports_to_id,reports_to_id,Reports To,101,varchar(36),нет,0,7,0,—,—,нет данных,count,пусто — данных нет,предложено,проверено SQL 2026-09-29,0,—
Users,vtiger_users,phone_home,phone_home,Home Phone,11,varchar(50),нет,3,7,3,—,—,"исключено: личный телефон сотрудника (решение владельца, Q-09)",count,"исключено: исключено: личный телефон сотрудника (решение владельца, Q-09)",решено,проверено SQL 2026-09-29,3,—
Users,vtiger_users,phone_other,phone_other,Other Phone,11,varchar(50),нет,0,7,0,—,—,нет данных,count,пусто — данных нет,предложено,проверено SQL 2026-09-29,0,—
Users,vtiger_users,signature,signature,Signature,21,text,нет,2,7,2,User,preferences.signature,html,count+hash,перенос,реализовано (этап 03),проверено SQL 2026-09-29,1259,ok: Preferences.signature wysiwyg
Users,vtiger_users,description,description,Documents,21,text,нет,0,7,0,User,description,text as-is,count+hash,пусто — данных нет,предложено,проверено SQL 2026-09-29,0,—
Users,vtiger_users,internal_mailer,internal_mailer,INTERNAL_MAIL_COMPOSER,56,varchar(3),нет,7,7,1,—,—,UI-настройка Vtiger (Preferences EspoCRM задаются заново),count,исключено: UI-настройка Vtiger (Preferences EspoCRM задаются заново),предложено,проверено SQL 2026-09-29,1,—
Users,vtiger_users,theme,theme,Theme,31,varchar(100),нет,7,7,7,—,—,UI-настройка Vtiger (Preferences EspoCRM задаются заново),count,исключено: UI-настройка Vtiger (Preferences EspoCRM задаются заново),предложено,проверено SQL 2026-09-29,9,—
Users,vtiger_users,language,language,Language,32,varchar(36),нет,7,7,7,User,preferences.language,ru_ru→ru_RU,count+distribution,перенос,реализовано (этап 03),проверено SQL 2026-09-29,5,ok: Preferences.language enum
Users,vtiger_users,phone_crm_extension,phone_crm_extension,CRM Phone Extension,11,varchar(100),нет,5,7,5,User,cPhoneExtension,string: внутренний номер для телефонии,count+hash,перенос,реализовано (этап 03),проверено SQL 2026-09-29,3,ok: User.cPhoneExtension varchar(100)
Users,vtiger_users,sp_gravitel_id,sp_gravitel_id,Gravitel Id,1,varchar(255),нет,0,7,0,—,—,нет данных,count,пусто — данных нет,предложено,проверено SQL 2026-09-29,0,—
Users,vtiger_users,sp_megafon_id,sp_megafon_id,Megafon Id,1,varchar(255),нет,0,7,0,—,—,нет данных,count,пусто — данных нет,предложено,проверено SQL 2026-09-29,0,—
Users,vtiger_users,sp_zebra_login,sp_zebra_login,Zebra login,1,varchar(255),нет,0,7,0,—,—,нет данных,count,пусто — данных нет,предложено,проверено SQL 2026-09-29,0,—
Users,vtiger_users,sp_uiscom_id,sp_uiscom_id,UIScom ID,1,varchar(255),нет,0,7,0,—,—,нет данных,count,пусто — данных нет,предложено,проверено SQL 2026-09-29,0,—
Users,vtiger_users,sp_uiscom_extension,sp_uiscom_extension,UIScom extension,1,varchar(255),нет,0,7,0,—,—,нет данных,count,пусто — данных нет,предложено,проверено SQL 2026-09-29,0,—
Users,vtiger_users,sp_telphin_extension,sp_telphin_extension,Telphin extension,1,varchar(255),нет,0,7,0,—,—,нет данных,count,пусто — данных нет,предложено,проверено SQL 2026-09-29,0,—
Users,vtiger_users,sp_zadarma_extension,sp_zadarma_extension,Zadarma extension,1,varchar(255),нет,0,7,0,—,—,нет данных,count,пусто — данных нет,предложено,проверено SQL 2026-09-29,0,—
Users,vtiger_users,sp_yandex_extension,sp_yandex_extension,Yandex extension,1,varchar(255),нет,0,7,0,—,—,нет данных,count,пусто — данных нет,предложено,проверено SQL 2026-09-29,0,—
Users,vtiger_users,sp_yandex_outgoing_number,sp_yandex_outgoing_number,Yandex outgoing number,1,varchar(255),нет,0,7,0,—,—,нет данных,count,пусто — данных нет,предложено,проверено SQL 2026-09-29,0,—
Users,vtiger_users,sp_domru_id,sp_domru_id,Dom.RU Id,1,varchar(255),нет,0,7,0,—,—,нет данных,count,пусто — данных нет,предложено,проверено SQL 2026-09-29,0,—
Users,vtiger_users,sp_westcall_spb_id,sp_westcall_spb_id,WestCall SPB Id,1,varchar(255),нет,0,7,0,—,—,нет данных,count,пусто — данных нет,предложено,проверено SQL 2026-09-29,0,—
Users,vtiger_users,sp_mcn_extension,sp_mcn_extension,MCN Telecom extension,1,varchar(255),нет,0,7,0,—,—,нет данных,count,пусто — данных нет,предложено,проверено SQL 2026-09-29,0,—
Users,vtiger_users,sp_rostelecom_extension,sp_rostelecom_extension,Rostelecom extension,1,varchar(255),нет,0,7,0,—,—,нет данных,count,пусто — данных нет,предложено,проверено SQL 2026-09-29,0,—
Users,vtiger_users,sp_rostelecom_extension_internal,sp_rostelecom_extension_internal,Rostelecom extension internal,1,varchar(255),нет,0,7,0,—,—,нет данных,count,пусто — данных нет,предложено,проверено SQL 2026-09-29,0,—
Users,vtiger_users,sp_rostelecom_extension_sipiru,sp_rostelecom_extension_sipiru,Rostelecom extension SIP URI,1,varchar(255),нет,0,7,0,—,—,нет данных,count,пусто — данных нет,предложено,проверено SQL 2026-09-29,0,—
Users,vtiger_users,sp_sipuni_extension,sp_sipuni_extension,Sipuni extension,1,varchar(255),нет,0,7,0,—,—,нет данных,count,пусто — данных нет,предложено,проверено SQL 2026-09-29,0,—
Users,vtiger_users,sp_mango_extension,sp_mango_extension,Mango extension,1,varchar(255),нет,0,7,0,—,—,нет данных,count,пусто — данных нет,предложено,проверено SQL 2026-09-29,0,—
Users,vtiger_users,default_record_view,default_record_view,Default Record View,16,varchar(10),нет,7,7,7,—,—,UI-настройка Vtiger (Preferences EspoCRM задаются заново),count,исключено: UI-настройка Vtiger (Preferences EspoCRM задаются заново),предложено,проверено SQL 2026-09-29,7,—
Users,vtiger_users,leftpanelhide,leftpanelhide,Left Panel Hide,56,varchar(3),нет,7,7,1,—,—,UI-настройка Vtiger (Preferences EspoCRM задаются заново),count,исключено: UI-настройка Vtiger (Preferences EspoCRM задаются заново),предложено,проверено SQL 2026-09-29,1,—
Users,vtiger_users,rowheight,rowheight,Row Height,16,varchar(10),нет,6,7,6,—,—,UI-настройка Vtiger (Preferences EspoCRM задаются заново),count,исключено: UI-настройка Vtiger (Preferences EspoCRM задаются заново),предложено,проверено SQL 2026-09-29,6,—
Users,vtiger_users,address_street,address_street,Street Address,21,varchar(150),нет,4,7,4,—,—,"исключено: адрес сотрудника (решение владельца, Q-09)",count,"исключено: исключено: адрес сотрудника (решение владельца, Q-09)",решено,проверено SQL 2026-09-29,20,—
Users,vtiger_users,address_country,address_country,Country,1,varchar(25),нет,4,7,4,—,—,"исключено: адрес сотрудника (решение владельца, Q-09)",count,"исключено: исключено: адрес сотрудника (решение владельца, Q-09)",решено,проверено SQL 2026-09-29,6,—
Users,vtiger_users,address_city,address_city,City,1,varchar(100),нет,4,7,4,—,—,"исключено: адрес сотрудника (решение владельца, Q-09)",count,"исключено: исключено: адрес сотрудника (решение владельца, Q-09)",решено,проверено SQL 2026-09-29,11,—
Users,vtiger_users,address_postalcode,address_postalcode,Postal Code,1,varchar(9),нет,4,7,4,—,—,"исключено: адрес сотрудника (решение владельца, Q-09)",count,"исключено: исключено: адрес сотрудника (решение владельца, Q-09)",решено,проверено SQL 2026-09-29,6,—
Users,vtiger_users,address_state,address_state,State,1,varchar(100),нет,4,7,4,—,—,"исключено: адрес сотрудника (решение владельца, Q-09)",count,"исключено: исключено: адрес сотрудника (решение владельца, Q-09)",решено,проверено SQL 2026-09-29,7,—
Users,vtiger_users,imagename,imagename,User Image,105,varchar(250),нет,1,7,1,User,avatar,Users Image,file-hash,перенос,реализовано (этап 03),проверено SQL 2026-09-29,13,ok: User.avatar image
Users,vtiger_users,accesskey,accesskey,Webservice Access Key,3,varchar(36),нет,7,7,7,—,—,исключено: секрет API,count,исключено: исключено: секрет API,предложено,проверено SQL 2026-09-29,16,—
Users,vtiger_users,dayoftheweek,dayoftheweek,Starting Day of the week,16,varchar(100),нет,7,7,7,User,preferences.weekStart,Monday→1,count,перенос,реализовано (этап 03),проверено SQL 2026-09-29,6,ok: Preferences.weekStart enumInt
Users,vtiger_users,start_hour,start_hour,Day starts at,16,varchar(30),нет,7,7,7,—,—,UI-настройка Vtiger (Preferences EspoCRM задаются заново),count,исключено: UI-настройка Vtiger (Preferences EspoCRM задаются заново),предложено,проверено SQL 2026-09-29,5,—
Users,vtiger_users,date_format,date_format,Date Format,16,varchar(200),нет,7,7,7,User,preferences.dateFormat,dd-mm-yyyy→DD.MM.YYYY (решить),count+distribution,перенос,реализовано (этап 03),проверено SQL 2026-09-29,10,ok: Preferences.dateFormat enum
Users,vtiger_users,hour_format,hour_format,Calendar Hour Format,16,varchar(30),нет,7,7,7,User,preferences.timeFormat,24→HH:mm,count,перенос,реализовано (этап 03),проверено SQL 2026-09-29,2,ok: Preferences.timeFormat enum
Users,vtiger_users,time_zone,time_zone,Time Zone,16,varchar(200),нет,7,7,7,User,preferences.timeZone,IANA,count+distribution,перенос,реализовано (этап 03),проверено SQL 2026-09-29,13,ok: Preferences.timeZone enum
Users,vtiger_users,activity_view,activity_view,Default Activity View,16,varchar(200),нет,7,7,7,—,—,UI-настройка Vtiger (Preferences EspoCRM задаются заново),count,исключено: UI-настройка Vtiger (Preferences EspoCRM задаются заново),предложено,проверено SQL 2026-09-29,9,—
Users,vtiger_users,callduration,callduration,Default Call Duration,16,varchar(100),нет,7,7,7,—,—,UI-настройка Vtiger (Preferences EspoCRM задаются заново),count,исключено: UI-настройка Vtiger (Preferences EspoCRM задаются заново),предложено,проверено SQL 2026-09-29,1,—
Users,vtiger_users,othereventduration,othereventduration,Other Event Duration,16,varchar(100),нет,7,7,7,—,—,UI-настройка Vtiger (Preferences EspoCRM задаются заново),count,исключено: UI-настройка Vtiger (Preferences EspoCRM задаются заново),предложено,проверено SQL 2026-09-29,2,—
Users,vtiger_users,defaulteventstatus,defaulteventstatus,Default Event Status,15,varchar(50),нет,2,7,2,—,—,UI-настройка Vtiger (Preferences EspoCRM задаются заново),count,исключено: UI-настройка Vtiger (Preferences EspoCRM задаются заново),предложено,проверено SQL 2026-09-29,7,—
Users,vtiger_users,defaultactivitytype,defaultactivitytype,Default Activity Type,15,varchar(50),нет,2,7,2,—,—,UI-настройка Vtiger (Preferences EspoCRM задаются заново),count,исключено: UI-настройка Vtiger (Preferences EspoCRM задаются заново),предложено,проверено SQL 2026-09-29,4,—
Users,vtiger_users,reminder_interval,reminder_interval,Reminder Interval,16,varchar(100),нет,2,7,2,—,—,UI-настройка Vtiger (Preferences EspoCRM задаются заново),count,исключено: UI-настройка Vtiger (Preferences EspoCRM задаются заново),предложено,проверено SQL 2026-09-29,10,—
Users,vtiger_users,calendarsharedtype,calendarsharedtype,Calendar Shared Type,16,varchar(100),нет,7,7,7,—,—,UI-настройка Vtiger (Preferences EspoCRM задаются заново),count,исключено: UI-настройка Vtiger (Preferences EspoCRM задаются заново),предложено,проверено SQL 2026-09-29,6,—
Users,vtiger_users,hidecompletedevents,hidecompletedevents,LBL_HIDE_COMPLETED_EVENTS,56,int,нет,7,7,0,—,—,UI-настройка Vtiger (Preferences EspoCRM задаются заново),count,исключено: UI-настройка Vtiger (Preferences EspoCRM задаются заново),предложено,проверено SQL 2026-09-29,,—
Users,vtiger_users,defaultcalendarview,defaultcalendarview,Default Calendar View,16,varchar(100),нет,2,7,2,—,—,UI-настройка Vtiger (Preferences EspoCRM задаются заново),count,исключено: UI-настройка Vtiger (Preferences EspoCRM задаются заново),предложено,проверено SQL 2026-09-29,10,—
Services,vtiger_service,servicename,servicename,Service Name,2,varchar(50),нет,25,25,25,"Product (собственная, type=service)",name,string,count+hash,перенос,реализовано (этап 03),проверено SQL 2026-09-29,40,ok: Product.name varchar(100)
Services,vtiger_service,service_no,service_no,Service No,4,varchar(100),нет,25,25,25,"Product (собственная, type=service)",vtigerNo,string (СЕР_N),count+hash,перенос,реализовано (этап 03),проверено SQL 2026-09-29,6,ok: Product.vtigerNo varchar(100)
Services,vtiger_service,service_usageunit,service_usageunit,Usage Unit,15,varchar(200),нет,19,25,19,"Product (собственная, type=service)",unit,"enum: словарь metadata/vtigerValueMap/Product.json (D-19; утверждён владельцем 2026-09-30, Q-32) (Дни → Days, Часы → Hours)",count+distribution,перенос,реализовано (этап 03),проверено SQL 2026-09-29,5,ok: Product.unit enum
Services,vtiger_service,discontinued,discontinued,Service Active,56,int,нет,25,25,25,"Product (собственная, type=service)",isActive,discontinued=1 → активна,count,перенос,реализовано (этап 03),проверено SQL 2026-09-29,,ok: Product.isActive bool
Services,vtiger_service,qty_per_unit,qty_per_unit,No of Units,1,"decimal(11,2)",нет,25,25,15,"Product (собственная, type=service)",qtyPerUnit,"decimal: количество единиц (подтверждено владельцем, Q-24)",count+sum,перенос,реализовано (этап 03),проверено SQL 2026-09-29,,"ok: Product.qtyPerUnit decimal decimal(11,2)"
Services,vtiger_service,website,website,Website,17,varchar(100),нет,3,25,3,"Product (собственная, type=service)",vtigerData.website,url,count,архив (только чтение),реализовано (этап 03),проверено SQL 2026-09-29,39,ok: Product.vtigerData jsonObject
Services,vtiger_service,servicecategory,servicecategory,Service Category,15,varchar(200),нет,15,25,15,"Product (собственная, type=service)",category,"enum: словарь metadata/vtigerValueMap/Product.json (D-19; утверждён владельцем 2026-09-30, Q-32)",count+distribution,перенос,реализовано (этап 03),проверено SQL 2026-09-29,9,ok: Product.category enum
Services,vtiger_crmentity,smownerid,assigned_user_id,Owner,53,int,нет,6880,25,25,"Product (собственная, type=service)",assignedUser / teams,owner-map: user→User; group→Team (assignedUser пуст),fk,перенос,реализовано (этап 03),проверено SQL 2026-09-29,,ok: Product.assignedUser link; Product.teams linkMultiple
Services,vtiger_service,sales_start_date,sales_start_date,Sales Start Date,5,date,нет,11,25,11,"Product (собственная, type=service)",vtigerData.sales_start_date,date,count,архив (только чтение),реализовано (этап 03),проверено SQL 2026-09-29,,ok: Product.vtigerData jsonObject
Services,vtiger_service,sales_end_date,sales_end_date,Sales End Date,5,date,нет,1,25,1,"Product (собственная, type=service)",vtigerData.sales_end_date,date,count,архив (только чтение),реализовано (этап 03),проверено SQL 2026-09-29,,ok: Product.vtigerData jsonObject
Services,vtiger_service,start_date,start_date,Support Start Date,5,date,нет,5,25,5,"Product (собственная, type=service)",vtigerData.start_date,date,count,архив (только чтение),реализовано (этап 03),проверено SQL 2026-09-29,,ok: Product.vtigerData jsonObject
Services,vtiger_service,expiry_date,expiry_date,Support Expiry Date,5,date,нет,0,25,0,—,—,нет данных,count,пусто — данных нет,предложено,проверено SQL 2026-09-29,,—
Services,vtiger_crmentity,createdtime,createdtime,Created Time,70,datetime,нет,6880,25,25,"Product (собственная, type=service)",createdAt,"datetime → UTC по эпохам D-30 (Europe/Moscow до 2022-11, Europe/Berlin до 2026-06-12, далее UTC)",count+hash,перенос,реализовано (этап 03),проверено SQL 2026-09-29,,ok: Product.createdAt datetime
Services,vtiger_crmentity,modifiedtime,modifiedtime,Modified Time,70,datetime,нет,6880,25,25,"Product (собственная, type=service)",modifiedAt,"datetime → UTC по эпохам D-30 (Europe/Moscow до 2022-11, Europe/Berlin до 2026-06-12, далее UTC)",count+hash,перенос,реализовано (этап 03),проверено SQL 2026-09-29,,ok: Product.modifiedAt datetime
Services,vtiger_crmentity,modifiedby,modifiedby,Last Modified By,52,int,нет,6880,25,25,"Product (собственная, type=service)",modifiedBy,user-map по vtiger_users.id,fk,перенос,реализовано (этап 03),проверено SQL 2026-09-29,,ok: Product.modifiedBy link
Services,vtiger_crmentity,source,source,Source,1,varchar(100),нет,6308,25,25,—,—,исключено: технический канал создания записи Vtiger (CRM/WEBSERVICE),count,исключено: исключено: технический канал создания записи Vtiger (CRM/WEBSERVICE),предложено,проверено SQL 2026-09-29,6,—
Services,vtiger_service,tags,tags,tags,1,varchar(1),нет,0,25,0,—,—,пусто в источнике (теги — vtiger_freetagged_objects),count,исключено: пусто в источнике (теги — vtiger_freetagged_objects),предложено,проверено SQL 2026-09-29,0,—
Services,vtiger_service,unit_code,unit_code,Unit Code,1,varchar(100),нет,0,25,0,—,—,нет данных,count,пусто — данных нет,предложено,проверено SQL 2026-09-29,,—
Services,vtiger_crmentity,smcreatorid,created_user_id,Created By,52,int,нет,6880,25,25,"Product (собственная, type=service)",createdBy,user-map по vtiger_users.id,fk,перенос,реализовано (этап 03),проверено SQL 2026-09-29,,ok: Product.createdBy link
Services,vtiger_crmentity_user_field,starred,starred,starred,56,varchar(100),нет,5155,25,0,—,—,исключено: персональная «звёздочка» пользователя (истинных значений — единицы),count,исключено: исключено: персональная «звёздочка» пользователя (истинных значений — единицы),предложено,проверено SQL 2026-09-29,1,—
Services,vtiger_service,one_s_id,one_s_id,1C ID,1,varchar(255),нет,0,25,0,—,—,нет данных,count,пусто — данных нет,предложено,проверено SQL 2026-09-29,0,—
Services,vtiger_service,unit_code,unit_code,Unit Code,1,varchar(100),нет,0,25,0,—,—,нет данных,count,пусто — данных нет,предложено,проверено SQL 2026-09-29,,—
Services,vtiger_crmentity,smcreatorid,created_user_id,Created By,53,int,нет,6880,25,25,"Product (собственная, type=service)",createdBy,user-map по vtiger_users.id,fk,перенос,реализовано (этап 03),проверено SQL 2026-09-29,,ok: Product.createdBy link
Services,vtiger_service,unit_price,unit_price,Price,72,"decimal(25,8)",нет,25,25,22,"Product (собственная, type=service)",unitPrice,decimal,count+sum,перенос,реализовано (этап 03),проверено SQL 2026-09-29,,"ok: Product.unitPrice currency decimal(25,8)"
Services,vtiger_service,commissionrate,commissionrate,Commission Rate,9,"decimal(7,3)",нет,25,25,4,"Product (собственная, type=service)",vtigerData.commissionrate,decimal,count+sum,архив (только чтение),реализовано (этап 03),проверено SQL 2026-09-29,,ok: Product.vtigerData jsonObject
Services,vtiger_service,taxclass,taxclass,Taxes,83,varchar(200),нет,0,25,0,—,—,нет данных,count,пусто — данных нет,предложено,проверено SQL 2026-09-29,0,—
Services,vtiger_service,purchase_cost,purchase_cost,Purchase Cost,71,"decimal(27,8)",нет,25,25,0,"Product (собственная, type=service)",purchaseCost,decimal,count+sum,пусто — данных нет,предложено,проверено SQL 2026-09-29,,—
Services,vtiger_servicecf,cf_billable_time_tracker,cf_billable_time_tracker,Billable Time(Time Tracker),56,varchar(3),да,25,25,23,"Product (собственная, type=service)",isBillableTime,bool: флаг расширения TimeTracker (логика не переносится),count,перенос,реализовано (этап 03),проверено SQL 2026-09-29,1,ok: Product.isBillableTime bool
Services,vtiger_crmentity,description,description,Description,19,mediumtext,нет,1365,25,5,"Product (собственная, type=service)",description,text as-is,count+hash,перенос,реализовано (этап 03),проверено SQL 2026-09-29,75,ok: Product.description text
PBXManager,vtiger_pbxmanager,direction,direction,Direction,1,varchar(10),нет,1116,1116,1116,Call,direction,"enum: словарь metadata/vtigerValueMap/Call.json (D-19; утверждён владельцем 2026-09-30, Q-32) (inbound→Inbound; outbound→Outbound)",count+distribution,перенос,реализовано (этап 03),проверено SQL 2026-09-29,8,ok: Call.direction enum
PBXManager,vtiger_pbxmanager,callstatus,callstatus,Call Status,1,varchar(20),нет,1116,1116,1116,Call,status + cCallStatusRaw,completed→Held; прочие→Not Held; исходный статус — в cCallStatusRaw,count+distribution,перенос,реализовано (этап 03),проверено SQL 2026-09-29,20,ok: Call.status enum; Call.cCallStatusRaw varchar(50)
PBXManager,vtiger_pbxmanager,customer,customer,Customer,10,varchar(100),нет,36,1116,36,Call,parent,fk Contacts/Leads/Accounts (23 ссылки на удалённые контакты),fk,перенос,реализовано (этап 03),проверено SQL 2026-09-29,4,ok: Call.parent linkParent
PBXManager,vtiger_pbxmanager,user,user,User,52,varchar(100),нет,1116,1116,1116,Call,assignedUser,user-map,fk,перенос,реализовано (этап 03),проверено SQL 2026-09-29,1,ok: Call.assignedUser link
PBXManager,vtiger_pbxmanager,customernumber,customernumber,Customer Number,11,varchar(100),нет,1116,1116,1116,Call,cPhoneNumber,phone (для сопоставления с клиентом),count+hash,перенос,реализовано (этап 03),проверено SQL 2026-09-29,15,ok: Call.cPhoneNumber varchar(100)
PBXManager,vtiger_pbxmanager,customertype,customertype,Customer Type,1,varchar(100),нет,36,1116,36,—,—,производное от parent,count,исключено: производное от parent,предложено,проверено SQL 2026-09-29,8,—
PBXManager,vtiger_pbxmanager,starttime,starttime,Start Time,70,datetime,нет,1116,1116,1116,Call,dateStart,"datetime → UTC: до 2020-10-22 Europe/Berlin (время коннектора), далее по эпохам D-30",count+hash,перенос,реализовано (этап 03),проверено SQL 2026-09-29,,ok: Call.dateStart datetime
PBXManager,vtiger_pbxmanager,endtime,endtime,End Time,70,datetime,нет,1113,1116,1113,Call,dateEnd,"datetime → UTC: до 2020-10-22 Europe/Berlin (время коннектора), далее по эпохам D-30; 3 звонка без endtime (длительность 0/пусто) → dateEnd = dateStart, исходное пустое значение — в vtigerData (проверено 2026-09-30)",count+hash,перенос,реализовано (этап 03),проверено SQL 2026-09-29,,ok: Call.dateEnd datetime
PBXManager,vtiger_pbxmanager,recordingurl,recordingurl,Recording URL,17,varchar(200),нет,1033,1116,1033,Call,cLegacyRecordingUrl,"varchar (не url, не воспроизводится): архивная ссылка на коннектор 127.0.0.1:5000 — аудио недоступно (D-10)",count,перенос,реализовано (этап 03),проверено SQL 2026-09-29,39,ok: Call.cLegacyRecordingUrl varchar(255)
PBXManager,vtiger_pbxmanager,totalduration,totalduration,Total Duration,7,int,нет,1116,1116,1072,Call,duration,секунды,count+sum,перенос,реализовано (этап 03),проверено SQL 2026-09-29,,ok: Call.duration duration
PBXManager,vtiger_pbxmanager,billduration,billduration,Bill Duration,7,int,нет,1116,1116,774,Call,cBillDuration,секунды,count+sum,перенос,реализовано (этап 03),проверено SQL 2026-09-29,,ok: Call.cBillDuration int
PBXManager,vtiger_pbxmanager,sourceuuid,sourceuuid,Source UUID,1,varchar(100),нет,1116,1116,1116,Call,cConnectorCallId,id записи во внешнем коннекторе (не Asterisk uniqueid),count,перенос,реализовано (этап 03),проверено SQL 2026-09-29,4,ok: Call.cConnectorCallId varchar(100)
PBXManager,vtiger_pbxmanager,gateway,gateway,Gateway,1,varchar(20),нет,1116,1116,1116,—,—,исключено: константа 'PBXManager',count,исключено: исключено: константа 'PBXManager',предложено,проверено SQL 2026-09-29,10,—
PBXManager,vtiger_crmentity,smownerid,assigned_user_id,Assigned To,53,int,нет,6880,1116,1116,Call,assignedUser / teams,owner-map: user→User; group→Team (assignedUser пуст),fk,перенос,реализовано (этап 03),проверено SQL 2026-09-29,,ok: Call.assignedUser link; Call.teams linkMultiple
PBXManager,vtiger_crmentity,createdtime,createdtime,Created Time,70,datetime,нет,6880,1116,1116,Call,createdAt,"datetime → UTC по эпохам D-30 (Europe/Moscow до 2022-11, Europe/Berlin до 2026-06-12, далее UTC)",count+hash,перенос,реализовано (этап 03),проверено SQL 2026-09-29,,ok: Call.createdAt datetime
PBXManager,vtiger_crmentity,modifiedtime,modifiedtime,Modified Time,70,datetime,нет,6880,1116,1116,Call,modifiedAt,"datetime → UTC по эпохам D-30 (Europe/Moscow до 2022-11, Europe/Berlin до 2026-06-12, далее UTC)",count+hash,перенос,реализовано (этап 03),проверено SQL 2026-09-29,,ok: Call.modifiedAt datetime
PBXManager,vtiger_pbxmanager,incominglinename,incominglinename,Incoming Line Name,1,varchar(100),нет,921,1116,921,Call,cIncomingLine,string,count+hash,перенос,реализовано (этап 03),проверено SQL 2026-09-29,12,ok: Call.cIncomingLine varchar(100)
PBXManager,vtiger_crmentity,source,source,Source,1,varchar(100),нет,6308,1116,1116,—,—,исключено: технический канал создания записи Vtiger (CRM/WEBSERVICE),count,исключено: исключено: технический канал создания записи Vtiger (CRM/WEBSERVICE),предложено,проверено SQL 2026-09-29,3,—
PBXManager,vtiger_crmentity,smcreatorid,created_user_id,Created By,52,int,нет,6880,1116,1116,Call,createdBy,user-map по vtiger_users.id,fk,перенос,реализовано (этап 03),проверено SQL 2026-09-29,,ok: Call.createdBy link
PBXManager,vtiger_pbxmanager,sp_is_local_cached,sp_is_local_cached,Is local recorded,1,tinyint,нет,1116,1116,0,—,—,исключено: служебный флаг,count,исключено: исключено: служебный флаг,предложено,проверено SQL 2026-09-29,,—
PBXManager,vtiger_pbxmanager,sp_recordingurl,sp_recordingurl,Recording url,1,varchar(255),нет,0,1116,0,Call,vtigerData.sp_recordingurl,пусто,count,пусто — данных нет,предложено,проверено SQL 2026-09-29,0,—
PBXManager,vtiger_pbxmanager,sp_is_recorded,sp_is_recorded,Is recorded,1,varchar(255),нет,0,1116,0,—,—,нет данных,count,пусто — данных нет,предложено,проверено SQL 2026-09-29,0,—
PBXManager,vtiger_pbxmanager,sp_recorded_call_id,sp_recorded_call_id,Recorder call id,1,varchar(255),нет,0,1116,0,—,—,нет данных,count,пусто — данных нет,предложено,проверено SQL 2026-09-29,0,—
PBXManager,vtiger_pbxmanager,sp_voip_provider,sp_voip_provider,Provider,1,varchar(255),нет,0,1116,0,—,—,нет данных,count,пусто — данных нет,предложено,проверено SQL 2026-09-29,0,—
PBXManager,vtiger_pbxmanager,sp_call_status_code,sp_call_status_code,Status code,1,varchar(255),нет,0,1116,0,—,—,нет данных,count,пусто — данных нет,предложено,проверено SQL 2026-09-29,0,—
PBXManager,vtiger_pbxmanager,sp_called_from_number,sp_called_from_number,From number,1,varchar(255),нет,0,1116,0,—,—,нет данных,count,пусто — данных нет,предложено,проверено SQL 2026-09-29,0,—
PBXManager,vtiger_pbxmanager,sp_called_to_number,sp_called_to_number,To number,1,varchar(255),нет,0,1116,0,—,—,нет данных,count,пусто — данных нет,предложено,проверено SQL 2026-09-29,0,—
PBXManager,vtiger_crmentity,smcreatorid,created_user_id,Created By,53,int,нет,6880,1116,1116,Call,createdBy,user-map по vtiger_users.id,fk,перенос,реализовано (этап 03),проверено SQL 2026-09-29,,ok: Call.createdBy link
PBXManager,vtiger_crmentity_user_field,starred,starred,starred,56,varchar(100),нет,5155,1116,0,—,—,исключено: персональная «звёздочка» пользователя (истинных значений — единицы),count,исключено: исключено: персональная «звёздочка» пользователя (истинных значений — единицы),предложено,проверено SQL 2026-09-29,0,—
PBXManager,vtiger_pbxmanager,tags,tags,tags,1,varchar(1),нет,0,1116,0,—,—,пусто в источнике (теги — vtiger_freetagged_objects),count,исключено: пусто в источнике (теги — vtiger_freetagged_objects),предложено,проверено SQL 2026-09-29,0,—
ServiceContracts,vtiger_servicecontracts,subject,subject,Subject,1,varchar(100),нет,1,1,1,VtigerArchive,VtigerArchive.data.subject,JSON как есть; ссылки как vtigerId,count+hash,архив (только чтение),реализовано (этап 03),проверено SQL 2026-09-29,4,ok: VtigerArchive.data jsonObject
ServiceContracts,vtiger_servicecontracts,contract_no,contract_no,Contract No,4,varchar(100),нет,1,1,1,VtigerArchive,VtigerArchive.data.contract_no,JSON как есть; ссылки как vtigerId,count+hash,архив (только чтение),реализовано (этап 03),проверено SQL 2026-09-29,8,ok: VtigerArchive.data jsonObject
ServiceContracts,vtiger_servicecontracts,sc_related_to,sc_related_to,Related to,10,int,нет,1,1,1,VtigerArchive,VtigerArchive.data.sc_related_to,JSON как есть; ссылки как vtigerId,count+hash,архив (только чтение),реализовано (этап 03),проверено SQL 2026-09-29,,ok: VtigerArchive.data jsonObject
ServiceContracts,vtiger_crmentity,smownerid,assigned_user_id,Assigned To,53,int,нет,6880,1,1,VtigerArchive,VtigerArchive.data.assigned_user_id,JSON как есть; ссылки как vtigerId,count+hash,архив (только чтение),реализовано (этап 03),проверено SQL 2026-09-29,,ok: VtigerArchive.data jsonObject
ServiceContracts,vtiger_servicecontracts,contract_type,contract_type,Type,15,varchar(200),нет,1,1,1,VtigerArchive,VtigerArchive.data.contract_type,JSON как есть; ссылки как vtigerId,count+hash,архив (только чтение),реализовано (этап 03),проверено SQL 2026-09-29,7,ok: VtigerArchive.data jsonObject
ServiceContracts,vtiger_servicecontracts,tracking_unit,tracking_unit,Tracking Unit,15,varchar(100),нет,1,1,1,VtigerArchive,VtigerArchive.data.tracking_unit,JSON как есть; ссылки как vtigerId,count+hash,архив (только чтение),реализовано (этап 03),проверено SQL 2026-09-29,5,ok: VtigerArchive.data jsonObject
ServiceContracts,vtiger_servicecontracts,start_date,start_date,Start Date,5,date,нет,1,1,1,VtigerArchive,VtigerArchive.data.start_date,JSON как есть; ссылки как vtigerId,count+hash,архив (только чтение),реализовано (этап 03),проверено SQL 2026-09-29,,ok: VtigerArchive.data jsonObject
ServiceContracts,vtiger_servicecontracts,total_units,total_units,Total Units,7,"decimal(5,2)",нет,1,1,0,VtigerArchive,VtigerArchive.data.total_units,JSON как есть; ссылки как vtigerId,count+hash,пусто — данных нет,предложено,проверено SQL 2026-09-29,,—
ServiceContracts,vtiger_servicecontracts,due_date,due_date,Due date,23,date,нет,1,1,1,VtigerArchive,VtigerArchive.data.due_date,JSON как есть; ссылки как vtigerId,count+hash,архив (только чтение),реализовано (этап 03),проверено SQL 2026-09-29,,ok: VtigerArchive.data jsonObject
ServiceContracts,vtiger_servicecontracts,used_units,used_units,Used Units,7,"decimal(5,2)",нет,1,1,0,VtigerArchive,VtigerArchive.data.used_units,JSON как есть; ссылки как vtigerId,count+hash,пусто — данных нет,предложено,проверено SQL 2026-09-29,,—
ServiceContracts,vtiger_servicecontracts,end_date,end_date,End Date,5,date,нет,0,1,0,VtigerArchive,VtigerArchive.data.end_date,JSON как есть; ссылки как vtigerId,count+hash,пусто — данных нет,предложено,проверено SQL 2026-09-29,,—
ServiceContracts,vtiger_servicecontracts,contract_status,contract_status,Status,15,varchar(200),нет,1,1,1,VtigerArchive,VtigerArchive.data.contract_status,JSON как есть; ссылки как vtigerId,count+hash,архив (только чтение),реализовано (этап 03),проверено SQL 2026-09-29,11,ok: VtigerArchive.data jsonObject
ServiceContracts,vtiger_servicecontracts,planned_duration,planned_duration,Planned Duration,1,varchar(256),нет,1,1,1,VtigerArchive,VtigerArchive.data.planned_duration,JSON как есть; ссылки как vtigerId,count+hash,архив (только чтение),реализовано (этап 03),проверено SQL 2026-09-29,1,ok: VtigerArchive.data jsonObject
ServiceContracts,vtiger_servicecontracts,priority,contract_priority,Priority,15,varchar(200),нет,1,1,1,VtigerArchive,VtigerArchive.data.contract_priority,JSON как есть; ссылки как vtigerId,count+hash,архив (только чтение),реализовано (этап 03),проверено SQL 2026-09-29,6,ok: VtigerArchive.data jsonObject
ServiceContracts,vtiger_servicecontracts,actual_duration,actual_duration,Actual Duration,1,varchar(256),нет,0,1,0,VtigerArchive,VtigerArchive.data.actual_duration,JSON как есть; ссылки как vtigerId,count+hash,пусто — данных нет,предложено,проверено SQL 2026-09-29,0,—
ServiceContracts,vtiger_servicecontracts,progress,progress,Progress,9,"decimal(5,2)",нет,0,1,0,VtigerArchive,VtigerArchive.data.progress,JSON как есть; ссылки как vtigerId,count+hash,пусто — данных нет,предложено,проверено SQL 2026-09-29,,—
ServiceContracts,vtiger_crmentity,createdtime,createdtime,Created Time,70,datetime,нет,6880,1,1,VtigerArchive,VtigerArchive.data.createdtime,JSON как есть; ссылки как vtigerId,count+hash,архив (только чтение),реализовано (этап 03),проверено SQL 2026-09-29,,ok: VtigerArchive.data jsonObject
ServiceContracts,vtiger_crmentity,modifiedby,modifiedby,Last Modified By,52,int,нет,6880,1,1,VtigerArchive,VtigerArchive.data.modifiedby,JSON как есть; ссылки как vtigerId,count+hash,архив (только чтение),реализовано (этап 03),проверено SQL 2026-09-29,,ok: VtigerArchive.data jsonObject
ServiceContracts,vtiger_crmentity,modifiedtime,modifiedtime,Modified Time,70,datetime,нет,6880,1,1,VtigerArchive,VtigerArchive.data.modifiedtime,JSON как есть; ссылки как vtigerId,count+hash,архив (только чтение),реализовано (этап 03),проверено SQL 2026-09-29,,ok: VtigerArchive.data jsonObject
ServiceContracts,vtiger_crmentity,source,source,Source,1,varchar(100),нет,6308,1,1,VtigerArchive,VtigerArchive.data.source,JSON как есть; ссылки как vtigerId,count+hash,архив (только чтение),реализовано (этап 03),проверено SQL 2026-09-29,3,ok: VtigerArchive.data jsonObject
ServiceContracts,vtiger_servicecontracts,tags,tags,tags,1,varchar(1),нет,0,1,0,VtigerArchive,VtigerArchive.data.tags,JSON как есть; ссылки как vtigerId,count+hash,пусто — данных нет,предложено,проверено SQL 2026-09-29,0,—
ServiceContracts,vtiger_crmentity,smcreatorid,created_user_id,Created By,52,int,нет,6880,1,1,VtigerArchive,VtigerArchive.data.created_user_id,JSON как есть; ссылки как vtigerId,count+hash,архив (только чтение),реализовано (этап 03),проверено SQL 2026-09-29,,ok: VtigerArchive.data jsonObject
ServiceContracts,vtiger_crmentity_user_field,starred,starred,starred,56,varchar(100),нет,5155,1,0,VtigerArchive,VtigerArchive.data.starred,JSON как есть; ссылки как vtigerId,count+hash,пусто — данных нет,предложено,проверено SQL 2026-09-29,1,—
ServiceContracts,vtiger_crmentity,smcreatorid,created_user_id,Created By,53,int,нет,6880,1,1,VtigerArchive,VtigerArchive.data.created_user_id,JSON как есть; ссылки как vtigerId,count+hash,архив (только чтение),реализовано (этап 03),проверено SQL 2026-09-29,,ok: VtigerArchive.data jsonObject
SPUnits,sp_units,unit_no,unit_no,Unit No,4,varchar(100),нет,0,0,0,—,—,нет данных,count,пусто — данных нет,предложено,проверено SQL 2026-09-29,,—
SPUnits,sp_units,unitname,unitname,Unit Name,1,varchar(200),нет,0,0,0,—,—,нет данных,count,пусто — данных нет,предложено,проверено SQL 2026-09-29,,—
SPUnits,sp_units,usageunit,usageunit,Usage Unit,1,varchar(200),нет,0,0,0,—,—,нет данных,count,пусто — данных нет,предложено,проверено SQL 2026-09-29,,—
SPUnits,sp_units,unit_code,unit_code,Unit Code,1,varchar(200),нет,0,0,0,—,—,нет данных,count,пусто — данных нет,предложено,проверено SQL 2026-09-29,,—
SPUnits,vtiger_crmentity,smownerid,assigned_user_id,Assigned To,53,int,нет,6880,0,0,?,assignedUser / teams,owner-map: user→User; group→Team (assignedUser пуст),fk,пусто — данных нет,предложено,проверено SQL 2026-09-29,,—
SPUnits,vtiger_crmentity,createdtime,createdtime,Created Time,70,datetime,нет,6880,0,0,?,createdAt,"datetime → UTC по эпохам D-30 (Europe/Moscow до 2022-11, Europe/Berlin до 2026-06-12, далее UTC)",count+hash,пусто — данных нет,предложено,проверено SQL 2026-09-29,,—
SPUnits,vtiger_crmentity,modifiedtime,modifiedtime,Modified Time,70,datetime,нет,6880,0,0,?,modifiedAt,"datetime → UTC по эпохам D-30 (Europe/Moscow до 2022-11, Europe/Berlin до 2026-06-12, далее UTC)",count+hash,пусто — данных нет,предложено,проверено SQL 2026-09-29,,—
SPUnits,vtiger_crmentity,modifiedby,modifiedby,Last Modified By,52,int,нет,6880,0,0,?,modifiedBy,user-map по vtiger_users.id,fk,пусто — данных нет,предложено,проверено SQL 2026-09-29,,—
SPUnits,vtiger_crmentity,source,source,Source,1,varchar(100),нет,6308,0,0,—,—,исключено: технический канал создания записи Vtiger (CRM/WEBSERVICE),count,исключено: исключено: технический канал создания записи Vtiger (CRM/WEBSERVICE),предложено,проверено SQL 2026-09-29,,—
SPUnits,sp_units,tags,tags,tags,1,varchar(1),нет,0,0,0,—,—,пусто в источнике (теги — vtiger_freetagged_objects),count,исключено: пусто в источнике (теги — vtiger_freetagged_objects),предложено,проверено SQL 2026-09-29,,—
SPUnits,vtiger_crmentity,smcreatorid,created_user_id,Created By,52,int,нет,6880,0,0,?,createdBy,user-map по vtiger_users.id,fk,пусто — данных нет,предложено,проверено SQL 2026-09-29,,—
SPUnits,vtiger_crmentity_user_field,starred,starred,starred,56,varchar(100),нет,5155,0,0,—,—,исключено: персональная «звёздочка» пользователя (истинных значений — единицы),count,исключено: исключено: персональная «звёздочка» пользователя (истинных значений — единицы),предложено,проверено SQL 2026-09-29,,—
SPUnits,vtiger_crmentity,smcreatorid,created_user_id,Created By,53,int,нет,6880,0,0,?,createdBy,user-map по vtiger_users.id,fk,пусто — данных нет,предложено,проверено SQL 2026-09-29,,—
SPPayments,sp_payments,pay_date,pay_date,Pay date,5,date,нет,990,798,798,Payment + PaymentAllocation (собственные),datePaid,date,count+hash,перенос,контракт (этап 04.1),проверено SQL 2026-09-29,,этап 04.4
SPPayments,sp_payments,pay_type,pay_type,Pay type,15,varchar(100),нет,990,798,798,Payment + PaymentAllocation (собственные),direction,Приход→incoming; Expense→outgoing,count+distribution,перенос,контракт (этап 04.1),проверено SQL 2026-09-29,7,этап 04.4
SPPayments,sp_payments,payer,payer,Payer,10,int,нет,990,798,755,Payment + PaymentAllocation (собственные),payer (Account|Contact|Vendor),fk (link-parent); Vendors→Vendor,fk,перенос,контракт (этап 04.1),проверено SQL 2026-09-29,,этап 04.4
SPPayments,sp_payments,pay_no,pay_no,Pay No,4,varchar(100),нет,990,798,798,Payment + PaymentAllocation (собственные),number,"string (цифры, уникальны)",count+hash,перенос,контракт (этап 04.1),проверено SQL 2026-09-29,3,этап 04.4
SPPayments,sp_payments,related_to,related_to,Invoice To,10,int,нет,990,798,622,Payment + PaymentAllocation (собственные),PaymentAllocation.invoice|salesOrder,"D-11 (SourceAllocationResolver): related_to — основной, связь vtiger_crmentityrel — только при пустом related_to; сумма = сумма платежа; расходы со связью со счётом — Q-36",fk,перенос,контракт (этап 04.1),проверено SQL 2026-09-29,,этап 04.4
SPPayments,sp_payments,type_payment,type_payment,Type payment,15,varchar(100),нет,987,798,796,Payment + PaymentAllocation (собственные),method,Наличные→cash; Cashless Transfer→bank,count+distribution,перенос,контракт (этап 04.1),проверено SQL 2026-09-29,17,этап 04.4
SPPayments,sp_payments,amount,amount,Amount,71,"decimal(25,8)",нет,990,798,797,Payment + PaymentAllocation (собственные),amount,"decimal(25,8), всегда ≥0; знак задаётся direction",count+sum,перенос,контракт (этап 04.1),проверено SQL 2026-09-29,,этап 04.4
SPPayments,vtiger_crmentity,smownerid,assigned_user_id,Assigned To,53,int,нет,6880,798,798,Payment + PaymentAllocation (собственные),assignedUser / teams,owner-map: user→User; group→Team (assignedUser пуст),fk,перенос,контракт (этап 04.1),проверено SQL 2026-09-29,,этап 04.4
SPPayments,sp_payments,spstatus,spstatus,Spstatus,15,varchar(200),нет,971,798,780,Payment + PaymentAllocation (собственные),status,Executed/Запланирован/Canceled/пусто (оплатой считается только Executed; пусто — Q-37),count+distribution,перенос,контракт (этап 04.1),проверено SQL 2026-09-29,12,этап 04.4
SPPayments,vtiger_crmentity,createdtime,createdtime,Created Time,70,datetime,нет,6880,798,798,Payment + PaymentAllocation (собственные),createdAt,"datetime → UTC по эпохам D-30 (Europe/Moscow до 2022-11, Europe/Berlin до 2026-06-12, далее UTC)",count+hash,перенос,контракт (этап 04.1),проверено SQL 2026-09-29,,этап 04.4
SPPayments,vtiger_crmentity,modifiedtime,modifiedtime,Modified Time,70,datetime,нет,6880,798,798,Payment + PaymentAllocation (собственные),modifiedAt,"datetime → UTC по эпохам D-30 (Europe/Moscow до 2022-11, Europe/Berlin до 2026-06-12, далее UTC)",count+hash,перенос,контракт (этап 04.1),проверено SQL 2026-09-29,,этап 04.4
SPPayments,vtiger_crmentity,modifiedby,modifiedby,Last Modified By,52,int,нет,6880,798,798,Payment + PaymentAllocation (собственные),modifiedBy,user-map по vtiger_users.id,fk,перенос,контракт (этап 04.1),проверено SQL 2026-09-29,,этап 04.4
SPPayments,vtiger_crmentity,source,source,Source,1,varchar(100),нет,6308,798,798,—,—,исключено: технический канал создания записи Vtiger (CRM/WEBSERVICE),count,исключено: исключено: технический канал создания записи Vtiger (CRM/WEBSERVICE),контракт (этап 04.1),проверено SQL 2026-09-29,6,—
SPPayments,sp_payments,tags,tags,tags,1,varchar(1),нет,0,798,0,—,—,пусто в источнике (теги — vtiger_freetagged_objects),count,исключено: пусто в источнике (теги — vtiger_freetagged_objects),контракт (этап 04.1),проверено SQL 2026-09-29,0,—
SPPayments,vtiger_crmentity,smcreatorid,created_user_id,Created By,52,int,нет,6880,798,798,Payment + PaymentAllocation (собственные),createdBy,user-map по vtiger_users.id,fk,перенос,контракт (этап 04.1),проверено SQL 2026-09-29,,этап 04.4
SPPayments,vtiger_crmentity_user_field,starred,starred,starred,56,varchar(100),нет,5155,798,0,—,—,исключено: персональная «звёздочка» пользователя (истинных значений — единицы),count,исключено: исключено: персональная «звёздочка» пользователя (истинных значений — единицы),контракт (этап 04.1),проверено SQL 2026-09-29,1,—
SPPayments,sp_payments,spcompany,spcompany,Self Company,16,varchar(200),нет,611,798,610,Payment + PaymentAllocation (собственные),legalEntity,"'Default', 'По умолчанию' (русская подпись ключа 'Default') и пусто → одна запись LegalEntity (D-04, LegalEntityResolver); другое значение — остановка импорта, не второе юрлицо",count,перенос,контракт (этап 04.1),проверено SQL 2026-09-29,12,этап 04.4
SPPayments,vtiger_crmentity,smcreatorid,created_user_id,Created By,53,int,нет,6880,798,798,Payment + PaymentAllocation (собственные),createdBy,user-map по vtiger_users.id,fk,перенос,контракт (этап 04.1),проверено SQL 2026-09-29,,этап 04.4
SPPayments,sp_payments,doc_no,doc_no,Document no,1,int,нет,990,798,656,Payment + PaymentAllocation (собственные),documentNumber,int→string (номер платёжного документа),count+hash,перенос,контракт (этап 04.1),проверено SQL 2026-09-29,,этап 04.4
SPPayments,sp_payments,debit,debit,Debit,1,varchar(100),нет,0,798,0,Payment + PaymentAllocation (собственные),vtigerData.debit,string (пусто),count,пусто — данных нет,контракт (этап 04.1),проверено SQL 2026-09-29,0,—
SPPayments,sp_payments,pay_details,pay_details,Pay details,1,varchar(255),нет,853,798,662,Payment + PaymentAllocation (собственные),purpose,string (назначение платежа),count+hash,перенос,контракт (этап 04.1),проверено SQL 2026-09-29,190,этап 04.4
SPPayments,sp_payments,coracc_subacc,coracc_subacc,"Corresponding Account, Subaccount",1,varchar(100),нет,0,798,0,Payment + PaymentAllocation (собственные),vtigerData.coracc_subacc,string (пусто),count,пусто — данных нет,контракт (этап 04.1),проверено SQL 2026-09-29,0,—
SPPayments,sp_payments,analytics_code,analytics_code,Analytics Code,1,varchar(100),нет,1,798,1,Payment + PaymentAllocation (собственные),vtigerData.analytics_code,string,count,архив (только чтение),контракт (этап 04.1),проверено SQL 2026-09-29,17,этап 04.4
SPPayments,sp_payments,target_code,target_code,Target Code,1,varchar(100),нет,0,798,0,Payment + PaymentAllocation (собственные),vtigerData.target_code,string (пусто),count,пусто — данных нет,контракт (этап 04.1),проверено SQL 2026-09-29,0,—
SPPayments,vtiger_crmentity,description,description,Description,19,mediumtext,нет,1365,798,41,Payment + PaymentAllocation (собственные),description,text as-is,count+hash,перенос,контракт (этап 04.1),проверено SQL 2026-09-29,63,этап 04.4
SPPayments,sp_paymentscf,cf_1198,cf_1198,Расчётный счёт,1,bigint,да,793,798,209,Payment + PaymentAllocation (собственные),counterpartyAccount,string (счёт контрагента),count+hash,перенос,контракт (этап 04.1),проверено SQL 2026-09-29,,этап 04.4
SPPayments,sp_paymentscf,cf_1200,cf_1200,БИК банка,1,varchar(9),да,380,798,190,Payment + PaymentAllocation (собственные),counterpartyBic,string,count+hash,перенос,контракт (этап 04.1),проверено SQL 2026-09-29,9,этап 04.4
SPPayments,sp_paymentscf,cf_1202,cf_1202,Название банка,1,varchar(50),да,398,798,208,Payment + PaymentAllocation (собственные),counterpartyBankName,string,count+hash,перенос,контракт (этап 04.1),проверено SQL 2026-09-29,50,этап 04.4
SPPayments,sp_paymentscf,cf_1204,cf_1204,Номер банковской трансакции,1,varchar(100),да,378,798,188,Payment + PaymentAllocation (собственные),bankTransactionId,string; ключ дедупликации банковского импорта,count+hash,перенос,контракт (этап 04.1),проверено SQL 2026-09-29,23,этап 04.4
SPPayments,sp_paymentscf,cf_1380,cf_1380,Валютный счет,56,varchar(3),да,990,798,1,Payment + PaymentAllocation (собственные),isForeignCurrencyAccount,bool,count,перенос,контракт (этап 04.1),проверено SQL 2026-09-29,1,этап 04.4
ProjectMilestone,vtiger_projectmilestone,projectmilestonename,projectmilestonename,Project Milestone Name,2,varchar(255),нет,0,0,0,—,—,нет данных,count,пусто — данных нет,предложено,проверено SQL 2026-09-29,,—
ProjectMilestone,vtiger_projectmilestone,projectmilestone_no,projectmilestone_no,Project Milestone No,4,varchar(100),да,0,0,0,—,—,нет данных,count,пусто — данных нет,предложено,проверено SQL 2026-09-29,,—
ProjectMilestone,vtiger_projectmilestone,projectid,projectid,Related to,10,varchar(100),нет,0,0,0,—,—,нет данных,count,пусто — данных нет,предложено,проверено SQL 2026-09-29,,—
ProjectMilestone,vtiger_projectmilestone,projectmilestonedate,projectmilestonedate,Milestone Date,5,varchar(255),нет,0,0,0,—,—,нет данных,count,пусто — данных нет,предложено,проверено SQL 2026-09-29,,—
ProjectMilestone,vtiger_crmentity,smownerid,assigned_user_id,Assigned To,53,int,нет,6880,0,0,?,assignedUser / teams,owner-map: user→User; group→Team (assignedUser пуст),fk,пусто — данных нет,предложено,проверено SQL 2026-09-29,,—
ProjectMilestone,vtiger_projectmilestone,projectmilestonetype,projectmilestonetype,Type,15,varchar(100),нет,0,0,0,—,—,нет данных,count,пусто — данных нет,предложено,проверено SQL 2026-09-29,,—
ProjectMilestone,vtiger_crmentity,source,source,Source,1,varchar(100),нет,6308,0,0,—,—,исключено: технический канал создания записи Vtiger (CRM/WEBSERVICE),count,исключено: исключено: технический канал создания записи Vtiger (CRM/WEBSERVICE),предложено,проверено SQL 2026-09-29,,—
ProjectMilestone,vtiger_crmentity_user_field,starred,starred,starred,56,varchar(100),нет,5155,0,0,—,—,исключено: персональная «звёздочка» пользователя (истинных значений — единицы),count,исключено: исключено: персональная «звёздочка» пользователя (истинных значений — единицы),предложено,проверено SQL 2026-09-29,,—
ProjectMilestone,vtiger_projectmilestone,tags,tags,tags,1,varchar(1),нет,0,0,0,—,—,пусто в источнике (теги — vtiger_freetagged_objects),count,исключено: пусто в источнике (теги — vtiger_freetagged_objects),предложено,проверено SQL 2026-09-29,,—
ProjectMilestone,vtiger_crmentity,smcreatorid,created_user_id,Created By,53,int,нет,6880,0,0,?,createdBy,user-map по vtiger_users.id,fk,пусто — данных нет,предложено,проверено SQL 2026-09-29,,—
ProjectMilestone,vtiger_crmentity,createdtime,createdtime,Created Time,70,datetime,нет,6880,0,0,?,createdAt,"datetime → UTC по эпохам D-30 (Europe/Moscow до 2022-11, Europe/Berlin до 2026-06-12, далее UTC)",count+hash,пусто — данных нет,предложено,проверено SQL 2026-09-29,,—
ProjectMilestone,vtiger_crmentity,modifiedtime,modifiedtime,Modified Time,70,datetime,нет,6880,0,0,?,modifiedAt,"datetime → UTC по эпохам D-30 (Europe/Moscow до 2022-11, Europe/Berlin до 2026-06-12, далее UTC)",count+hash,пусто — данных нет,предложено,проверено SQL 2026-09-29,,—
ProjectMilestone,vtiger_crmentity,modifiedby,modifiedby,Last Modified By,52,int,нет,6880,0,0,?,modifiedBy,user-map по vtiger_users.id,fk,пусто — данных нет,предложено,проверено SQL 2026-09-29,,—
ProjectMilestone,vtiger_crmentity,description,description,Description,19,mediumtext,нет,1365,0,0,?,description,text as-is,count+hash,пусто — данных нет,предложено,проверено SQL 2026-09-29,,—
ProjectTask,vtiger_projecttask,projecttaskname,projecttaskname,Project Task Name,2,varchar(255),нет,493,493,493,ProjectTask (собственная),name,string,count+hash,перенос,реализовано (этап 03),проверено SQL 2026-09-29,91,ok: ProjectTask.name varchar(255)
ProjectTask,vtiger_projecttask,projecttask_no,projecttask_no,Project Task No,4,varchar(100),да,493,493,493,ProjectTask (собственная),vtigerNo,string (PT N),count+hash,перенос,реализовано (этап 03),проверено SQL 2026-09-29,5,ok: ProjectTask.vtigerNo varchar(100)
ProjectTask,vtiger_projecttask,projecttaskpriority,projecttaskpriority,Priority,15,varchar(100),нет,480,493,480,ProjectTask (собственная),priority,"enum: словарь metadata/vtigerValueMap/ProjectTask.json (D-19; утверждён владельцем 2026-09-30, Q-32)",count+distribution,перенос,реализовано (этап 03),проверено SQL 2026-09-29,6,ok: ProjectTask.priority enum
ProjectTask,vtiger_projecttask,projecttasktype,projecttasktype,Type,15,varchar(100),нет,489,493,489,ProjectTask (собственная),type,"enum: словарь metadata/vtigerValueMap/ProjectTask.json (D-19; утверждён владельцем 2026-09-30, Q-32)",count+distribution,перенос,реализовано (этап 03),проверено SQL 2026-09-29,14,ok: ProjectTask.type enum
ProjectTask,vtiger_projecttask,projecttasknumber,projecttasknumber,Project Task Number,7,int,нет,493,493,2,ProjectTask (собственная),orderNumber,int,count+sum,перенос,реализовано (этап 03),проверено SQL 2026-09-29,,ok: ProjectTask.orderNumber int
ProjectTask,vtiger_projecttask,projectid,projectid,Related to,10,varchar(100),нет,493,493,493,ProjectTask (собственная),project,fk Project,fk,перенос,реализовано (этап 03),проверено SQL 2026-09-29,4,ok: ProjectTask.project link
ProjectTask,vtiger_crmentity,smownerid,assigned_user_id,Assigned To,53,int,нет,6880,493,493,ProjectTask (собственная),assignedUser / teams,owner-map: user→User; group→Team (assignedUser пуст),fk,перенос,реализовано (этап 03),проверено SQL 2026-09-29,,ok: ProjectTask.assignedUser link; ProjectTask.teams linkMultiple
ProjectTask,vtiger_crmentity,source,source,Source,1,varchar(100),нет,6308,493,493,—,—,исключено: технический канал создания записи Vtiger (CRM/WEBSERVICE),count,исключено: исключено: технический канал создания записи Vtiger (CRM/WEBSERVICE),предложено,проверено SQL 2026-09-29,3,—
ProjectTask,vtiger_crmentity_user_field,starred,starred,starred,56,varchar(100),нет,5155,525,0,—,—,исключено: персональная «звёздочка» пользователя (истинных значений — единицы),count,исключено: исключено: персональная «звёздочка» пользователя (истинных значений — единицы),предложено,проверено SQL 2026-09-29,1,—
ProjectTask,vtiger_projecttask,tags,tags,tags,1,varchar(1),нет,0,493,0,—,—,пусто в источнике (теги — vtiger_freetagged_objects),count,исключено: пусто в источнике (теги — vtiger_freetagged_objects),предложено,проверено SQL 2026-09-29,0,—
ProjectTask,vtiger_projecttask,projecttaskstatus,projecttaskstatus,Status,15,varchar(100),нет,492,493,492,ProjectTask (собственная),status,"enum: словарь metadata/vtigerValueMap/ProjectTask.json (D-19; утверждён владельцем 2026-09-30, Q-32) («Canceled » без концевого пробела)",count+distribution,перенос,реализовано (этап 03),проверено SQL 2026-09-29,11,ok: ProjectTask.status enum
ProjectTask,vtiger_crmentity,smcreatorid,created_user_id,Created By,53,int,нет,6880,493,493,ProjectTask (собственная),createdBy,user-map по vtiger_users.id,fk,перенос,реализовано (этап 03),проверено SQL 2026-09-29,,ok: ProjectTask.createdBy link
ProjectTask,vtiger_projecttaskcf,cf_1354,cf_1354,Show In Stat,56,varchar(3),да,493,493,30,ProjectTask (собственная),showInStat,bool,count,перенос,реализовано (этап 03),проверено SQL 2026-09-29,1,ok: ProjectTask.showInStat bool
ProjectTask,vtiger_projecttask,projecttaskprogress,projecttaskprogress,Progress,15,varchar(100),нет,488,493,488,ProjectTask (собственная),progress,"enum: словарь metadata/vtigerValueMap/ProjectTask.json (D-19; утверждён владельцем 2026-09-30, Q-32) (10%…100%)",count+distribution,перенос,реализовано (этап 03),проверено SQL 2026-09-29,4,ok: ProjectTask.progress enum
ProjectTask,vtiger_projecttask,projecttaskhours,projecttaskhours,Worked Hours,7,int,нет,493,493,476,ProjectTask (собственная),hours,int (0…1500 в живых записях),count+sum,перенос,реализовано (этап 03),проверено SQL 2026-09-29,,ok: ProjectTask.hours int
ProjectTask,vtiger_projecttask,startdate,startdate,Start Date,5,date,нет,490,493,490,ProjectTask (собственная),dateStart,date,count+hash,перенос,реализовано (этап 03),проверено SQL 2026-09-29,,ok: ProjectTask.dateStart date
ProjectTask,vtiger_projecttask,enddate,enddate,End Date,5,date,нет,468,493,468,ProjectTask (собственная),dateEnd,date,count+hash,перенос,реализовано (этап 03),проверено SQL 2026-09-29,,ok: ProjectTask.dateEnd date
ProjectTask,vtiger_crmentity,createdtime,createdtime,Created Time,70,datetime,нет,6880,493,493,ProjectTask (собственная),createdAt,"datetime → UTC по эпохам D-30 (Europe/Moscow до 2022-11, Europe/Berlin до 2026-06-12, далее UTC)",count+hash,перенос,реализовано (этап 03),проверено SQL 2026-09-29,,ok: ProjectTask.createdAt datetime
ProjectTask,vtiger_crmentity,modifiedtime,modifiedtime,Modified Time,70,datetime,нет,6880,493,493,ProjectTask (собственная),modifiedAt,"datetime → UTC по эпохам D-30 (Europe/Moscow до 2022-11, Europe/Berlin до 2026-06-12, далее UTC)",count+hash,перенос,реализовано (этап 03),проверено SQL 2026-09-29,,ok: ProjectTask.modifiedAt datetime
ProjectTask,vtiger_crmentity,modifiedby,modifiedby,Last Modified By,52,int,нет,6880,493,493,ProjectTask (собственная),modifiedBy,user-map по vtiger_users.id,fk,перенос,реализовано (этап 03),проверено SQL 2026-09-29,,ok: ProjectTask.modifiedBy link
ProjectTask,vtiger_projecttaskcf,cf_1320,cf_1320,Git Commit,17,varchar(255),да,257,493,257,ProjectTask (собственная),gitCommit,url,count+hash,перенос,реализовано (этап 03),проверено SQL 2026-09-29,226,ok: ProjectTask.gitCommit url(255)
ProjectTask,vtiger_crmentity,description,description,description,19,mediumtext,нет,1365,493,308,ProjectTask (собственная),description,text as-is,count+hash,перенос,реализовано (этап 03),проверено SQL 2026-09-29,985,ok: ProjectTask.description text
Project,vtiger_project,projectname,projectname,Project Name,2,varchar(255),нет,54,54,54,Project (собственная),name,string,count+hash,перенос,реализовано (этап 03),проверено SQL 2026-09-29,74,ok: Project.name varchar(255)
Project,vtiger_project,project_no,project_no,Project No,4,varchar(100),да,54,54,54,Project (собственная),vtigerNo,string (PROJ N),count+hash,перенос,реализовано (этап 03),проверено SQL 2026-09-29,6,ok: Project.vtigerNo varchar(100)
Project,vtiger_project,startdate,startdate,Start Date,23,date,нет,54,54,54,Project (собственная),dateStart,date,count+hash,перенос,реализовано (этап 03),проверено SQL 2026-09-29,,ok: Project.dateStart date
Project,vtiger_crmentity,smownerid,assigned_user_id,Assigned To,53,int,нет,6880,54,54,Project (собственная),assignedUser / teams,owner-map: user→User; group→Team (assignedUser пуст),fk,перенос,реализовано (этап 03),проверено SQL 2026-09-29,,ok: Project.assignedUser link; Project.teams linkMultiple
Project,vtiger_project,targetenddate,targetenddate,Target End Date,23,date,нет,49,54,49,Project (собственная),dateEndPlanned,date,count+hash,перенос,реализовано (этап 03),проверено SQL 2026-09-29,,ok: Project.dateEndPlanned date
Project,vtiger_project,actualenddate,actualenddate,Actual End Date,23,date,нет,33,54,33,Project (собственная),dateEnd,date,count+hash,перенос,реализовано (этап 03),проверено SQL 2026-09-29,,ok: Project.dateEnd date
Project,vtiger_project,projectstatus,projectstatus,Status,15,varchar(100),нет,50,54,50,Project (собственная),status,"enum: словарь metadata/vtigerValueMap/Project.json (D-19; утверждён владельцем 2026-09-30, Q-32)",count+distribution,перенос,реализовано (этап 03),проверено SQL 2026-09-29,20,ok: Project.status enum
Project,vtiger_project,projecttype,projecttype,Type,15,varchar(100),нет,45,54,45,Project (собственная),type,"enum: словарь metadata/vtigerValueMap/Project.json (D-19; утверждён владельцем 2026-09-30, Q-32)",count+distribution,перенос,реализовано (этап 03),проверено SQL 2026-09-29,16,ok: Project.type enum
Project,vtiger_project,linktoaccountscontacts,linktoaccountscontacts,Related to,10,varchar(100),нет,53,54,53,Project (собственная),account,fk Accounts,fk,перенос,реализовано (этап 03),проверено SQL 2026-09-29,4,ok: Project.account link
Project,vtiger_crmentity,source,source,Source,1,varchar(100),нет,6308,54,54,—,—,исключено: технический канал создания записи Vtiger (CRM/WEBSERVICE),count,исключено: исключено: технический канал создания записи Vtiger (CRM/WEBSERVICE),предложено,проверено SQL 2026-09-29,6,—
Project,vtiger_crmentity_user_field,starred,starred,starred,56,varchar(100),нет,5155,54,0,—,—,исключено: персональная «звёздочка» пользователя (истинных значений — единицы),count,исключено: исключено: персональная «звёздочка» пользователя (истинных значений — единицы),предложено,проверено SQL 2026-09-29,1,—
Project,vtiger_project,tags,tags,tags,1,varchar(1),нет,0,54,0,—,—,пусто в источнике (теги — vtiger_freetagged_objects),count,исключено: пусто в источнике (теги — vtiger_freetagged_objects),предложено,проверено SQL 2026-09-29,0,—
Project,vtiger_crmentity,smcreatorid,created_user_id,Created By,53,int,нет,6880,54,54,Project (собственная),createdBy,user-map по vtiger_users.id,fk,перенос,реализовано (этап 03),проверено SQL 2026-09-29,,ok: Project.createdBy link
Project,vtiger_project,isconvertedfrompotential,isconvertedfrompotential,Is Converted From Opportunity,56,int,нет,54,54,5,Project (собственная),vtigerData.isconvertedfrompotential,bool,count,архив (только чтение),реализовано (этап 03),проверено SQL 2026-09-29,,ok: Project.vtigerData jsonObject
Project,vtiger_project,potentialid,potentialid,Potential Name,10,varchar(100),нет,54,54,54,Project (собственная),opportunity,fk,fk,перенос,реализовано (этап 03),проверено SQL 2026-09-29,4,ok: Project.opportunity link
Project,vtiger_project,targetbudget,targetbudget,Target Budget,7,varchar(255),нет,51,54,51,Project (собственная),budget,varchar → currency(decimal): 50 из 51 значения числовые; нечисловое → vtigerData.targetbudget (проверено 2026-09-30),count+sum,перенос,реализовано (этап 03),проверено SQL 2026-09-29,13,ok: Project.budget currency
Project,vtiger_project,projecturl,projecturl,Project Url,17,varchar(255),нет,2,54,2,Project (собственная),url,url,count,перенос,реализовано (этап 03),проверено SQL 2026-09-29,39,ok: Project.url url(255)
Project,vtiger_project,projectpriority,projectpriority,Priority,15,varchar(100),нет,47,54,47,Project (собственная),priority,"enum: словарь metadata/vtigerValueMap/Project.json (D-19; утверждён владельцем 2026-09-30, Q-32)",count+distribution,перенос,реализовано (этап 03),проверено SQL 2026-09-29,10,ok: Project.priority enum
Project,vtiger_project,progress,progress,Progress,15,varchar(100),нет,47,54,47,Project (собственная),progress,"enum: словарь metadata/vtigerValueMap/Project.json (D-19; утверждён владельцем 2026-09-30, Q-32) (10%…100%)",count+distribution,перенос,реализовано (этап 03),проверено SQL 2026-09-29,4,ok: Project.progress enum
Project,vtiger_crmentity,createdtime,createdtime,Created Time,70,datetime,нет,6880,54,54,Project (собственная),createdAt,"datetime → UTC по эпохам D-30 (Europe/Moscow до 2022-11, Europe/Berlin до 2026-06-12, далее UTC)",count+hash,перенос,реализовано (этап 03),проверено SQL 2026-09-29,,ok: Project.createdAt datetime
Project,vtiger_crmentity,modifiedtime,modifiedtime,Modified Time,70,datetime,нет,6880,54,54,Project (собственная),modifiedAt,"datetime → UTC по эпохам D-30 (Europe/Moscow до 2022-11, Europe/Berlin до 2026-06-12, далее UTC)",count+hash,перенос,реализовано (этап 03),проверено SQL 2026-09-29,,ok: Project.modifiedAt datetime
Project,vtiger_crmentity,modifiedby,modifiedby,Last Modified By,52,int,нет,6880,54,54,Project (собственная),modifiedBy,user-map по vtiger_users.id,fk,перенос,реализовано (этап 03),проверено SQL 2026-09-29,,ok: Project.modifiedBy link
Project,vtiger_crmentity,description,description,Description,19,mediumtext,нет,1365,54,29,Project (собственная),description,text as-is,count+hash,перенос,реализовано (этап 03),проверено SQL 2026-09-29,331,ok: Project.description text
SMSNotifier,vtiger_smsnotifier,message,message,message,21,text,нет,0,0,0,—,—,нет данных,count,пусто — данных нет,предложено,проверено SQL 2026-09-29,,—
SMSNotifier,vtiger_crmentity,smownerid,assigned_user_id,Assigned To,53,int,нет,6880,0,0,?,assignedUser / teams,owner-map: user→User; group→Team (assignedUser пуст),fk,пусто — данных нет,предложено,проверено SQL 2026-09-29,,—
SMSNotifier,vtiger_crmentity,createdtime,createdtime,Created Time,70,datetime,нет,6880,0,0,?,createdAt,"datetime → UTC по эпохам D-30 (Europe/Moscow до 2022-11, Europe/Berlin до 2026-06-12, далее UTC)",count+hash,пусто — данных нет,предложено,проверено SQL 2026-09-29,,—
SMSNotifier,vtiger_crmentity,modifiedtime,modifiedtime,Modified Time,70,datetime,нет,6880,0,0,?,modifiedAt,"datetime → UTC по эпохам D-30 (Europe/Moscow до 2022-11, Europe/Berlin до 2026-06-12, далее UTC)",count+hash,пусто — данных нет,предложено,проверено SQL 2026-09-29,,—
SMSNotifier,vtiger_crmentity,modifiedby,modifiedby,Last Modified By,52,int,нет,6880,0,0,?,modifiedBy,user-map по vtiger_users.id,fk,пусто — данных нет,предложено,проверено SQL 2026-09-29,,—
SMSNotifier,vtiger_crmentity,source,source,Source,1,varchar(100),нет,6308,0,0,—,—,исключено: технический канал создания записи Vtiger (CRM/WEBSERVICE),count,исключено: исключено: технический канал создания записи Vtiger (CRM/WEBSERVICE),предложено,проверено SQL 2026-09-29,,—
SMSNotifier,vtiger_crmentity,smcreatorid,created_user_id,Created By,52,int,нет,6880,0,0,?,createdBy,user-map по vtiger_users.id,fk,пусто — данных нет,предложено,проверено SQL 2026-09-29,,—
SMSNotifier,vtiger_crmentity,smcreatorid,created_user_id,Created By,53,int,нет,6880,0,0,?,createdBy,user-map по vtiger_users.id,fk,пусто — данных нет,предложено,проверено SQL 2026-09-29,,—
Consignment,vtiger_sp_consignment,consignment_no,consignment_no,Consignment No,4,varchar(100),нет,1,1,1,VtigerArchive,VtigerArchive.data.consignment_no,JSON как есть; ссылки как vtigerId,count+hash,архив (только чтение),реализовано (этап 03),проверено SQL 2026-09-29,1,ok: VtigerArchive.data jsonObject
Consignment,vtiger_sp_consignment,subject,subject,Subject,1,varchar(255),нет,1,1,1,VtigerArchive,VtigerArchive.data.subject,JSON как есть; ссылки как vtigerId,count+hash,архив (только чтение),реализовано (этап 03),проверено SQL 2026-09-29,21,ok: VtigerArchive.data jsonObject
Consignment,vtiger_sp_consignment,invoiceid,invoice_id,Invoice Name,10,int,нет,1,1,1,VtigerArchive,VtigerArchive.data.invoice_id,JSON как есть; ссылки как vtigerId,count+hash,архив (только чтение),реализовано (этап 03),проверено SQL 2026-09-29,,ok: VtigerArchive.data jsonObject
Consignment,vtiger_sp_consignment,consignmentdate,consignmentdate,Consignment Date,5,date,нет,1,1,1,VtigerArchive,VtigerArchive.data.consignmentdate,JSON как есть; ссылки как vtigerId,count+hash,архив (только чтение),реализовано (этап 03),проверено SQL 2026-09-29,,ok: VtigerArchive.data jsonObject
Consignment,vtiger_sp_consignment,salesorderid,salesorder_id,Sales Order,80,int,нет,0,1,0,VtigerArchive,VtigerArchive.data.salesorder_id,JSON как есть; ссылки как vtigerId,count+hash,пусто — данных нет,предложено,проверено SQL 2026-09-29,,—
Consignment,vtiger_sp_consignment,accountid,account_id,Account Name,10,int,нет,1,1,1,VtigerArchive,VtigerArchive.data.account_id,JSON как есть; ссылки как vtigerId,count+hash,архив (только чтение),реализовано (этап 03),проверено SQL 2026-09-29,,ok: VtigerArchive.data jsonObject
Consignment,vtiger_crmentity,smownerid,assigned_user_id,Assigned To,53,int,нет,6880,1,1,VtigerArchive,VtigerArchive.data.assigned_user_id,JSON как есть; ссылки как vtigerId,count+hash,архив (только чтение),реализовано (этап 03),проверено SQL 2026-09-29,,ok: VtigerArchive.data jsonObject
Consignment,vtiger_sp_consignment,contactid,contact_id,Contact Name,57,int,нет,1,1,0,VtigerArchive,VtigerArchive.data.contact_id,JSON как есть; ссылки как vtigerId,count+hash,пусто — данных нет,предложено,проверено SQL 2026-09-29,,—
Consignment,vtiger_crmentity,createdtime,createdtime,Created Time,70,datetime,нет,6880,1,1,VtigerArchive,VtigerArchive.data.createdtime,JSON как есть; ссылки как vtigerId,count+hash,архив (только чтение),реализовано (этап 03),проверено SQL 2026-09-29,,ok: VtigerArchive.data jsonObject
Consignment,vtiger_sp_consignment,sp_consignmentstatus,sp_consignmentstatus,Status,15,varchar(200),нет,0,1,0,VtigerArchive,VtigerArchive.data.sp_consignmentstatus,JSON как есть; ссылки как vtigerId,count+hash,пусто — данных нет,предложено,проверено SQL 2026-09-29,0,—
Consignment,vtiger_crmentity,modifiedtime,modifiedtime,Modified Time,70,datetime,нет,6880,1,1,VtigerArchive,VtigerArchive.data.modifiedtime,JSON как есть; ссылки как vtigerId,count+hash,архив (только чтение),реализовано (этап 03),проверено SQL 2026-09-29,,ok: VtigerArchive.data jsonObject
Consignment,vtiger_sp_consignment,adjustment,txtAdjustment,Adjustment,72,"decimal(25,8)",нет,1,1,0,VtigerArchive,VtigerArchive.data.txtAdjustment,JSON как есть; ссылки как vtigerId,count+hash,пусто — данных нет,предложено,проверено SQL 2026-09-29,,—
Consignment,vtiger_sp_consignment,subtotal,hdnSubTotal,Sub Total,72,"decimal(25,8)",нет,1,1,1,VtigerArchive,VtigerArchive.data.hdnSubTotal,JSON как есть; ссылки как vtigerId,count+hash,архив (только чтение),реализовано (этап 03),проверено SQL 2026-09-29,,ok: VtigerArchive.data jsonObject
Consignment,vtiger_sp_consignment,total,hdnGrandTotal,Total,72,"decimal(25,8)",нет,1,1,1,VtigerArchive,VtigerArchive.data.hdnGrandTotal,JSON как есть; ссылки как vtigerId,count+hash,архив (только чтение),реализовано (этап 03),проверено SQL 2026-09-29,,ok: VtigerArchive.data jsonObject
Consignment,vtiger_sp_consignment,taxtype,hdnTaxType,Tax Type,16,varchar(25),нет,1,1,1,VtigerArchive,VtigerArchive.data.hdnTaxType,JSON как есть; ссылки как vtigerId,count+hash,архив (только чтение),реализовано (этап 03),проверено SQL 2026-09-29,13,ok: VtigerArchive.data jsonObject
Consignment,vtiger_sp_consignment,s_h_amount,hdnS_H_Amount,S&H Amount,72,"decimal(25,8)",нет,1,1,0,VtigerArchive,VtigerArchive.data.hdnS_H_Amount,JSON как есть; ссылки как vtigerId,count+hash,пусто — данных нет,предложено,проверено SQL 2026-09-29,,—
Consignment,vtiger_sp_consignment,currency_id,currency_id,Currency,117,int,нет,1,1,1,VtigerArchive,VtigerArchive.data.currency_id,JSON как есть; ссылки как vtigerId,count+hash,архив (только чтение),реализовано (этап 03),проверено SQL 2026-09-29,,ok: VtigerArchive.data jsonObject
Consignment,vtiger_sp_consignment,conversion_rate,conversion_rate,Conversion Rate,1,"decimal(10,3)",нет,1,1,1,VtigerArchive,VtigerArchive.data.conversion_rate,JSON как есть; ссылки как vtigerId,count+hash,архив (только чтение),реализовано (этап 03),проверено SQL 2026-09-29,,ok: VtigerArchive.data jsonObject
Consignment,vtiger_crmentity,modifiedby,modifiedby,Last Modified By,52,int,нет,6880,1,1,VtigerArchive,VtigerArchive.data.modifiedby,JSON как есть; ссылки как vtigerId,count+hash,архив (только чтение),реализовано (этап 03),проверено SQL 2026-09-29,,ok: VtigerArchive.data jsonObject
Consignment,vtiger_crmentity,source,source,Source,1,varchar(100),нет,6308,1,1,VtigerArchive,VtigerArchive.data.source,JSON как есть; ссылки как vtigerId,count+hash,архив (только чтение),реализовано (этап 03),проверено SQL 2026-09-29,3,ok: VtigerArchive.data jsonObject
Consignment,vtiger_sp_consignment,tags,tags,tags,1,varchar(1),нет,0,1,0,VtigerArchive,VtigerArchive.data.tags,JSON как есть; ссылки как vtigerId,count+hash,пусто — данных нет,предложено,проверено SQL 2026-09-29,0,—
Consignment,vtiger_crmentity,smcreatorid,created_user_id,Created By,52,int,нет,6880,1,1,VtigerArchive,VtigerArchive.data.created_user_id,JSON как есть; ссылки как vtigerId,count+hash,архив (только чтение),реализовано (этап 03),проверено SQL 2026-09-29,,ok: VtigerArchive.data jsonObject
Consignment,vtiger_crmentity_user_field,starred,starred,starred,56,varchar(100),нет,5155,1,0,VtigerArchive,VtigerArchive.data.starred,JSON как есть; ссылки как vtigerId,count+hash,пусто — данных нет,предложено,проверено SQL 2026-09-29,1,—
Consignment,vtiger_sp_consignment,pre_tax_total,pre_tax_total,Pre Tax Total,72,"decimal(25,8)",нет,1,1,1,VtigerArchive,VtigerArchive.data.pre_tax_total,JSON как есть; ссылки как vtigerId,count+hash,архив (только чтение),реализовано (этап 03),проверено SQL 2026-09-29,,ok: VtigerArchive.data jsonObject
Consignment,vtiger_sp_consignment,spcompany,spcompany,Self Company,16,varchar(200),нет,1,1,1,VtigerArchive,VtigerArchive.data.spcompany,JSON как есть; ссылки как vtigerId,count+hash,архив (только чтение),реализовано (этап 03),проверено SQL 2026-09-29,7,ok: VtigerArchive.data jsonObject
Consignment,vtiger_crmentity,smcreatorid,created_user_id,Created By,53,int,нет,6880,1,1,VtigerArchive,VtigerArchive.data.created_user_id,JSON как есть; ссылки как vtigerId,count+hash,архив (только чтение),реализовано (этап 03),проверено SQL 2026-09-29,,ok: VtigerArchive.data jsonObject
Consignment,vtiger_sp_consignment,has_goods_consignment,has_goods_consignment,Has Goods Consignment,56,varchar(3),нет,1,1,1,VtigerArchive,VtigerArchive.data.has_goods_consignment,JSON как есть; ссылки как vtigerId,count+hash,архив (только чтение),реализовано (этап 03),проверено SQL 2026-09-29,1,ok: VtigerArchive.data jsonObject
Consignment,vtiger_sp_consignment,goods_consignment_no,goods_consignment_no,Goods Consignment No,1,int,нет,1,1,1,VtigerArchive,VtigerArchive.data.goods_consignment_no,JSON как есть; ссылки как vtigerId,count+hash,архив (только чтение),реализовано (этап 03),проверено SQL 2026-09-29,,ok: VtigerArchive.data jsonObject
Consignment,vtiger_sp_consignmentbillads,bill_street,bill_street,Billing Address,24,varchar(250),нет,1,1,1,VtigerArchive,VtigerArchive.data.bill_street,JSON как есть; ссылки как vtigerId,count+hash,архив (только чтение),реализовано (этап 03),проверено SQL 2026-09-29,16,ok: VtigerArchive.data jsonObject
Consignment,vtiger_sp_consignmentshipads,ship_street,ship_street,Shipping Address,24,varchar(250),нет,1,1,1,VtigerArchive,VtigerArchive.data.ship_street,JSON как есть; ссылки как vtigerId,count+hash,архив (только чтение),реализовано (этап 03),проверено SQL 2026-09-29,16,ok: VtigerArchive.data jsonObject
Consignment,vtiger_sp_consignmentbillads,bill_pobox,bill_pobox,Billing Po Box,1,varchar(30),нет,0,1,0,VtigerArchive,VtigerArchive.data.bill_pobox,JSON как есть; ссылки как vtigerId,count+hash,пусто — данных нет,предложено,проверено SQL 2026-09-29,0,—
Consignment,vtiger_sp_consignmentshipads,ship_pobox,ship_pobox,Shipping Po Box,1,varchar(30),нет,0,1,0,VtigerArchive,VtigerArchive.data.ship_pobox,JSON как есть; ссылки как vtigerId,count+hash,пусто — данных нет,предложено,проверено SQL 2026-09-29,0,—
Consignment,vtiger_sp_consignmentbillads,bill_city,bill_city,Billing City,1,varchar(30),нет,1,1,1,VtigerArchive,VtigerArchive.data.bill_city,JSON как есть; ссылки как vtigerId,count+hash,архив (только чтение),реализовано (этап 03),проверено SQL 2026-09-29,13,ok: VtigerArchive.data jsonObject
Consignment,vtiger_sp_consignmentshipads,ship_city,ship_city,Shipping City,1,varchar(30),нет,1,1,1,VtigerArchive,VtigerArchive.data.ship_city,JSON как есть; ссылки как vtigerId,count+hash,архив (только чтение),реализовано (этап 03),проверено SQL 2026-09-29,13,ok: VtigerArchive.data jsonObject
Consignment,vtiger_sp_consignmentbillads,bill_state,bill_state,Billing State,1,varchar(30),нет,1,1,1,VtigerArchive,VtigerArchive.data.bill_state,JSON как есть; ссылки как vtigerId,count+hash,архив (только чтение),реализовано (этап 03),проверено SQL 2026-09-29,7,ok: VtigerArchive.data jsonObject
Consignment,vtiger_sp_consignmentshipads,ship_state,ship_state,Shipping State,1,varchar(30),нет,1,1,1,VtigerArchive,VtigerArchive.data.ship_state,JSON как есть; ссылки как vtigerId,count+hash,архив (только чтение),реализовано (этап 03),проверено SQL 2026-09-29,7,ok: VtigerArchive.data jsonObject
Consignment,vtiger_sp_consignmentbillads,bill_code,bill_code,Billing Code,1,varchar(30),нет,1,1,1,VtigerArchive,VtigerArchive.data.bill_code,JSON как есть; ссылки как vtigerId,count+hash,архив (только чтение),реализовано (этап 03),проверено SQL 2026-09-29,6,ok: VtigerArchive.data jsonObject
Consignment,vtiger_sp_consignmentshipads,ship_code,ship_code,Shipping Code,1,varchar(30),нет,1,1,1,VtigerArchive,VtigerArchive.data.ship_code,JSON как есть; ссылки как vtigerId,count+hash,архив (только чтение),реализовано (этап 03),проверено SQL 2026-09-29,6,ok: VtigerArchive.data jsonObject
Consignment,vtiger_sp_consignmentbillads,bill_country,bill_country,Billing Country,1,varchar(30),нет,1,1,1,VtigerArchive,VtigerArchive.data.bill_country,JSON как есть; ссылки как vtigerId,count+hash,архив (только чтение),реализовано (этап 03),проверено SQL 2026-09-29,6,ok: VtigerArchive.data jsonObject
Consignment,vtiger_sp_consignmentshipads,ship_country,ship_country,Shipping Country,1,varchar(30),нет,1,1,1,VtigerArchive,VtigerArchive.data.ship_country,JSON как есть; ссылки как vtigerId,count+hash,архив (только чтение),реализовано (этап 03),проверено SQL 2026-09-29,6,ok: VtigerArchive.data jsonObject
Consignment,vtiger_crmentity,description,description,Description,19,mediumtext,нет,1365,1,0,VtigerArchive,VtigerArchive.data.description,JSON как есть; ссылки как vtigerId,count+hash,пусто — данных нет,предложено,проверено SQL 2026-09-29,0,—
Consignment,vtiger_inventoryproductrel,productid,productid,Item Name,10,int,нет,1176,3,3,VtigerArchive,VtigerArchive.data.productid,JSON как есть; ссылки как vtigerId,count+hash,архив (только чтение),реализовано (этап 03),проверено SQL 2026-09-29,,ok: VtigerArchive.data jsonObject
Consignment,vtiger_inventoryproductrel,quantity,quantity,Quantity,7,"decimal(25,3)",нет,1176,3,3,VtigerArchive,VtigerArchive.data.quantity,JSON как есть; ссылки как vtigerId,count+hash,архив (только чтение),реализовано (этап 03),проверено SQL 2026-09-29,,ok: VtigerArchive.data jsonObject
Consignment,vtiger_inventoryproductrel,listprice,listprice,List Price,71,"decimal(27,8)",нет,1176,3,3,VtigerArchive,VtigerArchive.data.listprice,JSON как есть; ссылки как vtigerId,count+hash,архив (только чтение),реализовано (этап 03),проверено SQL 2026-09-29,,ok: VtigerArchive.data jsonObject
Consignment,vtiger_inventoryproductrel,comment,comment,Item Comment,19,text,нет,1130,3,3,VtigerArchive,VtigerArchive.data.comment,JSON как есть; ссылки как vtigerId,count+hash,архив (только чтение),реализовано (этап 03),проверено SQL 2026-09-29,16,ok: VtigerArchive.data jsonObject
Consignment,vtiger_inventoryproductrel,discount_amount,discount_amount,Item Discount Amount,71,"decimal(27,8)",нет,253,3,0,VtigerArchive,VtigerArchive.data.discount_amount,JSON как есть; ссылки как vtigerId,count+hash,пусто — данных нет,предложено,проверено SQL 2026-09-29,,—
Consignment,vtiger_inventoryproductrel,discount_percent,discount_percent,Item Discount Percent,7,"decimal(7,3)",нет,250,3,0,VtigerArchive,VtigerArchive.data.discount_percent,JSON как есть; ссылки как vtigerId,count+hash,пусто — данных нет,предложено,проверено SQL 2026-09-29,,—
Consignment,vtiger_inventoryproductrel,tax1,tax1,НДС,83,"decimal(7,3)",нет,252,3,0,VtigerArchive,VtigerArchive.data.tax1,JSON как есть; ссылки как vtigerId,count+hash,пусто — данных нет,предложено,проверено SQL 2026-09-29,,—
Consignment,vtiger_inventoryproductrel,tax2,tax2,Tax2,83,"decimal(7,3)",нет,252,3,0,VtigerArchive,VtigerArchive.data.tax2,JSON как есть; ссылки как vtigerId,count+hash,пусто — данных нет,предложено,проверено SQL 2026-09-29,,—
Consignment,vtiger_inventoryproductrel,tax3,tax3,Tax3,83,"decimal(7,3)",нет,252,3,0,VtigerArchive,VtigerArchive.data.tax3,JSON как есть; ссылки как vtigerId,count+hash,пусто — данных нет,предложено,проверено SQL 2026-09-29,,—
Consignment,vtiger_sp_consignment,s_h_percent,hdnS_H_Percent,S&H Percent,1,int,нет,1,1,0,VtigerArchive,VtigerArchive.data.hdnS_H_Percent,JSON как есть; ссылки как vtigerId,count+hash,пусто — данных нет,предложено,проверено SQL 2026-09-29,,—
Consignment,vtiger_sp_consignment,discount_percent,hdnDiscountPercent,Discount Percent,72,"decimal(25,8)",нет,0,1,0,VtigerArchive,VtigerArchive.data.hdnDiscountPercent,JSON как есть; ссылки как vtigerId,count+hash,пусто — данных нет,предложено,проверено SQL 2026-09-29,,—
Consignment,vtiger_sp_consignment,discount_amount,hdnDiscountAmount,Discount Amount,72,"decimal(25,8)",нет,0,1,0,VtigerArchive,VtigerArchive.data.hdnDiscountAmount,JSON как есть; ссылки как vtigerId,count+hash,пусто — данных нет,предложено,проверено SQL 2026-09-29,,—
Consignment,vtiger_inventoryproductrel,image,image,Image,56,varchar(2),нет,0,3,0,VtigerArchive,VtigerArchive.data.image,JSON как есть; ссылки как vtigerId,count+hash,пусто — данных нет,предложено,проверено SQL 2026-09-29,,—
Consignment,vtiger_inventoryproductrel,purchase_cost,purchase_cost,Purchase Cost,71,"decimal(27,8)",нет,1176,3,0,VtigerArchive,VtigerArchive.data.purchase_cost,JSON как есть; ссылки как vtigerId,count+hash,пусто — данных нет,предложено,проверено SQL 2026-09-29,,—
Consignment,vtiger_inventoryproductrel,margin,margin,Margin,71,"decimal(27,8)",нет,1176,3,3,VtigerArchive,VtigerArchive.data.margin,JSON как есть; ссылки как vtigerId,count+hash,архив (только чтение),реализовано (этап 03),проверено SQL 2026-09-29,,ok: VtigerArchive.data jsonObject
Consignment,vtiger_sp_consignment,region_id,region_id,Tax Region,16,int,нет,1,1,0,VtigerArchive,VtigerArchive.data.region_id,JSON как есть; ссылки как vtigerId,count+hash,перенос (значимы NULL и 0),реализовано (этап 03),проверено SQL 2026-09-29,,ok: VtigerArchive.data jsonObject
SPSocialConnector,vtiger_sp_socialconnector,message,message,message,21,text,нет,0,0,0,—,—,нет данных,count,пусто — данных нет,предложено,проверено SQL 2026-09-29,,—
SPSocialConnector,vtiger_sp_socialconnector,type,type,Type,15,varchar(255),нет,0,0,0,—,—,нет данных,count,пусто — данных нет,предложено,проверено SQL 2026-09-29,,—
SPSocialConnector,vtiger_crmentity,smownerid,assigned_user_id,Assigned To,53,int,нет,6880,0,0,?,assignedUser / teams,owner-map: user→User; group→Team (assignedUser пуст),fk,пусто — данных нет,предложено,проверено SQL 2026-09-29,,—
SPSocialConnector,vtiger_sp_socialconnector,message_datetime,message_datetime,Date Time,70,datetime,нет,0,0,0,—,—,нет данных,count,пусто — данных нет,предложено,проверено SQL 2026-09-29,,—
SPSocialConnector,vtiger_sp_socialconnector,vk_status,vk_status,Vkontakte,15,varchar(255),нет,0,0,0,—,—,нет данных,count,пусто — данных нет,предложено,проверено SQL 2026-09-29,,—
SPSocialConnector,vtiger_sp_socialconnector,vk_message_id,vk_message_id,Vkontakte Message ID,2,varchar(255),нет,0,0,0,—,—,нет данных,count,пусто — данных нет,предложено,проверено SQL 2026-09-29,,—
SPSocialConnector,vtiger_sp_socialconnector,tw_message_id,tw_message_id,Twitter Message ID,2,varchar(255),нет,0,0,0,—,—,нет данных,count,пусто — данных нет,предложено,проверено SQL 2026-09-29,,—
SPSocialConnector,vtiger_sp_socialconnector,tw_status,tw_status,Twitter,15,varchar(255),нет,0,0,0,—,—,нет данных,count,пусто — данных нет,предложено,проверено SQL 2026-09-29,,—
SPSocialConnector,vtiger_crmentity,source,source,Source,1,varchar(100),нет,6308,0,0,—,—,исключено: технический канал создания записи Vtiger (CRM/WEBSERVICE),count,исключено: исключено: технический канал создания записи Vtiger (CRM/WEBSERVICE),предложено,проверено SQL 2026-09-29,,—
SPSocialConnector,vtiger_sp_socialconnector,tags,tags,tags,1,varchar(1),нет,0,0,0,—,—,пусто в источнике (теги — vtiger_freetagged_objects),count,исключено: пусто в источнике (теги — vtiger_freetagged_objects),предложено,проверено SQL 2026-09-29,,—
SPSocialConnector,vtiger_crmentity,smcreatorid,created_user_id,Created By,52,int,нет,6880,0,0,?,createdBy,user-map по vtiger_users.id,fk,пусто — данных нет,предложено,проверено SQL 2026-09-29,,—
SPSocialConnector,vtiger_crmentity_user_field,starred,starred,starred,56,varchar(100),нет,5155,0,0,—,—,исключено: персональная «звёздочка» пользователя (истинных значений — единицы),count,исключено: исключено: персональная «звёздочка» пользователя (истинных значений — единицы),предложено,проверено SQL 2026-09-29,,—
SPSocialConnector,vtiger_crmentity,smcreatorid,created_user_id,Created By,53,int,нет,6880,0,0,?,createdBy,user-map по vtiger_users.id,fk,пусто — данных нет,предложено,проверено SQL 2026-09-29,,—
Assets,vtiger_assets,asset_no,asset_no,Asset No,4,varchar(30),нет,3,3,3,VtigerArchive,VtigerArchive.data.asset_no,JSON как есть; ссылки как vtigerId,count+hash,архив (только чтение),реализовано (этап 03),проверено SQL 2026-09-29,7,ok: VtigerArchive.data jsonObject
Assets,vtiger_assets,product,product,Product Name,10,int,нет,3,3,3,VtigerArchive,VtigerArchive.data.product,JSON как есть; ссылки как vtigerId,count+hash,архив (только чтение),реализовано (этап 03),проверено SQL 2026-09-29,,ok: VtigerArchive.data jsonObject
Assets,vtiger_assets,serialnumber,serialnumber,Serial Number,2,varchar(200),нет,3,3,3,VtigerArchive,VtigerArchive.data.serialnumber,JSON как есть; ссылки как vtigerId,count+hash,архив (только чтение),реализовано (этап 03),проверено SQL 2026-09-29,8,ok: VtigerArchive.data jsonObject
Assets,vtiger_crmentity,smownerid,assigned_user_id,Assigned To,53,int,нет,6880,3,3,VtigerArchive,VtigerArchive.data.assigned_user_id,JSON как есть; ссылки как vtigerId,count+hash,архив (только чтение),реализовано (этап 03),проверено SQL 2026-09-29,,ok: VtigerArchive.data jsonObject
Assets,vtiger_assets,datesold,datesold,Date Sold,5,date,нет,3,3,3,VtigerArchive,VtigerArchive.data.datesold,JSON как есть; ссылки как vtigerId,count+hash,архив (только чтение),реализовано (этап 03),проверено SQL 2026-09-29,,ok: VtigerArchive.data jsonObject
Assets,vtiger_assets,dateinservice,dateinservice,Date in Service,5,date,нет,3,3,3,VtigerArchive,VtigerArchive.data.dateinservice,JSON как есть; ссылки как vtigerId,count+hash,архив (только чтение),реализовано (этап 03),проверено SQL 2026-09-29,,ok: VtigerArchive.data jsonObject
Assets,vtiger_assets,assetstatus,assetstatus,Status,15,varchar(200),нет,3,3,3,VtigerArchive,VtigerArchive.data.assetstatus,JSON как есть; ссылки как vtigerId,count+hash,архив (только чтение),реализовано (этап 03),проверено SQL 2026-09-29,14,ok: VtigerArchive.data jsonObject
Assets,vtiger_assets,tagnumber,tagnumber,Tag Number,2,varchar(300),нет,0,3,0,VtigerArchive,VtigerArchive.data.tagnumber,JSON как есть; ссылки как vtigerId,count+hash,пусто — данных нет,предложено,проверено SQL 2026-09-29,0,—
Assets,vtiger_assets,invoiceid,invoiceid,Invoice Name,10,int,нет,3,3,0,VtigerArchive,VtigerArchive.data.invoiceid,JSON как есть; ссылки как vtigerId,count+hash,пусто — данных нет,предложено,проверено SQL 2026-09-29,,—
Assets,vtiger_assets,shippingmethod,shippingmethod,Shipping Method,2,varchar(200),нет,0,3,0,VtigerArchive,VtigerArchive.data.shippingmethod,JSON как есть; ссылки как vtigerId,count+hash,пусто — данных нет,предложено,проверено SQL 2026-09-29,0,—
Assets,vtiger_assets,shippingtrackingnumber,shippingtrackingnumber,Shipping Tracking Number,2,varchar(200),нет,0,3,0,VtigerArchive,VtigerArchive.data.shippingtrackingnumber,JSON как есть; ссылки как vtigerId,count+hash,пусто — данных нет,предложено,проверено SQL 2026-09-29,0,—
Assets,vtiger_assets,assetname,assetname,Asset Name,1,varchar(100),нет,3,3,3,VtigerArchive,VtigerArchive.data.assetname,JSON как есть; ссылки как vtigerId,count+hash,архив (только чтение),реализовано (этап 03),проверено SQL 2026-09-29,23,ok: VtigerArchive.data jsonObject
Assets,vtiger_assets,account,account,Customer Name,10,int,нет,3,3,3,VtigerArchive,VtigerArchive.data.account,JSON как есть; ссылки как vtigerId,count+hash,архив (только чтение),реализовано (этап 03),проверено SQL 2026-09-29,,ok: VtigerArchive.data jsonObject
Assets,vtiger_assets,contact,contact,Contact Name,10,int,нет,3,3,0,VtigerArchive,VtigerArchive.data.contact,JSON как есть; ссылки как vtigerId,count+hash,пусто — данных нет,предложено,проверено SQL 2026-09-29,,—
Assets,vtiger_crmentity,createdtime,createdtime,Created Time,70,datetime,нет,6880,3,3,VtigerArchive,VtigerArchive.data.createdtime,JSON как есть; ссылки как vtigerId,count+hash,архив (только чтение),реализовано (этап 03),проверено SQL 2026-09-29,,ok: VtigerArchive.data jsonObject
Assets,vtiger_crmentity,modifiedtime,modifiedtime,Modified Time,70,datetime,нет,6880,3,3,VtigerArchive,VtigerArchive.data.modifiedtime,JSON как есть; ссылки как vtigerId,count+hash,архив (только чтение),реализовано (этап 03),проверено SQL 2026-09-29,,ok: VtigerArchive.data jsonObject
Assets,vtiger_crmentity,modifiedby,modifiedby,Last Modified By,52,int,нет,6880,3,3,VtigerArchive,VtigerArchive.data.modifiedby,JSON как есть; ссылки как vtigerId,count+hash,архив (только чтение),реализовано (этап 03),проверено SQL 2026-09-29,,ok: VtigerArchive.data jsonObject
Assets,vtiger_crmentity,source,source,Source,1,varchar(100),нет,6308,3,3,VtigerArchive,VtigerArchive.data.source,JSON как есть; ссылки как vtigerId,count+hash,архив (только чтение),реализовано (этап 03),проверено SQL 2026-09-29,3,ok: VtigerArchive.data jsonObject
Assets,vtiger_assets,tags,tags,tags,1,varchar(1),нет,0,3,0,VtigerArchive,VtigerArchive.data.tags,JSON как есть; ссылки как vtigerId,count+hash,пусто — данных нет,предложено,проверено SQL 2026-09-29,0,—
Assets,vtiger_crmentity,smcreatorid,created_user_id,Created By,52,int,нет,6880,3,3,VtigerArchive,VtigerArchive.data.created_user_id,JSON как есть; ссылки как vtigerId,count+hash,архив (только чтение),реализовано (этап 03),проверено SQL 2026-09-29,,ok: VtigerArchive.data jsonObject
Assets,vtiger_crmentity_user_field,starred,starred,starred,56,varchar(100),нет,5155,3,0,VtigerArchive,VtigerArchive.data.starred,JSON как есть; ссылки как vtigerId,count+hash,пусто — данных нет,предложено,проверено SQL 2026-09-29,1,—
Assets,vtiger_crmentity,smcreatorid,created_user_id,Created By,53,int,нет,6880,3,3,VtigerArchive,VtigerArchive.data.created_user_id,JSON как есть; ссылки как vtigerId,count+hash,архив (только чтение),реализовано (этап 03),проверено SQL 2026-09-29,,ok: VtigerArchive.data jsonObject
Assets,vtiger_crmentity,description,description,Notes,19,mediumtext,нет,1365,3,3,VtigerArchive,VtigerArchive.data.description,JSON как есть; ссылки как vtigerId,count+hash,архив (только чтение),реализовано (этап 03),проверено SQL 2026-09-29,21,ok: VtigerArchive.data jsonObject
ModComments,vtiger_modcomments,commentcontent,commentcontent,Comment,19,text,нет,78,78,78,Note (post),post,text,count+hash,перенос,реализовано (этап 03),проверено SQL 2026-09-29,775,ok: Note.post text
ModComments,vtiger_crmentity,source,source,Source,1,varchar(100),нет,6308,78,78,—,—,исключено: технический канал создания записи Vtiger (CRM/WEBSERVICE),count,исключено: исключено: технический канал создания записи Vtiger (CRM/WEBSERVICE),предложено,проверено SQL 2026-09-29,6,—
ModComments,vtiger_modcomments,customer,customer,Customer,10,int,нет,78,78,1,Note (post),vtigerData.customer,fk Contact,fk,архив (только чтение),реализовано (этап 03),проверено SQL 2026-09-29,,ok: Note.vtigerData jsonObject
ModComments,vtiger_modcomments,userid,userid,UserId,10,int,нет,78,78,77,Note (post),createdBy,vtiger_users.id (все значения — пользователи),fk,перенос,реализовано (этап 03),проверено SQL 2026-09-29,,ok: Note.createdBy link
ModComments,vtiger_modcomments,reasontoedit,reasontoedit,ReasonToEdit,19,varchar(100),нет,0,78,0,—,—,нет данных,count,пусто — данных нет,предложено,проверено SQL 2026-09-29,0,—
ModComments,vtiger_crmentity,smcreatorid,created_user_id,Created By,52,int,нет,6880,78,78,Note (post),createdBy,user-map по vtiger_users.id,fk,перенос,реализовано (этап 03),проверено SQL 2026-09-29,,ok: Note.createdBy link
ModComments,vtiger_crmentity,smcreatorid,created_user_id,Created By,53,int,нет,6880,78,78,Note (post),createdBy,user-map по vtiger_users.id,fk,перенос,реализовано (этап 03),проверено SQL 2026-09-29,,ok: Note.createdBy link
ModComments,vtiger_modcomments,is_private,is_private,Is Private,7,int,нет,78,78,0,Note (post),vtigerData.is_private,int,count,пусто — данных нет,предложено,проверено SQL 2026-09-29,,—
ModComments,vtiger_modcomments,filename,filename,Attachment,61,varchar(255),нет,77,78,77,Note (post),attachments,ModComments Attachment (2 файла),file-hash,перенос,реализовано (этап 03),проверено SQL 2026-09-29,4,ok: Note.attachments attachmentMultiple
ModComments,vtiger_modcomments,related_email_id,related_email_id,Related Email Id,1,int,нет,78,78,0,—,—,исключено: служебное,count,исключено: исключено: служебное,предложено,проверено SQL 2026-09-29,,—
ModComments,vtiger_modcommentscf,cf_comment_picklist,cf_comment_picklist,Picklist 1,16,varchar(100),да,0,78,0,Note (post),vtigerData.cf_comment_picklist,пусто,count,пусто — данных нет,предложено,проверено SQL 2026-09-29,0,—
ModComments,vtiger_modcommentscf,cf_comment_picklist_two,cf_comment_picklist_two,Picklist 2,16,varchar(100),да,0,78,0,Note (post),vtigerData.cf_comment_picklist_two,пусто,count,пусто — данных нет,предложено,проверено SQL 2026-09-29,,—
ModComments,vtiger_modcommentscf,cf_comment_text_field,cf_comment_text_field,Text Field,1,varchar(255),да,0,78,0,—,—,нет данных,count,пусто — данных нет,предложено,проверено SQL 2026-09-29,,—
ModComments,vtiger_crmentity,smownerid,assigned_user_id,Assigned To,53,int,нет,6880,78,78,Note (post),vtigerData.assigned_user_id,"у Note нет ответственного: автор — createdBy (userid), владелец комментария сохраняется в vtigerData",fk,архив (только чтение),реализовано (этап 03),проверено SQL 2026-09-29,,ok: Note.vtigerData jsonObject
ModComments,vtiger_modcomments,related_to,related_to,Related To,10,int,нет,78,78,78,Note (post),parent,fk на запись-родителя,fk,перенос,реализовано (этап 03),проверено SQL 2026-09-29,,ok: Note.parent linkParent
ModComments,vtiger_crmentity,smcreatorid,creator,Creator,52,int,нет,6880,78,78,Note (post),createdBy,user-map,fk,перенос,реализовано (этап 03),проверено SQL 2026-09-29,,ok: Note.createdBy link
ModComments,vtiger_crmentity,createdtime,createdtime,Created Time,70,datetime,нет,6880,78,78,Note (post),createdAt,"datetime → UTC по эпохам D-30 (Europe/Moscow до 2022-11, Europe/Berlin до 2026-06-12, далее UTC)",count+hash,перенос,реализовано (этап 03),проверено SQL 2026-09-29,,ok: Note.createdAt datetime
ModComments,vtiger_crmentity,modifiedtime,modifiedtime,Modified Time,70,datetime,нет,6880,78,78,Note (post),modifiedAt,"datetime → UTC по эпохам D-30 (Europe/Moscow до 2022-11, Europe/Berlin до 2026-06-12, далее UTC)",count+hash,перенос,реализовано (этап 03),проверено SQL 2026-09-29,,ok: Note.modifiedAt datetime
ModComments,vtiger_modcomments,parent_comments,parent_comments,Related To Comments,10,int,нет,78,78,0,Note (post),vtigerData.parent_comments,fk (пусто),fk,пусто — данных нет,предложено,проверено SQL 2026-09-29,,—
Act,vtiger_sp_act,act_no,act_no,Act No,4,varchar(100),нет,404,404,403,Act (собственная),number,string: цифры; 2 дубля номера и 1 пустой (см. open-questions),count+hash,перенос,контракт (этап 04.1),проверено SQL 2026-09-29,3,этап 04.5
Act,vtiger_sp_act,subject,subject,Subject,1,varchar(255),нет,405,404,404,Act (собственная),name,string,count+hash,перенос,контракт (этап 04.1),проверено SQL 2026-09-29,41,этап 04.5
Act,vtiger_sp_act,salesorderid,salesorder_id,Sales Order,80,int,нет,0,404,0,Act (собственная),salesOrder,fk SalesOrder→SalesOrder,fk,пусто — данных нет,контракт (этап 04.1),проверено SQL 2026-09-29,,—
Act,vtiger_sp_act,actdate,actdate,Act Date,5,date,нет,403,404,403,Act (собственная),dateAct,date,count+hash,перенос,контракт (этап 04.1),проверено SQL 2026-09-29,,этап 04.5
Act,vtiger_crmentity,smownerid,assigned_user_id,Assigned To,53,int,нет,6880,404,404,Act (собственная),assignedUser / teams,owner-map: user→User; group→Team (assignedUser пуст),fk,перенос,контракт (этап 04.1),проверено SQL 2026-09-29,,этап 04.5
Act,vtiger_sp_act,accountid,account_id,Account Name,10,int,нет,405,404,404,Act (собственная),account,fk Accounts→Account,fk,перенос,контракт (этап 04.1),проверено SQL 2026-09-29,,этап 04.5
Act,vtiger_crmentity,createdtime,createdtime,Created Time,70,datetime,нет,6880,404,404,Act (собственная),createdAt,"datetime → UTC по эпохам D-30 (Europe/Moscow до 2022-11, Europe/Berlin до 2026-06-12, далее UTC)",count+hash,перенос,контракт (этап 04.1),проверено SQL 2026-09-29,,этап 04.5
Act,vtiger_sp_act,contactid,contact_id,Contact Name,57,int,нет,405,404,6,Act (собственная),contact,fk Contacts→Contact,fk,перенос,контракт (этап 04.1),проверено SQL 2026-09-29,,этап 04.5
Act,vtiger_crmentity,modifiedtime,modifiedtime,Modified Time,70,datetime,нет,6880,404,404,Act (собственная),modifiedAt,"datetime → UTC по эпохам D-30 (Europe/Moscow до 2022-11, Europe/Berlin до 2026-06-12, далее UTC)",count+hash,перенос,контракт (этап 04.1),проверено SQL 2026-09-29,,этап 04.5
Act,vtiger_sp_act,sp_actstatus,sp_actstatus,Status,15,varchar(200),нет,390,404,390,Act (собственная),status,enum Created/Sent/Received/Done + пусто,count+distribution,перенос,контракт (этап 04.1),проверено SQL 2026-09-29,8,этап 04.5
Act,vtiger_sp_act,adjustment,txtAdjustment,Adjustment,72,"decimal(25,8)",нет,405,404,0,Act (собственная),adjustment,"decimal(25,8) как есть",count+sum,пусто — данных нет,контракт (этап 04.1),проверено SQL 2026-09-29,,—
Act,vtiger_sp_act,subtotal,hdnSubTotal,Sub Total,72,"decimal(25,8)",нет,405,404,404,Act (собственная),subtotal,"decimal: исходное значение — эталон, не пересчитывать",count+sum,перенос,контракт (этап 04.1),проверено SQL 2026-09-29,,этап 04.5
Act,vtiger_sp_act,total,hdnGrandTotal,Total,72,"decimal(25,8)",нет,405,404,404,Act (собственная),grandTotal,"decimal: исходное значение — эталон, не пересчитывать",count+sum,перенос,контракт (этап 04.1),проверено SQL 2026-09-29,,этап 04.5
Act,vtiger_sp_act,taxtype,hdnTaxType,Tax Type,16,varchar(25),нет,405,404,404,Act (собственная),taxMode,enum individual|group|group_tax_inc,count+distribution,перенос,контракт (этап 04.1),проверено SQL 2026-09-29,13,этап 04.5
Act,vtiger_sp_act,s_h_amount,hdnS_H_Amount,S&H Amount,72,"decimal(25,8)",нет,405,404,0,Act (собственная),shippingAmount,decimal (во всех записях 0),count+sum,пусто — данных нет,контракт (этап 04.1),проверено SQL 2026-09-29,,—
Act,vtiger_sp_act,currency_id,currency_id,Currency,117,int,нет,405,404,404,Act (собственная),currency,1→RUB (единственная валюта),count,перенос,контракт (этап 04.1),проверено SQL 2026-09-29,,этап 04.5
Act,vtiger_sp_act,conversion_rate,conversion_rate,Conversion Rate,1,"decimal(10,3)",нет,405,404,404,—,—,исключено: всегда 1.000 (одна валюта),count,исключено: исключено: всегда 1.000 (одна валюта),контракт (этап 04.1),проверено SQL 2026-09-29,,—
Act,vtiger_crmentity,modifiedby,modifiedby,Last Modified By,52,int,нет,6880,404,404,Act (собственная),modifiedBy,user-map по vtiger_users.id,fk,перенос,контракт (этап 04.1),проверено SQL 2026-09-29,,этап 04.5
Act,vtiger_crmentity,source,source,Source,1,varchar(100),нет,6308,404,404,—,—,исключено: технический канал создания записи Vtiger (CRM/WEBSERVICE),count,исключено: исключено: технический канал создания записи Vtiger (CRM/WEBSERVICE),контракт (этап 04.1),проверено SQL 2026-09-29,3,—
Act,vtiger_sp_act,tags,tags,tags,1,varchar(1),нет,0,404,0,—,—,пусто в источнике (теги — vtiger_freetagged_objects),count,исключено: пусто в источнике (теги — vtiger_freetagged_objects),контракт (этап 04.1),проверено SQL 2026-09-29,0,—
Act,vtiger_crmentity,smcreatorid,created_user_id,Created By,52,int,нет,6880,404,404,Act (собственная),createdBy,user-map по vtiger_users.id,fk,перенос,контракт (этап 04.1),проверено SQL 2026-09-29,,этап 04.5
Act,vtiger_crmentity_user_field,starred,starred,starred,56,varchar(100),нет,5155,404,0,—,—,исключено: персональная «звёздочка» пользователя (истинных значений — единицы),count,исключено: исключено: персональная «звёздочка» пользователя (истинных значений — единицы),контракт (этап 04.1),проверено SQL 2026-09-29,1,—
Act,vtiger_sp_act,pre_tax_total,pre_tax_total,Pre Tax Total,72,"decimal(25,8)",нет,405,404,404,Act (собственная),preTaxTotal,decimal: исходное значение — эталон,count+sum,перенос,контракт (этап 04.1),проверено SQL 2026-09-29,,этап 04.5
Act,vtiger_sp_act,spcompany,spcompany,Self Company,16,varchar(200),нет,405,404,404,Act (собственная),legalEntity,"'Default', 'По умолчанию' (русская подпись ключа 'Default') и пусто → одна запись LegalEntity (D-04, LegalEntityResolver); другое значение — остановка импорта, не второе юрлицо",count,перенос,контракт (этап 04.1),проверено SQL 2026-09-29,12,этап 04.5
Act,vtiger_crmentity,smcreatorid,created_user_id,Created By,53,int,нет,6880,404,404,Act (собственная),createdBy,user-map по vtiger_users.id,fk,перенос,контракт (этап 04.1),проверено SQL 2026-09-29,,этап 04.5
Act,vtiger_sp_actbillads,bill_street,bill_street,Billing Address,24,varchar(250),нет,404,404,404,Act (собственная),billingAddressStreet,address,count+hash,перенос,контракт (этап 04.1),проверено SQL 2026-09-29,88,этап 04.5
Act,vtiger_sp_actshipads,ship_street,ship_street,Shipping Address,24,varchar(250),нет,404,404,404,Act (собственная),shippingAddressStreet,address,count+hash,перенос,контракт (этап 04.1),проверено SQL 2026-09-29,88,этап 04.5
Act,vtiger_sp_actbillads,bill_pobox,bill_pobox,Billing Po Box,1,varchar(30),нет,0,404,0,Act (собственная),vtigerData.bill_pobox,address,count+hash,пусто — данных нет,контракт (этап 04.1),проверено SQL 2026-09-29,0,—
Act,vtiger_sp_actshipads,ship_pobox,ship_pobox,Shipping Po Box,1,varchar(30),нет,40,404,40,Act (собственная),vtigerData.ship_pobox,address,count+hash,архив (только чтение),контракт (этап 04.1),проверено SQL 2026-09-29,1,этап 04.5
Act,vtiger_sp_actbillads,bill_city,bill_city,Billing City,1,varchar(30),нет,404,404,404,Act (собственная),billingAddressCity,address,count+hash,перенос,контракт (этап 04.1),проверено SQL 2026-09-29,13,этап 04.5
Act,vtiger_sp_actshipads,ship_city,ship_city,Shipping City,1,varchar(30),нет,404,404,404,Act (собственная),shippingAddressCity,address,count+hash,перенос,контракт (этап 04.1),проверено SQL 2026-09-29,13,этап 04.5
Act,vtiger_sp_actbillads,bill_state,bill_state,Billing State,1,varchar(30),нет,202,404,202,Act (собственная),billingAddressState,address,count+hash,перенос,контракт (этап 04.1),проверено SQL 2026-09-29,18,этап 04.5
Act,vtiger_sp_actshipads,ship_state,ship_state,Shipping State,1,varchar(30),нет,206,404,206,Act (собственная),shippingAddressState,address,count+hash,перенос,контракт (этап 04.1),проверено SQL 2026-09-29,18,этап 04.5
Act,vtiger_sp_actbillads,bill_code,bill_code,Billing Code,1,varchar(30),нет,401,404,401,Act (собственная),billingAddressPostalCode,address,count+hash,перенос,контракт (этап 04.1),проверено SQL 2026-09-29,6,этап 04.5
Act,vtiger_sp_actshipads,ship_code,ship_code,Shipping Code,1,varchar(30),нет,401,404,401,Act (собственная),shippingAddressPostalCode,address,count+hash,перенос,контракт (этап 04.1),проверено SQL 2026-09-29,6,этап 04.5
Act,vtiger_sp_actbillads,bill_country,bill_country,Billing Country,1,varchar(30),нет,403,404,403,Act (собственная),billingAddressCountry,address,count+hash,перенос,контракт (этап 04.1),проверено SQL 2026-09-29,6,этап 04.5
Act,vtiger_sp_actshipads,ship_country,ship_country,Shipping Country,1,varchar(30),нет,403,404,403,Act (собственная),shippingAddressCountry,address,count+hash,перенос,контракт (этап 04.1),проверено SQL 2026-09-29,6,этап 04.5
Act,vtiger_crmentity,description,description,Description,19,mediumtext,нет,1365,404,1,Act (собственная),description,text as-is,count+hash,перенос,контракт (этап 04.1),проверено SQL 2026-09-29,77,этап 04.5
Act,vtiger_inventoryproductrel,productid,productid,Item Name,10,int,нет,1176,417,417,Act (собственная),ActItem.product,fk Services/Products→Product,fk,перенос,контракт (этап 04.1),проверено SQL 2026-09-29,,этап 04.5
Act,vtiger_inventoryproductrel,quantity,quantity,Quantity,7,"decimal(25,3)",нет,1176,417,417,Act (собственная),ActItem.quantity,"decimal(25,3)",count+sum,перенос,контракт (этап 04.1),проверено SQL 2026-09-29,,этап 04.5
Act,vtiger_inventoryproductrel,listprice,listprice,List Price,71,"decimal(27,8)",нет,1176,417,417,Act (собственная),ActItem.unitPrice,"decimal(27,8)",count+sum,перенос,контракт (этап 04.1),проверено SQL 2026-09-29,,этап 04.5
Act,vtiger_inventoryproductrel,comment,comment,Item Comment,19,text,нет,1130,417,406,Act (собственная),ActItem.description,text,count+hash,перенос,контракт (этап 04.1),проверено SQL 2026-09-29,130,этап 04.5
Act,vtiger_inventoryproductrel,discount_amount,discount_amount,Item Discount Amount,71,"decimal(27,8)",нет,253,417,1,Act (собственная),ActItem.discountAmount,decimal,count+sum,перенос,контракт (этап 04.1),проверено SQL 2026-09-29,,этап 04.5
Act,vtiger_inventoryproductrel,discount_percent,discount_percent,Item Discount Percent,7,"decimal(7,3)",нет,250,417,0,Act (собственная),ActItem.discountPercent,decimal,count+sum,пусто — данных нет,контракт (этап 04.1),проверено SQL 2026-09-29,,—
Act,vtiger_inventoryproductrel,tax1,tax1,НДС,83,"decimal(7,3)",нет,252,417,0,Act (собственная),ActItem.taxRate,decimal % (НДС tax1); в итоги входит только у 2 group-счетов (класс формулы — sourceFormula),count+sum,пусто — данных нет,контракт (этап 04.1),проверено SQL 2026-09-29,,—
Act,vtiger_inventoryproductrel,tax2,tax2,Tax2,83,"decimal(7,3)",нет,252,417,0,Act (собственная),ActItem.vtigerData.tax2,decimal %,count+sum,пусто — данных нет,контракт (этап 04.1),проверено SQL 2026-09-29,,—
Act,vtiger_inventoryproductrel,tax3,tax3,Tax3,83,"decimal(7,3)",нет,252,417,0,Act (собственная),ActItem.vtigerData.tax3,decimal %,count+sum,пусто — данных нет,контракт (этап 04.1),проверено SQL 2026-09-29,,—
Act,vtiger_sp_act,s_h_percent,hdnS_H_Percent,S&H Percent,1,int,нет,405,404,0,Act (собственная),shippingTaxPercent,decimal (во всех записях 0),count+sum,пусто — данных нет,контракт (этап 04.1),проверено SQL 2026-09-29,,—
Act,vtiger_sp_act,discount_percent,hdnDiscountPercent,Discount Percent,72,"decimal(25,8)",нет,0,404,0,Act (собственная),discountPercent,decimal,count+sum,пусто — данных нет,контракт (этап 04.1),проверено SQL 2026-09-29,,—
Act,vtiger_sp_act,discount_amount,hdnDiscountAmount,Discount Amount,72,"decimal(25,8)",нет,0,404,0,Act (собственная),discountAmount,decimal,count+sum,пусто — данных нет,контракт (этап 04.1),проверено SQL 2026-09-29,,—
Act,vtiger_inventoryproductrel,image,image,Image,56,varchar(2),нет,0,417,0,—,—,исключено: пустое служебное поле,count,исключено: исключено: пустое служебное поле,контракт (этап 04.1),проверено SQL 2026-09-29,,—
Act,vtiger_inventoryproductrel,purchase_cost,purchase_cost,Purchase Cost,71,"decimal(27,8)",нет,1176,417,0,Act (собственная),ActItem.purchaseCost,decimal,count+sum,пусто — данных нет,контракт (этап 04.1),проверено SQL 2026-09-29,,—
Act,vtiger_inventoryproductrel,margin,margin,Margin,71,"decimal(27,8)",нет,1176,417,417,Act (собственная),ActItem.margin,decimal: исходное значение; ядро проверяет margin = net − purchase_cost или 0 (не вычислялась),count+sum,перенос,контракт (этап 04.1),проверено SQL 2026-09-29,,этап 04.5
Act,vtiger_sp_act,region_id,region_id,Tax Region,16,int,нет,405,404,0,Act (собственная),sourceFormula + vtigerData.region_id,"значимы и NULL, и 0: NULL — документ до 2018-07 (налог строк не входит в итоги), 0 — после; класс формулы ядра (FormulaClass, этап 04.1) → sourceFormula, исходное значение → vtigerData",count,перенос (значимы NULL и 0),контракт (этап 04.1),проверено SQL 2026-09-29,,этап 04.5
Jivosite,vtiger_jivosite,chatid,chatid,Номер чата,1,int,нет,52,49,49,VtigerArchive,VtigerArchive.data.chatid,JSON как есть; ссылки как vtigerId,count+hash,архив (только чтение),реализовано (этап 03),проверено SQL 2026-09-29,,ok: VtigerArchive.data jsonObject
Jivosite,vtiger_jivosite,rating,rating,Рейтинг,1,varchar(255),нет,0,49,0,VtigerArchive,VtigerArchive.data.rating,JSON как есть; ссылки как vtigerId,count+hash,пусто — данных нет,предложено,проверено SQL 2026-09-29,0,—
Jivosite,vtiger_jivosite,ipaddr,ipaddr,IP Address,1,varchar(255),нет,42,49,39,VtigerArchive,VtigerArchive.data.ipaddr,JSON как есть; ссылки как vtigerId,count+hash,архив (только чтение),реализовано (этап 03),проверено SQL 2026-09-29,15,ok: VtigerArchive.data jsonObject
Jivosite,vtiger_jivosite,messages,messages,Количество сообщений,3,varchar(100),нет,52,49,49,VtigerArchive,VtigerArchive.data.messages,JSON как есть; ссылки как vtigerId,count+hash,архив (только чтение),реализовано (этап 03),проверено SQL 2026-09-29,1,ok: VtigerArchive.data jsonObject
Jivosite,vtiger_jivosite,widgetid,widgetid,Индекс виджета,8,varchar(100),нет,52,49,49,VtigerArchive,VtigerArchive.data.widgetid,JSON как есть; ссылки как vtigerId,count+hash,архив (только чтение),реализовано (этап 03),проверено SQL 2026-09-29,14,ok: VtigerArchive.data jsonObject
Jivosite,vtiger_crmentity,smownerid,assigned_user_id,Assigned To,53,int,нет,6880,49,49,VtigerArchive,VtigerArchive.data.assigned_user_id,JSON как есть; ссылки как vtigerId,count+hash,архив (только чтение),реализовано (этап 03),проверено SQL 2026-09-29,,ok: VtigerArchive.data jsonObject
Jivosite,vtiger_crmentity,createdtime,createdtime,Created Time,70,datetime,нет,6880,49,49,VtigerArchive,VtigerArchive.data.createdtime,JSON как есть; ссылки как vtigerId,count+hash,архив (только чтение),реализовано (этап 03),проверено SQL 2026-09-29,,ok: VtigerArchive.data jsonObject
Jivosite,vtiger_crmentity,modifiedtime,ModifiedTime,Modified Time,70,datetime,нет,6880,49,49,VtigerArchive,VtigerArchive.data.ModifiedTime,JSON как есть; ссылки как vtigerId,count+hash,архив (только чтение),реализовано (этап 03),проверено SQL 2026-09-29,,ok: VtigerArchive.data jsonObject
Jivosite,vtiger_jivosite,relatedcontact,relatedcontact,Related Contact,10,varchar(100),нет,0,49,0,VtigerArchive,VtigerArchive.data.relatedcontact,JSON как есть; ссылки как vtigerId,count+hash,пусто — данных нет,предложено,проверено SQL 2026-09-29,0,—
Jivosite,vtiger_jivosite,relatedleads,relatedleads,Related Leads,10,varchar(100),нет,52,49,49,VtigerArchive,VtigerArchive.data.relatedleads,JSON как есть; ссылки как vtigerId,count+hash,архив (только чтение),реализовано (этап 03),проверено SQL 2026-09-29,4,ok: VtigerArchive.data jsonObject
Jivosite,vtiger_crmentity,source,source,Source,1,varchar(100),нет,6308,49,49,VtigerArchive,VtigerArchive.data.source,JSON как есть; ссылки как vtigerId,count+hash,архив (только чтение),реализовано (этап 03),проверено SQL 2026-09-29,10,ok: VtigerArchive.data jsonObject
Jivosite,vtiger_crmentity_user_field,starred,starred,starred,56,varchar(100),нет,5155,49,0,VtigerArchive,VtigerArchive.data.starred,JSON как есть; ссылки как vtigerId,count+hash,пусто — данных нет,предложено,проверено SQL 2026-09-29,1,—
Jivosite,vtiger_jivosite,tags,tags,tags,1,varchar(1),нет,0,49,0,VtigerArchive,VtigerArchive.data.tags,JSON как есть; ссылки как vtigerId,count+hash,пусто — данных нет,предложено,проверено SQL 2026-09-29,0,—
JVmes,vtiger_jvmes,message,message,Сообщение,21,varchar(500),нет,272,267,267,VtigerArchive (дочерние сообщения Jivosite),VtigerArchive.data.message,JSON как есть; ссылки как vtigerId,count+hash,архив (только чтение),реализовано (этап 03),проверено SQL 2026-09-29,500,ok: VtigerArchive.data jsonObject
JVmes,vtiger_jvmes,datemes,datemes,Дата сообщения,5,date,нет,272,267,267,VtigerArchive (дочерние сообщения Jivosite),VtigerArchive.data.datemes,JSON как есть; ссылки как vtigerId,count+hash,архив (только чтение),реализовано (этап 03),проверено SQL 2026-09-29,,ok: VtigerArchive.data jsonObject
JVmes,vtiger_jvmes,type,type,Тип,15,varchar(255),нет,272,267,267,VtigerArchive (дочерние сообщения Jivosite),VtigerArchive.data.type,JSON как есть; ссылки как vtigerId,count+hash,архив (только чтение),реализовано (этап 03),проверено SQL 2026-09-29,7,ok: VtigerArchive.data jsonObject
JVmes,vtiger_jvmes,agentid,agentid,Индекс агента,7,varchar(100),нет,272,267,267,VtigerArchive (дочерние сообщения Jivosite),VtigerArchive.data.agentid,JSON как есть; ссылки как vtigerId,count+hash,архив (только чтение),реализовано (этап 03),проверено SQL 2026-09-29,6,ok: VtigerArchive.data jsonObject
JVmes,vtiger_crmentity,smownerid,assigned_user_id,Assigned To,53,int,нет,6880,267,267,VtigerArchive (дочерние сообщения Jivosite),VtigerArchive.data.assigned_user_id,JSON как есть; ссылки как vtigerId,count+hash,архив (только чтение),реализовано (этап 03),проверено SQL 2026-09-29,,ok: VtigerArchive.data jsonObject
JVmes,vtiger_crmentity,createdtime,createdtime,Created Time,70,datetime,нет,6880,267,267,VtigerArchive (дочерние сообщения Jivosite),VtigerArchive.data.createdtime,JSON как есть; ссылки как vtigerId,count+hash,архив (только чтение),реализовано (этап 03),проверено SQL 2026-09-29,,ok: VtigerArchive.data jsonObject
JVmes,vtiger_crmentity,modifiedtime,ModifiedTime,Modified Time,70,datetime,нет,6880,267,267,VtigerArchive (дочерние сообщения Jivosite),VtigerArchive.data.ModifiedTime,JSON как есть; ссылки как vtigerId,count+hash,архив (только чтение),реализовано (этап 03),проверено SQL 2026-09-29,,ok: VtigerArchive.data jsonObject
JVmes,vtiger_jvmes,relatedjivo,relatedjivo,Related Jivosite,10,varchar(100),нет,272,267,267,VtigerArchive (дочерние сообщения Jivosite),VtigerArchive.data.relatedjivo,JSON как есть; ссылки как vtigerId,count+hash,архив (только чтение),реализовано (этап 03),проверено SQL 2026-09-29,4,ok: VtigerArchive.data jsonObject
JVmes,vtiger_crmentity,source,source,Source,1,varchar(100),нет,6308,267,267,VtigerArchive (дочерние сообщения Jivosite),VtigerArchive.data.source,JSON как есть; ссылки как vtigerId,count+hash,архив (только чтение),реализовано (этап 03),проверено SQL 2026-09-29,10,ok: VtigerArchive.data jsonObject
JVmes,vtiger_crmentity_user_field,starred,starred,starred,56,varchar(100),нет,5155,267,0,VtigerArchive (дочерние сообщения Jivosite),VtigerArchive.data.starred,JSON как есть; ссылки как vtigerId,count+hash,пусто — данных нет,предложено,проверено SQL 2026-09-29,1,—
JVmes,vtiger_jvmes,tags,tags,tags,1,varchar(1),нет,0,267,0,VtigerArchive (дочерние сообщения Jivosite),VtigerArchive.data.tags,JSON как есть; ссылки как vtigerId,count+hash,пусто — данных нет,предложено,проверено SQL 2026-09-29,0,—
SignedRecord,vtiger_signedrecord,signedrecordno,signedrecordno,Signed Record Number,4,varchar(255),нет,0,0,0,—,—,нет данных,count,пусто — данных нет,предложено,проверено SQL 2026-09-29,,—
SignedRecord,vtiger_signedrecord,related_to,related_to,Related To,10,int,нет,0,0,0,—,—,нет данных,count,пусто — данных нет,предложено,проверено SQL 2026-09-29,,—
SignedRecord,vtiger_signedrecord,signedrecord_type,signedrecord_type,Type,16,varchar(50),нет,0,0,0,—,—,нет данных,count,пусто — данных нет,предложено,проверено SQL 2026-09-29,,—
SignedRecord,vtiger_signedrecord,signature,signature,Signature,19,text,нет,0,0,0,—,—,нет данных,count,пусто — данных нет,предложено,проверено SQL 2026-09-29,,—
SignedRecord,vtiger_signedrecord,signature_name,signature_name,Signature Name,1,varchar(255),нет,0,0,0,—,—,нет данных,count,пусто — данных нет,предложено,проверено SQL 2026-09-29,,—
SignedRecord,vtiger_signedrecord,signature_date,signature_date,Signature Date,5,date,нет,0,0,0,—,—,нет данных,count,пусто — данных нет,предложено,проверено SQL 2026-09-29,,—
SignedRecord,vtiger_signedrecord,filename,filename,File Name,28,text,нет,0,0,0,—,—,нет данных,count,пусто — данных нет,предложено,проверено SQL 2026-09-29,,—
SignedRecord,vtiger_signedrecord,signedrecord_status,signedrecord_status,Status,16,varchar(50),нет,0,0,0,—,—,нет данных,count,пусто — данных нет,предложено,проверено SQL 2026-09-29,,—
SignedRecord,vtiger_crmentity,createdtime,createdtime,Created Time,70,datetime,нет,6880,0,0,?,createdAt,"datetime → UTC по эпохам D-30 (Europe/Moscow до 2022-11, Europe/Berlin до 2026-06-12, далее UTC)",count+hash,пусто — данных нет,предложено,проверено SQL 2026-09-29,,—
SignedRecord,vtiger_crmentity,modifiedtime,modifiedtime,Modified Time,70,datetime,нет,6880,0,0,?,modifiedAt,"datetime → UTC по эпохам D-30 (Europe/Moscow до 2022-11, Europe/Berlin до 2026-06-12, далее UTC)",count+hash,пусто — данных нет,предложено,проверено SQL 2026-09-29,,—
SignedRecord,vtiger_crmentity,smownerid,assigned_user_id,Assigned To,53,int,нет,6880,0,0,?,assignedUser / teams,owner-map: user→User; group→Team (assignedUser пуст),fk,пусто — данных нет,предложено,проверено SQL 2026-09-29,,—
SignedRecord,vtiger_crmentity,source,source,Source,1,varchar(100),нет,6308,0,0,—,—,исключено: технический канал создания записи Vtiger (CRM/WEBSERVICE),count,исключено: исключено: технический канал создания записи Vtiger (CRM/WEBSERVICE),предложено,проверено SQL 2026-09-29,,—
SignedRecord,vtiger_crmentity_user_field,starred,starred,starred,56,varchar(100),нет,5155,0,0,—,—,исключено: персональная «звёздочка» пользователя (истинных значений — единицы),count,исключено: исключено: персональная «звёздочка» пользователя (истинных значений — единицы),предложено,проверено SQL 2026-09-29,,—
SignedRecord,vtiger_signedrecord,tags,tags,tags,1,varchar(1),нет,0,0,0,—,—,пусто в источнике (теги — vtiger_freetagged_objects),count,исключено: пусто в источнике (теги — vtiger_freetagged_objects),предложено,проверено SQL 2026-09-29,,—
SignedRecord,vtiger_signedrecordcf,cf_signature_time,cf_signature_time,Signature time,14,varchar(100),да,0,0,0,—,—,нет данных,count,пусто — данных нет,предложено,проверено SQL 2026-09-29,,—
SignedRecord,vtiger_signedrecord,signedrecord_browser,signedrecord_browser,Browser,1,varchar(250),нет,0,0,0,—,—,нет данных,count,пусто — данных нет,предложено,проверено SQL 2026-09-29,,—
SignedRecord,vtiger_signedrecord,signedrecord_ip,signedrecord_ip,IP,1,varchar(100),нет,0,0,0,—,—,нет данных,count,пусто — данных нет,предложено,проверено SQL 2026-09-29,,—
SignedRecord,vtiger_signedrecord,signedrecord_cookie,signedrecord_cookie,Cookie,1,text,нет,0,0,0,—,—,нет данных,count,пусто — данных нет,предложено,проверено SQL 2026-09-29,,—
Notifications,vtiger_notifications,notificationno,notificationno,Notification Number,4,varchar(255),нет,0,1,0,—,—,служебное уведомление (1 запись 2018 г.),count,исключено: служебное уведомление (1 запись 2018 г.),решено,проверено SQL 2026-09-29,0,—
Notifications,vtiger_notifications,related_to,related_to,Related To,10,int,нет,1,1,1,—,—,служебное уведомление (1 запись 2018 г.),count,исключено: служебное уведомление (1 запись 2018 г.),решено,проверено SQL 2026-09-29,,—
Notifications,vtiger_crmentity,description,description,Description,19,mediumtext,нет,1365,1,1,—,—,служебное уведомление (1 запись 2018 г.),count,исключено: служебное уведомление (1 запись 2018 г.),решено,проверено SQL 2026-09-29,9,—
Notifications,vtiger_notifications,notification_status,notification_status,Status,16,varchar(200),нет,1,1,1,—,—,служебное уведомление (1 запись 2018 г.),count,исключено: служебное уведомление (1 запись 2018 г.),решено,проверено SQL 2026-09-29,2,—
Notifications,vtiger_crmentity,smownerid,assigned_user_id,Assigned To,53,int,нет,6880,1,1,—,—,служебное уведомление (1 запись 2018 г.),count,исключено: служебное уведомление (1 запись 2018 г.),решено,проверено SQL 2026-09-29,,—
Notifications,vtiger_crmentity,createdtime,createdtime,Created Time,70,datetime,нет,6880,1,1,—,—,служебное уведомление (1 запись 2018 г.),count,исключено: служебное уведомление (1 запись 2018 г.),решено,проверено SQL 2026-09-29,,—
Notifications,vtiger_crmentity,modifiedtime,modifiedtime,Modified Time,70,datetime,нет,6880,1,1,—,—,служебное уведомление (1 запись 2018 г.),count,исключено: служебное уведомление (1 запись 2018 г.),решено,проверено SQL 2026-09-29,,—
Notifications,vtiger_crmentity,source,source,Source,1,varchar(100),нет,6308,1,1,—,—,служебное уведомление (1 запись 2018 г.),count,исключено: служебное уведомление (1 запись 2018 г.),решено,проверено SQL 2026-09-29,3,—
Notifications,vtiger_crmentity_user_field,starred,starred,starred,56,varchar(100),нет,5155,1,0,—,—,служебное уведомление (1 запись 2018 г.),count,исключено: служебное уведомление (1 запись 2018 г.),решено,проверено SQL 2026-09-29,1,—
Notifications,vtiger_notifications,tags,tags,tags,1,varchar(1),нет,0,1,0,—,—,служебное уведомление (1 запись 2018 г.),count,исключено: служебное уведомление (1 запись 2018 г.),решено,проверено SQL 2026-09-29,0,—
RoomsMessages,vtiger_roomsmessages,message,message,Message,19,longtext,нет,0,0,0,—,—,нет данных,count,пусто — данных нет,предложено,проверено SQL 2026-09-29,,—
RoomsMessages,vtiger_roomsmessages,room_id,room_id,Room,10,int,нет,0,0,0,—,—,нет данных,count,пусто — данных нет,предложено,проверено SQL 2026-09-29,,—
RoomsMessages,vtiger_crmentity,smownerid,assigned_user_id,Assigned To,53,int,нет,6880,0,0,?,assignedUser / teams,owner-map: user→User; group→Team (assignedUser пуст),fk,пусто — данных нет,предложено,проверено SQL 2026-09-29,,—
RoomsMessages,vtiger_crmentity,createdtime,CreatedTime,Created Time,70,datetime,нет,6880,0,0,—,—,нет данных,count,пусто — данных нет,предложено,проверено SQL 2026-09-29,,—
RoomsMessages,vtiger_crmentity,modifiedtime,ModifiedTime,Modified Time,70,datetime,нет,6880,0,0,?,modifiedAt,"datetime → UTC по эпохам D-30 (Europe/Moscow до 2022-11, Europe/Berlin до 2026-06-12, далее UTC)",count+hash,пусто — данных нет,предложено,проверено SQL 2026-09-29,,—
RoomsMessages,vtiger_crmentity,modifiedby,modifiedby,Last Modified By,52,int,нет,6880,0,0,?,modifiedBy,user-map по vtiger_users.id,fk,пусто — данных нет,предложено,проверено SQL 2026-09-29,,—
RoomsMessages,vtiger_roomsmessages,msg_type,msg_type,Type,15,varchar(255),нет,0,0,0,—,—,нет данных,count,пусто — данных нет,предложено,проверено SQL 2026-09-29,,—
RoomsMessages,vtiger_roomsmessages,path,path,Path,2,varchar(255),нет,0,0,0,—,—,нет данных,count,пусто — данных нет,предложено,проверено SQL 2026-09-29,,—
RoomsMessages,vtiger_roomsmessages,file_type,file_type,File Type,2,varchar(255),нет,0,0,0,—,—,нет данных,count,пусто — данных нет,предложено,проверено SQL 2026-09-29,,—
RoomsMessages,vtiger_roomsmessages,filename,filename,File Name,2,varchar(255),нет,0,0,0,—,—,нет данных,count,пусто — данных нет,предложено,проверено SQL 2026-09-29,,—
RoomsMessages,vtiger_crmentity,description,description,Description,19,mediumtext,нет,1365,0,0,?,description,text as-is,count+hash,пусто — данных нет,предложено,проверено SQL 2026-09-29,,—
RoomsUsers,vtiger_roomsusers,title,title,Title,2,varchar(255),нет,0,0,0,—,—,нет данных,count,пусто — данных нет,предложено,проверено SQL 2026-09-29,,—
RoomsUsers,vtiger_roomsusers,room_id,room_id,Room,10,int,нет,0,0,0,—,—,нет данных,count,пусто — данных нет,предложено,проверено SQL 2026-09-29,,—
RoomsUsers,vtiger_roomsusers,room_status,room_status,Status,15,varchar(255),нет,0,0,0,—,—,нет данных,count,пусто — данных нет,предложено,проверено SQL 2026-09-29,,—
RoomsUsers,vtiger_roomsusers,archived,archived,Archived,56,tinyint,нет,0,0,0,—,—,нет данных,count,пусто — данных нет,предложено,проверено SQL 2026-09-29,,—
RoomsUsers,vtiger_roomsusers,favorite,favorite,Favorite,56,tinyint,нет,0,0,0,—,—,нет данных,count,пусто — данных нет,предложено,проверено SQL 2026-09-29,,—
RoomsUsers,vtiger_crmentity,createdtime,CreatedTime,Created Time,70,datetime,нет,6880,0,0,—,—,нет данных,count,пусто — данных нет,предложено,проверено SQL 2026-09-29,,—
RoomsUsers,vtiger_crmentity,smownerid,assigned_user_id,Assigned To,53,int,нет,6880,0,0,?,assignedUser / teams,owner-map: user→User; group→Team (assignedUser пуст),fk,пусто — данных нет,предложено,проверено SQL 2026-09-29,,—
RoomsUsers,vtiger_crmentity,modifiedby,modifiedby,Last Modified By,52,int,нет,6880,0,0,?,modifiedBy,user-map по vtiger_users.id,fk,пусто — данных нет,предложено,проверено SQL 2026-09-29,,—
RoomsUsers,vtiger_crmentity,modifiedtime,ModifiedTime,Modified Time,70,datetime,нет,6880,0,0,?,modifiedAt,"datetime → UTC по эпохам D-30 (Europe/Moscow до 2022-11, Europe/Berlin до 2026-06-12, далее UTC)",count+hash,пусто — данных нет,предложено,проверено SQL 2026-09-29,,—
RoomsUsers,vtiger_crmentity,description,description,Description,19,mediumtext,нет,1365,0,0,?,description,text as-is,count+hash,пусто — данных нет,предложено,проверено SQL 2026-09-29,,—
Rooms,vtiger_rooms,name,name,Name,2,varchar(255),нет,0,0,0,—,—,нет данных,count,пусто — данных нет,предложено,проверено SQL 2026-09-29,,—
Rooms,vtiger_crmentity,smownerid,assigned_user_id,Assigned To,53,int,нет,6880,0,0,?,assignedUser / teams,owner-map: user→User; group→Team (assignedUser пуст),fk,пусто — данных нет,предложено,проверено SQL 2026-09-29,,—
Rooms,vtiger_crmentity,createdtime,CreatedTime,Created Time,70,datetime,нет,6880,0,0,—,—,нет данных,count,пусто — данных нет,предложено,проверено SQL 2026-09-29,,—
Rooms,vtiger_crmentity,modifiedtime,ModifiedTime,Modified Time,70,datetime,нет,6880,0,0,?,modifiedAt,"datetime → UTC по эпохам D-30 (Europe/Moscow до 2022-11, Europe/Berlin до 2026-06-12, далее UTC)",count+hash,пусто — данных нет,предложено,проверено SQL 2026-09-29,,—
Rooms,vtiger_crmentity,modifiedby,modifiedby,Last Modified By,52,int,нет,6880,0,0,?,modifiedBy,user-map по vtiger_users.id,fk,пусто — данных нет,предложено,проверено SQL 2026-09-29,,—
Rooms,vtiger_rooms,room_type,room_type,Type,15,varchar(100),нет,0,0,0,—,—,нет данных,count,пусто — данных нет,предложено,проверено SQL 2026-09-29,,—
Rooms,vtiger_rooms,parent_id,parent_id,Parent Id,2,int,нет,0,0,0,—,—,нет данных,count,пусто — данных нет,предложено,проверено SQL 2026-09-29,,—
Rooms,vtiger_rooms,parent_name,parent_name,Parent Module Name,2,varchar(255),нет,0,0,0,—,—,нет данных,count,пусто — данных нет,предложено,проверено SQL 2026-09-29,,—
Rooms,vtiger_crmentity,description,description,Description,19,mediumtext,нет,1365,0,0,?,description,text as-is,count+hash,пусто — данных нет,предложено,проверено SQL 2026-09-29,,—
VTEItems,vtiger_vteitems,related_to,related_to,Related to,10,int,нет,286,286,286,—,—,"модуль VTEItems — дубль vtiger_inventoryproductrel (222 родителя, число строк совпадает; 1 расхождение суммы — в отчёт; решение владельца, Q-12)",count,"исключено: модуль VTEItems — дубль vtiger_inventoryproductrel (222 родителя, число строк совпадает; 1 расхождение суммы — в отчёт; решение владельца, Q-12)",решено,проверено SQL 2026-09-29,,—
VTEItems,vtiger_vteitems,productid,productid,Item Name,10,int,нет,286,286,286,—,—,"модуль VTEItems — дубль vtiger_inventoryproductrel (222 родителя, число строк совпадает; 1 расхождение суммы — в отчёт; решение владельца, Q-12)",count,"исключено: модуль VTEItems — дубль vtiger_inventoryproductrel (222 родителя, число строк совпадает; 1 расхождение суммы — в отчёт; решение владельца, Q-12)",решено,проверено SQL 2026-09-29,,—
VTEItems,vtiger_vteitems,quantity,quantity,Quantity,7,"decimal(25,3)",нет,286,286,286,—,—,"модуль VTEItems — дубль vtiger_inventoryproductrel (222 родителя, число строк совпадает; 1 расхождение суммы — в отчёт; решение владельца, Q-12)",count,"исключено: модуль VTEItems — дубль vtiger_inventoryproductrel (222 родителя, число строк совпадает; 1 расхождение суммы — в отчёт; решение владельца, Q-12)",решено,проверено SQL 2026-09-29,,—
VTEItems,vtiger_vteitems,listprice,listprice,List Price,7,"decimal(27,8)",нет,286,286,286,—,—,"модуль VTEItems — дубль vtiger_inventoryproductrel (222 родителя, число строк совпадает; 1 расхождение суммы — в отчёт; решение владельца, Q-12)",count,"исключено: модуль VTEItems — дубль vtiger_inventoryproductrel (222 родителя, число строк совпадает; 1 расхождение суммы — в отчёт; решение владельца, Q-12)",решено,проверено SQL 2026-09-29,,—
VTEItems,vtiger_vteitems,discount_amount,discount_amount,Item Discount Amount,7,"decimal(27,8)",нет,286,286,0,—,—,"модуль VTEItems — дубль vtiger_inventoryproductrel (222 родителя, число строк совпадает; 1 расхождение суммы — в отчёт; решение владельца, Q-12)",count,"исключено: модуль VTEItems — дубль vtiger_inventoryproductrel (222 родителя, число строк совпадает; 1 расхождение суммы — в отчёт; решение владельца, Q-12)",решено,проверено SQL 2026-09-29,,—
VTEItems,vtiger_vteitems,discount_percent,discount_percent,Item Discount Percent,9,"decimal(7,3)",нет,286,286,0,—,—,"модуль VTEItems — дубль vtiger_inventoryproductrel (222 родителя, число строк совпадает; 1 расхождение суммы — в отчёт; решение владельца, Q-12)",count,"исключено: модуль VTEItems — дубль vtiger_inventoryproductrel (222 родителя, число строк совпадает; 1 расхождение суммы — в отчёт; решение владельца, Q-12)",решено,проверено SQL 2026-09-29,,—
VTEItems,vtiger_vteitems,tax1,tax1,VAT,9,"decimal(7,3)",нет,286,286,0,—,—,"модуль VTEItems — дубль vtiger_inventoryproductrel (222 родителя, число строк совпадает; 1 расхождение суммы — в отчёт; решение владельца, Q-12)",count,"исключено: модуль VTEItems — дубль vtiger_inventoryproductrel (222 родителя, число строк совпадает; 1 расхождение суммы — в отчёт; решение владельца, Q-12)",решено,проверено SQL 2026-09-29,,—
VTEItems,vtiger_vteitems,tax2,tax2,Sales,9,"decimal(7,3)",нет,286,286,0,—,—,"модуль VTEItems — дубль vtiger_inventoryproductrel (222 родителя, число строк совпадает; 1 расхождение суммы — в отчёт; решение владельца, Q-12)",count,"исключено: модуль VTEItems — дубль vtiger_inventoryproductrel (222 родителя, число строк совпадает; 1 расхождение суммы — в отчёт; решение владельца, Q-12)",решено,проверено SQL 2026-09-29,,—
VTEItems,vtiger_vteitems,tax3,tax3,Service,9,"decimal(7,3)",нет,286,286,0,—,—,"модуль VTEItems — дубль vtiger_inventoryproductrel (222 родителя, число строк совпадает; 1 расхождение суммы — в отчёт; решение владельца, Q-12)",count,"исключено: модуль VTEItems — дубль vtiger_inventoryproductrel (222 родителя, число строк совпадает; 1 расхождение суммы — в отчёт; решение владельца, Q-12)",решено,проверено SQL 2026-09-29,,—
VTEItems,vtiger_vteitems,tax_total,tax_total,Tax,9,"decimal(7,3)",нет,286,286,0,—,—,"модуль VTEItems — дубль vtiger_inventoryproductrel (222 родителя, число строк совпадает; 1 расхождение суммы — в отчёт; решение владельца, Q-12)",count,"исключено: модуль VTEItems — дубль vtiger_inventoryproductrel (222 родителя, число строк совпадает; 1 расхождение суммы — в отчёт; решение владельца, Q-12)",решено,проверено SQL 2026-09-29,,—
VTEItems,vtiger_vteitems,image,image,Image,56,varchar(2),нет,286,286,0,—,—,"модуль VTEItems — дубль vtiger_inventoryproductrel (222 родителя, число строк совпадает; 1 расхождение суммы — в отчёт; решение владельца, Q-12)",count,"исключено: модуль VTEItems — дубль vtiger_inventoryproductrel (222 родителя, число строк совпадает; 1 расхождение суммы — в отчёт; решение владельца, Q-12)",решено,проверено SQL 2026-09-29,1,—
VTEItems,vtiger_vteitems,purchase_cost,purchase_cost,Purchase Cost,7,"decimal(27,8)",нет,286,286,0,—,—,"модуль VTEItems — дубль vtiger_inventoryproductrel (222 родителя, число строк совпадает; 1 расхождение суммы — в отчёт; решение владельца, Q-12)",count,"исключено: модуль VTEItems — дубль vtiger_inventoryproductrel (222 родителя, число строк совпадает; 1 расхождение суммы — в отчёт; решение владельца, Q-12)",решено,проверено SQL 2026-09-29,,—
VTEItems,vtiger_vteitems,margin,margin,Margin,7,"decimal(27,8)",нет,286,286,0,—,—,"модуль VTEItems — дубль vtiger_inventoryproductrel (222 родителя, число строк совпадает; 1 расхождение суммы — в отчёт; решение владельца, Q-12)",count,"исключено: модуль VTEItems — дубль vtiger_inventoryproductrel (222 родителя, число строк совпадает; 1 расхождение суммы — в отчёт; решение владельца, Q-12)",решено,проверено SQL 2026-09-29,,—
VTEItems,vtiger_vteitems,total,total,Total,7,"decimal(27,8)",нет,286,286,286,—,—,"модуль VTEItems — дубль vtiger_inventoryproductrel (222 родителя, число строк совпадает; 1 расхождение суммы — в отчёт; решение владельца, Q-12)",count,"исключено: модуль VTEItems — дубль vtiger_inventoryproductrel (222 родителя, число строк совпадает; 1 расхождение суммы — в отчёт; решение владельца, Q-12)",решено,проверено SQL 2026-09-29,,—
VTEItems,vtiger_vteitems,net_price,net_price,Net Price,7,"decimal(27,8)",нет,286,286,286,—,—,"модуль VTEItems — дубль vtiger_inventoryproductrel (222 родителя, число строк совпадает; 1 расхождение суммы — в отчёт; решение владельца, Q-12)",count,"исключено: модуль VTEItems — дубль vtiger_inventoryproductrel (222 родителя, число строк совпадает; 1 расхождение суммы — в отчёт; решение владельца, Q-12)",решено,проверено SQL 2026-09-29,,—
VTEItems,vtiger_vteitems,comment,comment,Item Comment,19,text,нет,271,286,271,—,—,"модуль VTEItems — дубль vtiger_inventoryproductrel (222 родителя, число строк совпадает; 1 расхождение суммы — в отчёт; решение владельца, Q-12)",count,"исключено: модуль VTEItems — дубль vtiger_inventoryproductrel (222 родителя, число строк совпадает; 1 расхождение суммы — в отчёт; решение владельца, Q-12)",решено,проверено SQL 2026-09-29,93,—
VTEItems,vtiger_crmentity,source,source,Source,1,varchar(100),нет,6308,286,286,—,—,"модуль VTEItems — дубль vtiger_inventoryproductrel (222 родителя, число строк совпадает; 1 расхождение суммы — в отчёт; решение владельца, Q-12)",count,"исключено: модуль VTEItems — дубль vtiger_inventoryproductrel (222 родителя, число строк совпадает; 1 расхождение суммы — в отчёт; решение владельца, Q-12)",решено,проверено SQL 2026-09-29,3,—
VTEItems,vtiger_crmentity_user_field,starred,starred,starred,56,varchar(100),нет,5155,286,0,—,—,"модуль VTEItems — дубль vtiger_inventoryproductrel (222 родителя, число строк совпадает; 1 расхождение суммы — в отчёт; решение владельца, Q-12)",count,"исключено: модуль VTEItems — дубль vtiger_inventoryproductrel (222 родителя, число строк совпадает; 1 расхождение суммы — в отчёт; решение владельца, Q-12)",решено,проверено SQL 2026-09-29,1,—
VTEItems,vtiger_vteitems,tags,tags,tags,1,varchar(1),нет,0,286,0,—,—,"модуль VTEItems — дубль vtiger_inventoryproductrel (222 родителя, число строк совпадает; 1 расхождение суммы — в отчёт; решение владельца, Q-12)",count,"исключено: модуль VTEItems — дубль vtiger_inventoryproductrel (222 родителя, число строк совпадает; 1 расхождение суммы — в отчёт; решение владельца, Q-12)",решено,проверено SQL 2026-09-29,0,—
VTEMailConverter,vtiger_vtemailconverter,vtemailconverter_status,vtemailconverter_status,Status,15,varchar(255),нет,0,0,0,—,—,нет данных,count,пусто — данных нет,предложено,проверено SQL 2026-09-29,,—
VTEMailConverter,vtiger_vtemailconverter,vtemailconverter_no,vtemailconverter_no,Email No,4,varchar(255),нет,0,0,0,—,—,нет данных,count,пусто — данных нет,предложено,проверено SQL 2026-09-29,,—
VTEMailConverter,vtiger_vtemailconverter,vtemailconverter_action,vtemailconverter_action,Action,2,varchar(255),нет,0,0,0,—,—,нет данных,count,пусто — данных нет,предложено,проверено SQL 2026-09-29,,—
VTEMailConverter,vtiger_crmentity,createdtime,CreatedTime,Created Time,70,datetime,нет,6880,0,0,—,—,нет данных,count,пусто — данных нет,предложено,проверено SQL 2026-09-29,,—
VTEMailConverter,vtiger_vtemailconverter,date_processed,date_processed,Date Processed,5,date,нет,0,0,0,—,—,нет данных,count,пусто — данных нет,предложено,проверено SQL 2026-09-29,,—
VTEMailConverter,vtiger_crmentity,modifiedtime,ModifiedTime,Modified Time,70,datetime,нет,6880,0,0,?,modifiedAt,"datetime → UTC по эпохам D-30 (Europe/Moscow до 2022-11, Europe/Berlin до 2026-06-12, далее UTC)",count+hash,пусто — данных нет,предложено,проверено SQL 2026-09-29,,—
VTEMailConverter,vtiger_crmentity,smownerid,assigned_user_id,Assigned To,53,int,нет,6880,0,0,?,assignedUser / teams,owner-map: user→User; group→Team (assignedUser пуст),fk,пусто — данных нет,предложено,проверено SQL 2026-09-29,,—
VTEMailConverter,vtiger_vtemailconverter,parsed_fields,parsed_fields,Prased Fields,19,longtext,нет,0,0,0,—,—,нет данных,count,пусто — данных нет,предложено,проверено SQL 2026-09-29,,—
VTEMailConverter,vtiger_crmentity,source,source,Source,1,varchar(100),нет,6308,0,0,—,—,исключено: технический канал создания записи Vtiger (CRM/WEBSERVICE),count,исключено: исключено: технический канал создания записи Vtiger (CRM/WEBSERVICE),предложено,проверено SQL 2026-09-29,,—
VTEMailConverter,vtiger_crmentity_user_field,starred,starred,starred,56,varchar(100),нет,5155,0,0,—,—,исключено: персональная «звёздочка» пользователя (истинных значений — единицы),count,исключено: исключено: персональная «звёздочка» пользователя (истинных значений — единицы),предложено,проверено SQL 2026-09-29,,—
VTEMailConverter,vtiger_vtemailconverter,tags,tags,tags,1,varchar(1),нет,0,0,0,—,—,пусто в источнике (теги — vtiger_freetagged_objects),count,исключено: пусто в источнике (теги — vtiger_freetagged_objects),предложено,проверено SQL 2026-09-29,,—
VTEMailConverter,vtiger_crmentity,description,description,Description,19,mediumtext,нет,1365,0,0,?,description,text as-is,count+hash,пусто — данных нет,предложено,проверено SQL 2026-09-29,,—
VTEMailConverter,vtiger_vtemailconverter,subject,subject,Subject,2,text,нет,0,0,0,—,—,нет данных,count,пусто — данных нет,предложено,проверено SQL 2026-09-29,,—
VTEMailConverter,vtiger_vtemailconverter,body_plain_text,body_plain_text,Body Plain Text,19,longtext,нет,0,0,0,—,—,нет данных,count,пусто — данных нет,предложено,проверено SQL 2026-09-29,,—
VTEMailConverter,vtiger_vtemailconverter,from_email,from_email,From,2,varchar(255),нет,0,0,0,—,—,нет данных,count,пусто — данных нет,предложено,проверено SQL 2026-09-29,,—
VTEMailConverter,vtiger_vtemailconverter,cc_email,cc_email,CC,2,varchar(255),нет,0,0,0,—,—,нет данных,count,пусто — данных нет,предложено,проверено SQL 2026-09-29,,—
VTEMailConverter,vtiger_vtemailconverter,to_email,to_email,To,2,varchar(255),нет,0,0,0,—,—,нет данных,count,пусто — данных нет,предложено,проверено SQL 2026-09-29,,—
VTEMailConverter,vtiger_vtemailconverter,bcc_email,bcc_email,BCC,2,varchar(255),нет,0,0,0,—,—,нет данных,count,пусто — данных нет,предложено,проверено SQL 2026-09-29,,—
VTEMailConverter,vtiger_vtemailconverter,header_email,header_email,Header,19,longtext,нет,0,0,0,—,—,нет данных,count,пусто — данных нет,предложено,проверено SQL 2026-09-29,,—
VTEMailConverter,vtiger_vtemailconverter,body,body,Body,19,longtext,нет,0,0,0,—,—,нет данных,count,пусто — данных нет,предложено,проверено SQL 2026-09-29,,—
VTEEmailMarketing,vtiger_vteemailmarketing,vteemailmarketingno,vteemailmarketingno,VTEEmailMarketing No,4,varchar(100),нет,0,0,0,—,—,нет данных,count,пусто — данных нет,предложено,проверено SQL 2026-09-29,,—
VTEEmailMarketing,vtiger_vteemailmarketing,vtecampaigns,vtecampaigns,LBL_VTE_CAMPAIGNS,1,varchar(255),нет,0,0,0,—,—,нет данных,count,пусто — данных нет,предложено,проверено SQL 2026-09-29,,—
VTEEmailMarketing,vtiger_vteemailmarketing,subject,subject,LBL_SUBJECT,1,varchar(255),нет,0,0,0,—,—,нет данных,count,пусто — данных нет,предложено,проверено SQL 2026-09-29,,—
VTEEmailMarketing,vtiger_vteemailmarketing,sender,sender,LBL_SENDER,1,varchar(255),нет,0,0,0,—,—,нет данных,count,пусто — данных нет,предложено,проверено SQL 2026-09-29,,—
VTEEmailMarketing,vtiger_vteemailmarketing,scheduled,scheduled,LBL_SCHEDULED,1,datetime,нет,0,0,0,—,—,нет данных,count,пусто — данных нет,предложено,проверено SQL 2026-09-29,,—
VTEEmailMarketing,vtiger_crmentity,smownerid,assigned_user_id,Assigned To,53,int,нет,6880,0,0,?,assignedUser / teams,owner-map: user→User; group→Team (assignedUser пуст),fk,пусто — данных нет,предложено,проверено SQL 2026-09-29,,—
VTEEmailMarketing,vtiger_vteemailmarketing,batch_delivery,batch_delivery,LBL_BATCH_DELIVERY,1,varchar(255),нет,0,0,0,—,—,нет данных,count,пусто — данных нет,предложено,проверено SQL 2026-09-29,,—
VTEEmailMarketing,vtiger_crmentity,createdtime,createdtime,Created Time,70,datetime,нет,6880,0,0,?,createdAt,"datetime → UTC по эпохам D-30 (Europe/Moscow до 2022-11, Europe/Berlin до 2026-06-12, далее UTC)",count+hash,пусто — данных нет,предложено,проверено SQL 2026-09-29,,—
VTEEmailMarketing,vtiger_crmentity,modifiedtime,modifiedtime,Modified Time,70,datetime,нет,6880,0,0,?,modifiedAt,"datetime → UTC по эпохам D-30 (Europe/Moscow до 2022-11, Europe/Berlin до 2026-06-12, далее UTC)",count+hash,пусто — данных нет,предложено,проверено SQL 2026-09-29,,—
VTEEmailMarketing,vtiger_crmentity,smcreatorid,created_user_id,Created By,52,int,нет,6880,0,0,?,createdBy,user-map по vtiger_users.id,fk,пусто — данных нет,предложено,проверено SQL 2026-09-29,,—
VTEEmailMarketing,vtiger_crmentity,modifiedby,modifiedby,Last Modified By,52,int,нет,6880,0,0,?,modifiedBy,user-map по vtiger_users.id,fk,пусто — данных нет,предложено,проверено SQL 2026-09-29,,—
VTEEmailMarketing,vtiger_vteemailmarketing,vteemailmarketing_status,vteemailmarketing_status,LBL_VTEEMAILMARKETING_STATUS,16,text,нет,0,0,0,—,—,нет данных,count,пусто — данных нет,предложено,проверено SQL 2026-09-29,,—
VTEEmailMarketing,vtiger_vteemailmarketing,smtp_server,smtp_server,LBL_SMTP_SERVER,1,varchar(255),нет,0,0,0,—,—,нет данных,count,пусто — данных нет,предложено,проверено SQL 2026-09-29,,—
VTEEmailMarketing,vtiger_vteemailmarketing,template_id,template_id,LBL_TEMPLATE_ID,1,int,нет,0,0,0,—,—,нет данных,count,пусто — данных нет,предложено,проверено SQL 2026-09-29,,—
VTEEmailMarketing,vtiger_crmentity,source,source,Source,1,varchar(100),нет,6308,0,0,—,—,исключено: технический канал создания записи Vtiger (CRM/WEBSERVICE),count,исключено: исключено: технический канал создания записи Vtiger (CRM/WEBSERVICE),предложено,проверено SQL 2026-09-29,,—
VTEEmailMarketing,vtiger_crmentity_user_field,starred,starred,starred,56,varchar(100),нет,5155,0,0,—,—,исключено: персональная «звёздочка» пользователя (истинных значений — единицы),count,исключено: исключено: персональная «звёздочка» пользователя (истинных значений — единицы),предложено,проверено SQL 2026-09-29,,—
VTEEmailMarketing,vtiger_vteemailmarketing,tags,tags,tags,1,varchar(1),нет,0,0,0,—,—,пусто в источнике (теги — vtiger_freetagged_objects),count,исключено: пусто в источнике (теги — vtiger_freetagged_objects),предложено,проверено SQL 2026-09-29,,—
VTEEmailMarketing,vtiger_vteemailmarketingcf,total,total,LBL_TOTAL,1,int,нет,0,0,0,—,—,нет данных,count,пусто — данных нет,предложено,проверено SQL 2026-09-29,,—
VTEEmailMarketing,vtiger_vteemailmarketingcf,queued,queued,LBL_QUEUED,1,int,нет,0,0,0,—,—,нет данных,count,пусто — данных нет,предложено,проверено SQL 2026-09-29,,—
VTEEmailMarketing,vtiger_vteemailmarketingcf,sent,sent,LBL_SENT,1,int,нет,0,0,0,—,—,нет данных,count,пусто — данных нет,предложено,проверено SQL 2026-09-29,,—
VTEEmailMarketing,vtiger_vteemailmarketingcf,failed_to_send,failed_to_send,LBL_FAILED_TO_SEND,1,int,нет,0,0,0,—,—,нет данных,count,пусто — данных нет,предложено,проверено SQL 2026-09-29,,—
VTEEmailMarketing,vtiger_vteemailmarketingcf,unique_open,unique_open,LBL_UNIQUE_OPEN,1,int,нет,0,0,0,—,—,нет данных,count,пусто — данных нет,предложено,проверено SQL 2026-09-29,,—
VTEEmailMarketing,vtiger_vteemailmarketingcf,unopened,unopened,LBL_UNOPENED,1,int,нет,0,0,0,—,—,нет данных,count,пусто — данных нет,предложено,проверено SQL 2026-09-29,,—
VTEEmailMarketing,vtiger_vteemailmarketingcf,unsubcribes,unsubcribes,LBL_UNSUBCRIBES,1,int,нет,0,0,0,—,—,нет данных,count,пусто — данных нет,предложено,проверено SQL 2026-09-29,,—
SPCallPopup,vtiger_sp_callpopup,callid,callid,PBXManager Call,10,int,нет,210,210,210,Call (слияние с PBXManager),(ключ слияния с Call),fk PBXManager 1:1,fk,перенос,предложено,проверено SQL 2026-09-29,,ключ слияния PBXManager ↔ SPCallPopup
SPCallPopup,vtiger_sp_callpopup,call_no,call_no,Call Number,4,varchar(255),нет,0,210,0,Call (слияние с PBXManager),Call.vtigerData.popup_call_no,string,count,пусто — данных нет,предложено,проверено SQL 2026-09-29,0,—
SPCallPopup,vtiger_sp_callpopup,status,status,Process status,56,tinyint,нет,210,210,210,—,—,исключено: служебный статус попапа,count,исключено: исключено: служебный статус попапа,предложено,проверено SQL 2026-09-29,,—
SPCallPopup,vtiger_sp_callpopup,firstname,firstname,First Name,1,varchar(255),нет,3,210,3,Call (слияние с PBXManager),Call.vtigerData.popup_firstname,string,count,архив (только чтение),реализовано (этап 03),проверено SQL 2026-09-29,9,ok: Call.vtigerData jsonObject
SPCallPopup,vtiger_sp_callpopup,lastname,lastname,Last Name,2,varchar(255),нет,3,210,3,Call (слияние с PBXManager),Call.vtigerData.popup_lastname,string,count,архив (только чтение),реализовано (этап 03),проверено SQL 2026-09-29,5,ok: Call.vtigerData jsonObject
SPCallPopup,vtiger_sp_callpopup,accountname,accountname,Account,2,varchar(255),нет,0,210,0,Call (слияние с PBXManager),Call.vtigerData.popup_accountname,string,count,пусто — данных нет,предложено,проверено SQL 2026-09-29,0,—
SPCallPopup,vtiger_crmentity,smownerid,assigned_user_id,Assigned To,53,int,нет,6880,210,210,Call (слияние с PBXManager),assignedUser / teams,owner-map: user→User; group→Team (assignedUser пуст),fk,перенос,реализовано (этап 03),проверено SQL 2026-09-29,,ok: Call.assignedUser link; Call.teams linkMultiple
SPCallPopup,vtiger_crmentity,smcreatorid,created_user_id,Created By,53,int,нет,6880,210,210,Call (слияние с PBXManager),createdBy,user-map по vtiger_users.id,fk,перенос,реализовано (этап 03),проверено SQL 2026-09-29,,ok: Call.createdBy link
SPCallPopup,vtiger_crmentity,createdtime,createdtime,Created Time,70,datetime,нет,6880,210,210,Call (слияние с PBXManager),createdAt,"datetime → UTC по эпохам D-30 (Europe/Moscow до 2022-11, Europe/Berlin до 2026-06-12, далее UTC)",count+hash,перенос,реализовано (этап 03),проверено SQL 2026-09-29,,ok: Call.createdAt datetime
SPCallPopup,vtiger_crmentity,modifiedtime,modifiedtime,Modified Time,70,datetime,нет,6880,210,210,Call (слияние с PBXManager),modifiedAt,"datetime → UTC по эпохам D-30 (Europe/Moscow до 2022-11, Europe/Berlin до 2026-06-12, далее UTC)",count+hash,перенос,реализовано (этап 03),проверено SQL 2026-09-29,,ok: Call.modifiedAt datetime
SPCallPopup,vtiger_crmentity,modifiedby,modifiedby,Last Modified By,52,int,нет,6880,210,210,Call (слияние с PBXManager),modifiedBy,user-map по vtiger_users.id,fk,перенос,реализовано (этап 03),проверено SQL 2026-09-29,,ok: Call.modifiedBy link
SPCallPopup,vtiger_sp_callpopup,client_type,client_type,Client type,1,varchar(255),нет,3,210,3,Call (слияние с PBXManager),Call.vtigerData.popup_client_type,string,count,архив (только чтение),реализовано (этап 03),проверено SQL 2026-09-29,8,ok: Call.vtigerData jsonObject
SPCallPopup,vtiger_crmentity,source,source,Source,1,varchar(100),нет,6308,210,210,—,—,исключено: технический канал создания записи Vtiger (CRM/WEBSERVICE),count,исключено: исключено: технический канал создания записи Vtiger (CRM/WEBSERVICE),предложено,проверено SQL 2026-09-29,3,—
SPCallPopup,vtiger_crmentity_user_field,starred,starred,starred,56,varchar(100),нет,5155,210,0,—,—,исключено: персональная «звёздочка» пользователя (истинных значений — единицы),count,исключено: исключено: персональная «звёздочка» пользователя (истинных значений — единицы),предложено,проверено SQL 2026-09-29,1,—
SPCallPopup,vtiger_sp_callpopup,tags,tags,tags,1,varchar(1),нет,0,210,0,—,—,пусто в источнике (теги — vtiger_freetagged_objects),count,исключено: пусто в источнике (теги — vtiger_freetagged_objects),предложено,проверено SQL 2026-09-29,0,—
SPCallPopup,vtiger_sp_callpopup,comment,comment,Comment,19,text,нет,2,210,2,Call (слияние с PBXManager),Call.description (дополнение),text,count+hash,перенос,реализовано (этап 03),проверено SQL 2026-09-29,326,ok: Call.description text
,berli_globalsearch_data,gscrmid,,,,int,нет,5146,,,—,—,поисковый индекс,count,не переносится: производные данные,предложено,проверено SQL 2026-09-29,,—
,berli_globalsearch_data,searchlabel,,,,varchar(255),нет,0,,,—,—,поисковый индекс,count,не переносится: производные данные,предложено,проверено SQL 2026-09-29,,—
,berli_globalsearch_settings,gstabid,,,,int,нет,38,,,—,—,поисковый индекс,count,не переносится: производные данные,предложено,проверено SQL 2026-09-29,,—
,berli_globalsearch_settings,displayfield,,,,varchar(150),нет,0,,,—,—,поисковый индекс,count,не переносится: производные данные,предложено,проверено SQL 2026-09-29,,—
,berli_globalsearch_settings,searchcolumn,,,,varchar(150),нет,0,,,—,—,поисковый индекс,count,не переносится: производные данные,предложено,проверено SQL 2026-09-29,,—
,berli_globalsearch_settings,turn_off,,,,int,нет,38,,,—,—,поисковый индекс,count,не переносится: производные данные,предложено,проверено SQL 2026-09-29,,—
,berli_globalsearch_settings,sequence,,,,int,нет,38,,,—,—,поисковый индекс,count,не переносится: производные данные,предложено,проверено SQL 2026-09-29,,—
,berli_globalsearch_settings,searchall,,,,tinyint(1),нет,38,,,—,—,поисковый индекс,count,не переносится: производные данные,предложено,проверено SQL 2026-09-29,,—
,com_vtiger_workflow_tasktypes,id,,,,int,нет,7,,,—,—,workflows,count,не переносится как данные: логика реализуется собственными hooks/formula по decisions.md,предложено,проверено SQL 2026-09-29,,—
,com_vtiger_workflow_tasktypes,tasktypename,,,,varchar(255),нет,7,,,—,—,workflows,count,не переносится как данные: логика реализуется собственными hooks/formula по decisions.md,предложено,проверено SQL 2026-09-29,,—
,com_vtiger_workflow_tasktypes,label,,,,varchar(255),нет,7,,,—,—,workflows,count,не переносится как данные: логика реализуется собственными hooks/formula по decisions.md,предложено,проверено SQL 2026-09-29,,—
,com_vtiger_workflow_tasktypes,classname,,,,varchar(255),нет,7,,,—,—,workflows,count,не переносится как данные: логика реализуется собственными hooks/formula по decisions.md,предложено,проверено SQL 2026-09-29,,—
,com_vtiger_workflow_tasktypes,classpath,,,,varchar(255),нет,7,,,—,—,workflows,count,не переносится как данные: логика реализуется собственными hooks/formula по decisions.md,предложено,проверено SQL 2026-09-29,,—
,com_vtiger_workflow_tasktypes,templatepath,,,,varchar(255),нет,7,,,—,—,workflows,count,не переносится как данные: логика реализуется собственными hooks/formula по decisions.md,предложено,проверено SQL 2026-09-29,,—
,com_vtiger_workflow_tasktypes,modules,,,,varchar(500),нет,7,,,—,—,workflows,count,не переносится как данные: логика реализуется собственными hooks/formula по decisions.md,предложено,проверено SQL 2026-09-29,,—
,com_vtiger_workflow_tasktypes,sourcemodule,,,,varchar(255),нет,1,,,—,—,workflows,count,не переносится как данные: логика реализуется собственными hooks/formula по decisions.md,предложено,проверено SQL 2026-09-29,,—
,com_vtiger_workflow_tasktypes_seq,id,,,,int,нет,1,,,—,—,последовательность,count,не переносится: счётчики EspoCRM свои; следующий номер документов задаётся настройкой нумерации,предложено,проверено SQL 2026-09-29,,—
,com_vtiger_workflows,workflow_id,,,,int,нет,26,,,—,—,workflows,count,не переносится как данные: логика реализуется собственными hooks/formula по decisions.md,предложено,проверено SQL 2026-09-29,,—
,com_vtiger_workflows,module_name,,,,varchar(100),нет,26,,,—,—,workflows,count,не переносится как данные: логика реализуется собственными hooks/formula по decisions.md,предложено,проверено SQL 2026-09-29,,—
,com_vtiger_workflows,summary,,,,varchar(400),нет,26,,,—,—,workflows,count,не переносится как данные: логика реализуется собственными hooks/formula по decisions.md,предложено,проверено SQL 2026-09-29,,—
,com_vtiger_workflows,test,,,,text,нет,19,,,—,—,workflows,count,не переносится как данные: логика реализуется собственными hooks/formula по decisions.md,предложено,проверено SQL 2026-09-29,,—
,com_vtiger_workflows,execution_condition,,,,int,нет,26,,,—,—,workflows,count,не переносится как данные: логика реализуется собственными hooks/formula по decisions.md,предложено,проверено SQL 2026-09-29,,—
,com_vtiger_workflows,defaultworkflow,,,,int,нет,23,,,—,—,workflows,count,не переносится как данные: логика реализуется собственными hooks/formula по decisions.md,предложено,проверено SQL 2026-09-29,,—
,com_vtiger_workflows,type,,,,varchar(255),нет,26,,,—,—,workflows,count,не переносится как данные: логика реализуется собственными hooks/formula по decisions.md,предложено,проверено SQL 2026-09-29,,—
,com_vtiger_workflows,filtersavedinnew,,,,int,нет,26,,,—,—,workflows,count,не переносится как данные: логика реализуется собственными hooks/formula по decisions.md,предложено,проверено SQL 2026-09-29,,—
,com_vtiger_workflows,schtypeid,,,,int,нет,0,,,—,—,workflows,count,не переносится как данные: логика реализуется собственными hooks/formula по decisions.md,предложено,проверено SQL 2026-09-29,,—
,com_vtiger_workflows,schdayofmonth,,,,varchar(100),нет,0,,,—,—,workflows,count,не переносится как данные: логика реализуется собственными hooks/formula по decisions.md,предложено,проверено SQL 2026-09-29,,—
,com_vtiger_workflows,schdayofweek,,,,varchar(100),нет,0,,,—,—,workflows,count,не переносится как данные: логика реализуется собственными hooks/formula по decisions.md,предложено,проверено SQL 2026-09-29,,—
,com_vtiger_workflows,schannualdates,,,,varchar(100),нет,0,,,—,—,workflows,count,не переносится как данные: логика реализуется собственными hooks/formula по decisions.md,предложено,проверено SQL 2026-09-29,,—
,com_vtiger_workflows,schtime,,,,varchar(50),нет,0,,,—,—,workflows,count,не переносится как данные: логика реализуется собственными hooks/formula по decisions.md,предложено,проверено SQL 2026-09-29,,—
,com_vtiger_workflows,nexttrigger_time,,,,datetime,нет,0,,,—,—,workflows,count,не переносится как данные: логика реализуется собственными hooks/formula по decisions.md,предложено,проверено SQL 2026-09-29,,—
,com_vtiger_workflows,status,,,,tinyint(1),нет,26,,,—,—,workflows,count,не переносится как данные: логика реализуется собственными hooks/formula по decisions.md,предложено,проверено SQL 2026-09-29,,—
,com_vtiger_workflows,workflowname,,,,varchar(100),нет,26,,,—,—,workflows,count,не переносится как данные: логика реализуется собственными hooks/formula по decisions.md,предложено,проверено SQL 2026-09-29,,—
,com_vtiger_workflows_seq,id,,,,int,нет,1,,,—,—,последовательность,count,не переносится: счётчики EspoCRM свои; следующий номер документов задаётся настройкой нумерации,предложено,проверено SQL 2026-09-29,,—
,com_vtiger_workflowtasks,task_id,,,,int,нет,28,,,—,—,workflows,count,не переносится как данные: логика реализуется собственными hooks/formula по decisions.md,предложено,проверено SQL 2026-09-29,,—
,com_vtiger_workflowtasks,workflow_id,,,,int,нет,26,,,—,—,workflows,count,не переносится как данные: логика реализуется собственными hooks/formula по decisions.md,предложено,проверено SQL 2026-09-29,,—
,com_vtiger_workflowtasks,summary,,,,varchar(400),нет,27,,,—,—,workflows,count,не переносится как данные: логика реализуется собственными hooks/formula по decisions.md,предложено,проверено SQL 2026-09-29,,—
,com_vtiger_workflowtasks,task,,,,text,нет,28,,,—,—,workflows,count,не переносится как данные: логика реализуется собственными hooks/formula по decisions.md,предложено,проверено SQL 2026-09-29,,—
,com_vtiger_workflowtasks_entitymethod,workflowtasks_entitymethod_id,,,,int,нет,14,,,—,—,workflows,count,не переносится как данные: логика реализуется собственными hooks/formula по decisions.md,предложено,проверено SQL 2026-09-29,,—
,com_vtiger_workflowtasks_entitymethod,module_name,,,,varchar(100),нет,14,,,—,—,workflows,count,не переносится как данные: логика реализуется собственными hooks/formula по decisions.md,предложено,проверено SQL 2026-09-29,,—
,com_vtiger_workflowtasks_entitymethod,method_name,,,,varchar(100),нет,14,,,—,—,workflows,count,не переносится как данные: логика реализуется собственными hooks/formula по decisions.md,предложено,проверено SQL 2026-09-29,,—
,com_vtiger_workflowtasks_entitymethod,function_path,,,,varchar(400),нет,14,,,—,—,workflows,count,не переносится как данные: логика реализуется собственными hooks/formula по decisions.md,предложено,проверено SQL 2026-09-29,,—
,com_vtiger_workflowtasks_entitymethod,function_name,,,,varchar(100),нет,14,,,—,—,workflows,count,не переносится как данные: логика реализуется собственными hooks/formula по decisions.md,предложено,проверено SQL 2026-09-29,,—
,com_vtiger_workflowtasks_entitymethod_seq,id,,,,int,нет,1,,,—,—,последовательность,count,не переносится: счётчики EspoCRM свои; следующий номер документов задаётся настройкой нумерации,предложено,проверено SQL 2026-09-29,,—
,com_vtiger_workflowtasks_seq,id,,,,int,нет,1,,,—,—,последовательность,count,не переносится: счётчики EspoCRM свои; следующий номер документов задаётся настройкой нумерации,предложено,проверено SQL 2026-09-29,,—
,fieldautofill_mappings,id,,,,int,нет,139,,,—,—,настройки расширений,count,не переносится: закрытые/платные расширения VTE/ITS4You/SalesPlatform; функции оцениваются в module-decisions.md,предложено,проверено SQL 2026-09-29,,—
,fieldautofill_mappings,key,,,,varchar(250),нет,139,,,—,—,настройки расширений,count,не переносится: закрытые/платные расширения VTE/ITS4You/SalesPlatform; функции оцениваются в module-decisions.md,предложено,проверено SQL 2026-09-29,,—
,fieldautofill_mappings,primary,,,,varchar(250),нет,138,,,—,—,настройки расширений,count,не переносится: закрытые/платные расширения VTE/ITS4You/SalesPlatform; функции оцениваются в module-decisions.md,предложено,проверено SQL 2026-09-29,,—
,fieldautofill_mappings,secondary,,,,varchar(250),нет,138,,,—,—,настройки расширений,count,не переносится: закрытые/платные расширения VTE/ITS4You/SalesPlatform; функции оцениваются в module-decisions.md,предложено,проверено SQL 2026-09-29,,—
,fieldautofill_mappings,show_popup,,,,int,нет,138,,,—,—,настройки расширений,count,не переносится: закрытые/платные расширения VTE/ITS4You/SalesPlatform; функции оцениваются в module-decisions.md,предложено,проверено SQL 2026-09-29,,—
,its4you_reports4you_folder,folderid,,,,int,нет,13,,,—,—,настройки расширений,count,не переносится: закрытые/платные расширения VTE/ITS4You/SalesPlatform; функции оцениваются в module-decisions.md,предложено,проверено SQL 2026-09-29,,—
,its4you_reports4you_folder,foldername,,,,varchar(255),нет,13,,,—,—,настройки расширений,count,не переносится: закрытые/платные расширения VTE/ITS4You/SalesPlatform; функции оцениваются в module-decisions.md,предложено,проверено SQL 2026-09-29,,—
,its4you_reports4you_folder,description,,,,varchar(250),нет,0,,,—,—,настройки расширений,count,не переносится: закрытые/платные расширения VTE/ITS4You/SalesPlatform; функции оцениваются в module-decisions.md,предложено,проверено SQL 2026-09-29,,—
,its4you_reports4you_folder,state,,,,varchar(50),нет,13,,,—,—,настройки расширений,count,не переносится: закрытые/платные расширения VTE/ITS4You/SalesPlatform; функции оцениваются в module-decisions.md,предложено,проверено SQL 2026-09-29,,—
,its4you_reports4you_folder,ownerid,,,,int,нет,13,,,—,—,настройки расширений,count,не переносится: закрытые/платные расширения VTE/ITS4You/SalesPlatform; функции оцениваются в module-decisions.md,предложено,проверено SQL 2026-09-29,,—
,its4you_reports4you_reportfilters,filterid,,,,int,нет,3,,,—,—,настройки расширений,count,не переносится: закрытые/платные расширения VTE/ITS4You/SalesPlatform; функции оцениваются в module-decisions.md,предложено,проверено SQL 2026-09-29,,—
,its4you_reports4you_reportfilters,name,,,,varchar(200),нет,3,,,—,—,настройки расширений,count,не переносится: закрытые/платные расширения VTE/ITS4You/SalesPlatform; функции оцениваются в module-decisions.md,предложено,проверено SQL 2026-09-29,,—
,its4you_reports4you_selectquery_seq,id,,,,int,нет,1,,,—,—,последовательность,count,не переносится: счётчики EspoCRM свои; следующий номер документов задаётся настройкой нумерации,предложено,проверено SQL 2026-09-29,,—
,its4you_reports4you_updates,id,,,,int,нет,1,,,—,—,настройки расширений,count,не переносится: закрытые/платные расширения VTE/ITS4You/SalesPlatform; функции оцениваются в module-decisions.md,предложено,проверено SQL 2026-09-29,,—
,its4you_reports4you_updates,name,,,,varchar(255),нет,1,,,—,—,настройки расширений,count,не переносится: закрытые/платные расширения VTE/ITS4You/SalesPlatform; функции оцениваются в module-decisions.md,предложено,проверено SQL 2026-09-29,,—
,its4you_reports4you_updates,status,,,,int,нет,1,,,—,—,настройки расширений,count,не переносится: закрытые/платные расширения VTE/ITS4You/SalesPlatform; функции оцениваются в module-decisions.md,предложено,проверено SQL 2026-09-29,,—
,kanban_view_settings,enable,,,,int,нет,1,,,—,—,настройки расширений,count,не переносится: закрытые/платные расширения VTE/ITS4You/SalesPlatform; функции оцениваются в module-decisions.md,предложено,проверено SQL 2026-09-29,,—
,masked_input_fields,id,,,,int,нет,1,,,—,—,настройки расширений,count,не переносится: закрытые/платные расширения VTE/ITS4You/SalesPlatform; функции оцениваются в module-decisions.md,предложено,проверено SQL 2026-09-29,,—
,masked_input_fields,module,,,,varchar(250),нет,1,,,—,—,настройки расширений,count,не переносится: закрытые/платные расширения VTE/ITS4You/SalesPlatform; функции оцениваются в module-decisions.md,предложено,проверено SQL 2026-09-29,,—
,masked_input_fields,fieldname,,,,varchar(250),нет,1,,,—,—,настройки расширений,count,не переносится: закрытые/платные расширения VTE/ITS4You/SalesPlatform; функции оцениваются в module-decisions.md,предложено,проверено SQL 2026-09-29,,—
,masked_input_fields,masked_input,,,,varchar(11),нет,1,,,—,—,настройки расширений,count,не переносится: закрытые/платные расширения VTE/ITS4You/SalesPlatform; функции оцениваются в module-decisions.md,предложено,проверено SQL 2026-09-29,,—
,masked_input_fields,active,,,,int,нет,1,,,—,—,настройки расширений,count,не переносится: закрытые/платные расширения VTE/ITS4You/SalesPlatform; функции оцениваются в module-decisions.md,предложено,проверено SQL 2026-09-29,,—
,masked_inputs,id,,,,int,нет,8,,,—,—,настройки расширений,count,не переносится: закрытые/платные расширения VTE/ITS4You/SalesPlatform; функции оцениваются в module-decisions.md,предложено,проверено SQL 2026-09-29,,—
,masked_inputs,masked_input,,,,varchar(250),нет,8,,,—,—,настройки расширений,count,не переносится: закрытые/платные расширения VTE/ITS4You/SalesPlatform; функции оцениваются в module-decisions.md,предложено,проверено SQL 2026-09-29,,—
,masked_inputs,alert,,,,int,нет,8,,,—,—,настройки расширений,count,не переносится: закрытые/платные расширения VTE/ITS4You/SalesPlatform; функции оцениваются в module-decisions.md,предложено,проверено SQL 2026-09-29,,—
,masked_inputs,alert_text,,,,text,нет,1,,,—,—,настройки расширений,count,не переносится: закрытые/платные расширения VTE/ITS4You/SalesPlatform; функции оцениваются в module-decisions.md,предложено,проверено SQL 2026-09-29,,—
,notifications_settings,enable,,,,int,нет,1,,,—,—,настройки расширений,count,не переносится: закрытые/платные расширения VTE/ITS4You/SalesPlatform; функции оцениваются в module-decisions.md,предложено,проверено SQL 2026-09-29,,—
,quoter_invoice_settings,module,,,,varchar(100),нет,1,,,—,—,настройки расширений,count,не переносится: закрытые/платные расширения VTE/ITS4You/SalesPlatform; функции оцениваются в module-decisions.md,предложено,проверено SQL 2026-09-29,,—
,quoter_invoice_settings,item_name,,,,text,нет,1,,,—,—,настройки расширений,count,не переносится: закрытые/платные расширения VTE/ITS4You/SalesPlatform; функции оцениваются в module-decisions.md,предложено,проверено SQL 2026-09-29,,—
,quoter_invoice_settings,quantity,,,,text,нет,1,,,—,—,настройки расширений,count,не переносится: закрытые/платные расширения VTE/ITS4You/SalesPlatform; функции оцениваются в module-decisions.md,предложено,проверено SQL 2026-09-29,,—
,quoter_invoice_settings,listprice,,,,text,нет,1,,,—,—,настройки расширений,count,не переносится: закрытые/платные расширения VTE/ITS4You/SalesPlatform; функции оцениваются в module-decisions.md,предложено,проверено SQL 2026-09-29,,—
,quoter_invoice_settings,total,,,,text,нет,1,,,—,—,настройки расширений,count,не переносится: закрытые/платные расширения VTE/ITS4You/SalesPlatform; функции оцениваются в module-decisions.md,предложено,проверено SQL 2026-09-29,,—
,quoter_invoice_settings,net_price,,,,text,нет,1,,,—,—,настройки расширений,count,не переносится: закрытые/платные расширения VTE/ITS4You/SalesPlatform; функции оцениваются в module-decisions.md,предложено,проверено SQL 2026-09-29,,—
,quoter_invoice_settings,comment,,,,text,нет,1,,,—,—,настройки расширений,count,не переносится: закрытые/платные расширения VTE/ITS4You/SalesPlatform; функции оцениваются в module-decisions.md,предложено,проверено SQL 2026-09-29,,—
,quoter_invoice_settings,discount_amount,,,,text,нет,1,,,—,—,настройки расширений,count,не переносится: закрытые/платные расширения VTE/ITS4You/SalesPlatform; функции оцениваются в module-decisions.md,предложено,проверено SQL 2026-09-29,,—
,quoter_invoice_settings,discount_percent,,,,text,нет,1,,,—,—,настройки расширений,count,не переносится: закрытые/платные расширения VTE/ITS4You/SalesPlatform; функции оцениваются в module-decisions.md,предложено,проверено SQL 2026-09-29,,—
,quoter_invoice_settings,total_fields,,,,text,нет,1,,,—,—,настройки расширений,count,не переносится: закрытые/платные расширения VTE/ITS4You/SalesPlatform; функции оцениваются в module-decisions.md,предложено,проверено SQL 2026-09-29,,—
,quoter_invoice_settings,section_setting,,,,text,нет,0,,,—,—,настройки расширений,count,не переносится: закрытые/платные расширения VTE/ITS4You/SalesPlatform; функции оцениваются в module-decisions.md,предложено,проверено SQL 2026-09-29,,—
,quoter_invoice_settings,tax_total,,,,text,нет,1,,,—,—,настройки расширений,count,не переносится: закрытые/платные расширения VTE/ITS4You/SalesPlatform; функции оцениваются в module-decisions.md,предложено,проверено SQL 2026-09-29,,—
,quoter_purchaseorder_settings,module,,,,varchar(100),нет,1,,,—,—,настройки расширений,count,не переносится: закрытые/платные расширения VTE/ITS4You/SalesPlatform; функции оцениваются в module-decisions.md,предложено,проверено SQL 2026-09-29,,—
,quoter_purchaseorder_settings,item_name,,,,text,нет,1,,,—,—,настройки расширений,count,не переносится: закрытые/платные расширения VTE/ITS4You/SalesPlatform; функции оцениваются в module-decisions.md,предложено,проверено SQL 2026-09-29,,—
,quoter_purchaseorder_settings,quantity,,,,text,нет,1,,,—,—,настройки расширений,count,не переносится: закрытые/платные расширения VTE/ITS4You/SalesPlatform; функции оцениваются в module-decisions.md,предложено,проверено SQL 2026-09-29,,—
,quoter_purchaseorder_settings,listprice,,,,text,нет,1,,,—,—,настройки расширений,count,не переносится: закрытые/платные расширения VTE/ITS4You/SalesPlatform; функции оцениваются в module-decisions.md,предложено,проверено SQL 2026-09-29,,—
,quoter_purchaseorder_settings,total,,,,text,нет,1,,,—,—,настройки расширений,count,не переносится: закрытые/платные расширения VTE/ITS4You/SalesPlatform; функции оцениваются в module-decisions.md,предложено,проверено SQL 2026-09-29,,—
,quoter_purchaseorder_settings,net_price,,,,text,нет,1,,,—,—,настройки расширений,count,не переносится: закрытые/платные расширения VTE/ITS4You/SalesPlatform; функции оцениваются в module-decisions.md,предложено,проверено SQL 2026-09-29,,—
,quoter_purchaseorder_settings,comment,,,,text,нет,1,,,—,—,настройки расширений,count,не переносится: закрытые/платные расширения VTE/ITS4You/SalesPlatform; функции оцениваются в module-decisions.md,предложено,проверено SQL 2026-09-29,,—
,quoter_purchaseorder_settings,discount_amount,,,,text,нет,1,,,—,—,настройки расширений,count,не переносится: закрытые/платные расширения VTE/ITS4You/SalesPlatform; функции оцениваются в module-decisions.md,предложено,проверено SQL 2026-09-29,,—
,quoter_purchaseorder_settings,discount_percent,,,,text,нет,1,,,—,—,настройки расширений,count,не переносится: закрытые/платные расширения VTE/ITS4You/SalesPlatform; функции оцениваются в module-decisions.md,предложено,проверено SQL 2026-09-29,,—
,quoter_purchaseorder_settings,total_fields,,,,text,нет,1,,,—,—,настройки расширений,count,не переносится: закрытые/платные расширения VTE/ITS4You/SalesPlatform; функции оцениваются в module-decisions.md,предложено,проверено SQL 2026-09-29,,—
,quoter_purchaseorder_settings,section_setting,,,,text,нет,0,,,—,—,настройки расширений,count,не переносится: закрытые/платные расширения VTE/ITS4You/SalesPlatform; функции оцениваются в module-decisions.md,предложено,проверено SQL 2026-09-29,,—
,quoter_purchaseorder_settings,tax_total,,,,text,нет,1,,,—,—,настройки расширений,count,не переносится: закрытые/платные расширения VTE/ITS4You/SalesPlatform; функции оцениваются в module-decisions.md,предложено,проверено SQL 2026-09-29,,—
,quoter_quotes_settings,module,,,,varchar(100),нет,1,,,—,—,настройки расширений,count,не переносится: закрытые/платные расширения VTE/ITS4You/SalesPlatform; функции оцениваются в module-decisions.md,предложено,проверено SQL 2026-09-29,,—
,quoter_quotes_settings,item_name,,,,text,нет,1,,,—,—,настройки расширений,count,не переносится: закрытые/платные расширения VTE/ITS4You/SalesPlatform; функции оцениваются в module-decisions.md,предложено,проверено SQL 2026-09-29,,—
,quoter_quotes_settings,quantity,,,,text,нет,1,,,—,—,настройки расширений,count,не переносится: закрытые/платные расширения VTE/ITS4You/SalesPlatform; функции оцениваются в module-decisions.md,предложено,проверено SQL 2026-09-29,,—
,quoter_quotes_settings,listprice,,,,text,нет,1,,,—,—,настройки расширений,count,не переносится: закрытые/платные расширения VTE/ITS4You/SalesPlatform; функции оцениваются в module-decisions.md,предложено,проверено SQL 2026-09-29,,—
,quoter_quotes_settings,total,,,,text,нет,1,,,—,—,настройки расширений,count,не переносится: закрытые/платные расширения VTE/ITS4You/SalesPlatform; функции оцениваются в module-decisions.md,предложено,проверено SQL 2026-09-29,,—
,quoter_quotes_settings,net_price,,,,text,нет,1,,,—,—,настройки расширений,count,не переносится: закрытые/платные расширения VTE/ITS4You/SalesPlatform; функции оцениваются в module-decisions.md,предложено,проверено SQL 2026-09-29,,—
,quoter_quotes_settings,comment,,,,text,нет,1,,,—,—,настройки расширений,count,не переносится: закрытые/платные расширения VTE/ITS4You/SalesPlatform; функции оцениваются в module-decisions.md,предложено,проверено SQL 2026-09-29,,—
,quoter_quotes_settings,discount_amount,,,,text,нет,1,,,—,—,настройки расширений,count,не переносится: закрытые/платные расширения VTE/ITS4You/SalesPlatform; функции оцениваются в module-decisions.md,предложено,проверено SQL 2026-09-29,,—
,quoter_quotes_settings,discount_percent,,,,text,нет,1,,,—,—,настройки расширений,count,не переносится: закрытые/платные расширения VTE/ITS4You/SalesPlatform; функции оцениваются в module-decisions.md,предложено,проверено SQL 2026-09-29,,—
,quoter_quotes_settings,total_fields,,,,text,нет,1,,,—,—,настройки расширений,count,не переносится: закрытые/платные расширения VTE/ITS4You/SalesPlatform; функции оцениваются в module-decisions.md,предложено,проверено SQL 2026-09-29,,—
,quoter_quotes_settings,section_setting,,,,text,нет,0,,,—,—,настройки расширений,count,не переносится: закрытые/платные расширения VTE/ITS4You/SalesPlatform; функции оцениваются в module-decisions.md,предложено,проверено SQL 2026-09-29,,—
,quoter_quotes_settings,tax_total,,,,text,нет,1,,,—,—,настройки расширений,count,не переносится: закрытые/платные расширения VTE/ITS4You/SalesPlatform; функции оцениваются в module-decisions.md,предложено,проверено SQL 2026-09-29,,—
,quoter_salesorder_settings,module,,,,varchar(100),нет,1,,,—,—,настройки расширений,count,не переносится: закрытые/платные расширения VTE/ITS4You/SalesPlatform; функции оцениваются в module-decisions.md,предложено,проверено SQL 2026-09-29,,—
,quoter_salesorder_settings,item_name,,,,text,нет,1,,,—,—,настройки расширений,count,не переносится: закрытые/платные расширения VTE/ITS4You/SalesPlatform; функции оцениваются в module-decisions.md,предложено,проверено SQL 2026-09-29,,—
,quoter_salesorder_settings,quantity,,,,text,нет,1,,,—,—,настройки расширений,count,не переносится: закрытые/платные расширения VTE/ITS4You/SalesPlatform; функции оцениваются в module-decisions.md,предложено,проверено SQL 2026-09-29,,—
,quoter_salesorder_settings,listprice,,,,text,нет,1,,,—,—,настройки расширений,count,не переносится: закрытые/платные расширения VTE/ITS4You/SalesPlatform; функции оцениваются в module-decisions.md,предложено,проверено SQL 2026-09-29,,—
,quoter_salesorder_settings,total,,,,text,нет,1,,,—,—,настройки расширений,count,не переносится: закрытые/платные расширения VTE/ITS4You/SalesPlatform; функции оцениваются в module-decisions.md,предложено,проверено SQL 2026-09-29,,—
,quoter_salesorder_settings,net_price,,,,text,нет,1,,,—,—,настройки расширений,count,не переносится: закрытые/платные расширения VTE/ITS4You/SalesPlatform; функции оцениваются в module-decisions.md,предложено,проверено SQL 2026-09-29,,—
,quoter_salesorder_settings,comment,,,,text,нет,1,,,—,—,настройки расширений,count,не переносится: закрытые/платные расширения VTE/ITS4You/SalesPlatform; функции оцениваются в module-decisions.md,предложено,проверено SQL 2026-09-29,,—
,quoter_salesorder_settings,discount_amount,,,,text,нет,1,,,—,—,настройки расширений,count,не переносится: закрытые/платные расширения VTE/ITS4You/SalesPlatform; функции оцениваются в module-decisions.md,предложено,проверено SQL 2026-09-29,,—
,quoter_salesorder_settings,discount_percent,,,,text,нет,1,,,—,—,настройки расширений,count,не переносится: закрытые/платные расширения VTE/ITS4You/SalesPlatform; функции оцениваются в module-decisions.md,предложено,проверено SQL 2026-09-29,,—
,quoter_salesorder_settings,total_fields,,,,text,нет,1,,,—,—,настройки расширений,count,не переносится: закрытые/платные расширения VTE/ITS4You/SalesPlatform; функции оцениваются в module-decisions.md,предложено,проверено SQL 2026-09-29,,—
,quoter_salesorder_settings,section_setting,,,,text,нет,0,,,—,—,настройки расширений,count,не переносится: закрытые/платные расширения VTE/ITS4You/SalesPlatform; функции оцениваются в module-decisions.md,предложено,проверено SQL 2026-09-29,,—
,quoter_salesorder_settings,tax_total,,,,text,нет,1,,,—,—,настройки расширений,count,не переносится: закрытые/платные расширения VTE/ITS4You/SalesPlatform; функции оцениваются в module-decisions.md,предложено,проверено SQL 2026-09-29,,—
,realtimefieldformulas_settings,enable,,,,int,нет,1,,,—,—,настройки расширений,count,не переносится: закрытые/платные расширения VTE/ITS4You/SalesPlatform; функции оцениваются в module-decisions.md,предложено,проверено SQL 2026-09-29,,—
,relatedblockslists_settings,enable,,,,int,нет,1,,,—,—,настройки расширений,count,не переносится: закрытые/платные расширения VTE/ITS4You/SalesPlatform; функции оцениваются в module-decisions.md,предложено,проверено SQL 2026-09-29,,—
,sp_cml_site_settings,id,,,,int,нет,5,,,—,—,настройки расширений,count,не переносится: закрытые/платные расширения VTE/ITS4You/SalesPlatform; функции оцениваются в module-decisions.md,предложено,проверено SQL 2026-09-29,,—
,sp_cml_site_settings,setting_type,,,,varchar(255),нет,5,,,—,—,настройки расширений,count,не переносится: закрытые/платные расширения VTE/ITS4You/SalesPlatform; функции оцениваются в module-decisions.md,предложено,проверено SQL 2026-09-29,,—
,sp_cml_site_settings,key,,,,varchar(255),нет,5,,,—,—,настройки расширений,count,не переносится: закрытые/платные расширения VTE/ITS4You/SalesPlatform; функции оцениваются в module-decisions.md,предложено,проверено SQL 2026-09-29,,—
,sp_cml_site_settings,value,,,,varchar(255),нет,5,,,—,—,настройки расширений,count,не переносится: закрытые/платные расширения VTE/ITS4You/SalesPlatform; функции оцениваются в module-decisions.md,предложено,проверено SQL 2026-09-29,,—
,sp_payments,payid,,,,int,нет,990,798,798,—,(ключ записи),первичный ключ модульной таблицы = crmid,count,перенос,контракт (этап 04.1),проверено SQL 2026-09-29,,ключ записи → vtigerId
,sp_paymentscf,payid,,,,int,нет,990,798,798,—,(ключ записи),первичный ключ модульной таблицы = crmid,count,перенос,контракт (этап 04.1),проверено SQL 2026-09-29,,ключ записи → vtigerId
,sp_templates,templateid,,,,int,нет,11,,,—,Template (собств.),шаблоны,count,переносится как спецификация (print-forms.md); реализация собственным кодом,предложено,проверено SQL 2026-09-29,,этап 05 (печатные формы)
,sp_templates,name,,,,varchar(64),нет,11,,,—,Template (собств.),шаблоны,count,переносится как спецификация (print-forms.md); реализация собственным кодом,предложено,проверено SQL 2026-09-29,,этап 05 (печатные формы)
,sp_templates,module,,,,varchar(64),нет,11,,,—,Template (собств.),шаблоны,count,переносится как спецификация (print-forms.md); реализация собственным кодом,предложено,проверено SQL 2026-09-29,,этап 05 (печатные формы)
,sp_templates,template,,,,mediumtext,нет,11,,,—,Template (собств.),шаблоны,count,переносится как спецификация (print-forms.md); реализация собственным кодом,предложено,проверено SQL 2026-09-29,,этап 05 (печатные формы)
,sp_templates,header_size,,,,int,нет,11,,,—,Template (собств.),шаблоны,count,переносится как спецификация (print-forms.md); реализация собственным кодом,предложено,проверено SQL 2026-09-29,,этап 05 (печатные формы)
,sp_templates,footer_size,,,,int,нет,11,,,—,Template (собств.),шаблоны,count,переносится как спецификация (print-forms.md); реализация собственным кодом,предложено,проверено SQL 2026-09-29,,этап 05 (печатные формы)
,sp_templates,page_orientation,,,,varchar(1),нет,11,,,—,Template (собств.),шаблоны,count,переносится как спецификация (print-forms.md); реализация собственным кодом,предложено,проверено SQL 2026-09-29,,этап 05 (печатные формы)
,sp_templates,spcompany,,,,varchar(200),нет,11,,,—,Template (собств.),шаблоны,count,переносится как спецификация (print-forms.md); реализация собственным кодом,предложено,проверено SQL 2026-09-29,,этап 05 (печатные формы)
,sp_templates_seq,id,,,,int,нет,1,,,—,—,последовательность,count,не переносится: счётчики EspoCRM свои; следующий номер документов задаётся настройкой нумерации,предложено,проверено SQL 2026-09-29,,—
,sp_tips_dependent_fields,field_id,,,,int,нет,5,,,—,—,настройки расширений,count,не переносится: закрытые/платные расширения VTE/ITS4You/SalesPlatform; функции оцениваются в module-decisions.md,предложено,проверено SQL 2026-09-29,,—
,sp_tips_dependent_fields,vtiger_fieldname,,,,varchar(127),нет,5,,,—,—,настройки расширений,count,не переносится: закрытые/платные расширения VTE/ITS4You/SalesPlatform; функции оцениваются в module-decisions.md,предложено,проверено SQL 2026-09-29,,—
,sp_tips_dependent_fields,provider_fieldname,,,,varchar(127),нет,5,,,—,—,настройки расширений,count,не переносится: закрытые/платные расширения VTE/ITS4You/SalesPlatform; функции оцениваются в module-decisions.md,предложено,проверено SQL 2026-09-29,,—
,sp_tips_dependent_fields,rule_id,,,,int,нет,5,,,—,—,настройки расширений,count,не переносится: закрытые/платные расширения VTE/ITS4You/SalesPlatform; функции оцениваются в module-decisions.md,предложено,проверено SQL 2026-09-29,,—
,sp_tips_dependent_fields_seq,id,,,,int,нет,1,,,—,—,последовательность,count,не переносится: счётчики EspoCRM свои; следующий номер документов задаётся настройкой нумерации,предложено,проверено SQL 2026-09-29,,—
,sp_tips_module_rules,rule_id,,,,int,нет,1,,,—,—,настройки расширений,count,не переносится: закрытые/платные расширения VTE/ITS4You/SalesPlatform; функции оцениваются в module-decisions.md,предложено,проверено SQL 2026-09-29,,—
,sp_tips_module_rules,module,,,,varchar(127),нет,1,,,—,—,настройки расширений,count,не переносится: закрытые/платные расширения VTE/ITS4You/SalesPlatform; функции оцениваются в module-decisions.md,предложено,проверено SQL 2026-09-29,,—
,sp_tips_module_rules,field,,,,varchar(127),нет,1,,,—,—,настройки расширений,count,не переносится: закрытые/платные расширения VTE/ITS4You/SalesPlatform; функции оцениваются в module-decisions.md,предложено,проверено SQL 2026-09-29,,—
,sp_tips_module_rules,provider_id,,,,int,нет,1,,,—,—,настройки расширений,count,не переносится: закрытые/платные расширения VTE/ITS4You/SalesPlatform; функции оцениваются в module-decisions.md,предложено,проверено SQL 2026-09-29,,—
,sp_tips_module_rules,type,,,,varchar(255),нет,1,,,—,—,настройки расширений,count,не переносится: закрытые/платные расширения VTE/ITS4You/SalesPlatform; функции оцениваются в module-decisions.md,предложено,проверено SQL 2026-09-29,,—
,sp_tips_module_rules_seq,id,,,,int,нет,1,,,—,—,последовательность,count,не переносится: счётчики EspoCRM свои; следующий номер документов задаётся настройкой нумерации,предложено,проверено SQL 2026-09-29,,—
,sp_tips_providers,provider_id,,,,int,нет,2,,,—,—,настройки расширений,count,не переносится: закрытые/платные расширения VTE/ITS4You/SalesPlatform; функции оцениваются в module-decisions.md,предложено,проверено SQL 2026-09-29,,—
,sp_tips_providers,provider_name,,,,varchar(255),нет,2,,,—,—,настройки расширений,count,не переносится: закрытые/платные расширения VTE/ITS4You/SalesPlatform; функции оцениваются в module-decisions.md,предложено,проверено SQL 2026-09-29,,—
,sp_tips_providers,settings,,,,varchar(1024),нет,2,,,—,—,настройки расширений,count,не переносится: закрытые/платные расширения VTE/ITS4You/SalesPlatform; функции оцениваются в module-decisions.md,предложено,проверено SQL 2026-09-29,,—
,time_tracker_settings,selected_modules,,,,text,нет,1,,,—,—,настройки расширений,count,не переносится: закрытые/платные расширения VTE/ITS4You/SalesPlatform; функции оцениваются в module-decisions.md,предложено,проверено SQL 2026-09-29,,—
,time_tracker_settings,field_settings,,,,text,нет,1,,,—,—,настройки расширений,count,не переносится: закрытые/платные расширения VTE/ITS4You/SalesPlatform; функции оцениваются в module-decisions.md,предложено,проверено SQL 2026-09-29,,—
,time_tracker_settings,start_datetime_editable,,,,int,нет,1,,,—,—,настройки расширений,count,не переносится: закрытые/платные расширения VTE/ITS4You/SalesPlatform; функции оцениваются в module-decisions.md,предложено,проверено SQL 2026-09-29,,—
,time_tracker_settings,due_datetime_editable,,,,int,нет,1,,,—,—,настройки расширений,count,не переносится: закрытые/платные расширения VTE/ITS4You/SalesPlatform; функции оцениваются в module-decisions.md,предложено,проверено SQL 2026-09-29,,—
,time_tracker_settings,allow_create_comments,,,,int,нет,1,,,—,—,настройки расширений,count,не переносится: закрытые/платные расширения VTE/ITS4You/SalesPlatform; функции оцениваются в module-decisions.md,предложено,проверено SQL 2026-09-29,,—
,time_tracker_settings,auto_create_comments,,,,int,нет,1,,,—,—,настройки расширений,count,не переносится: закрытые/платные расширения VTE/ITS4You/SalesPlatform; функции оцениваются в module-decisions.md,предложено,проверено SQL 2026-09-29,,—
,time_tracker_settings,allow_bill_event_invoice,,,,int,нет,1,,,—,—,настройки расширений,count,не переносится: закрытые/платные расширения VTE/ITS4You/SalesPlatform; функции оцениваются в module-decisions.md,предложено,проверено SQL 2026-09-29,,—
,time_tracker_settings,allow_bill_event_sales_orders,,,,int,нет,1,,,—,—,настройки расширений,count,не переносится: закрытые/платные расширения VTE/ITS4You/SalesPlatform; функции оцениваются в module-decisions.md,предложено,проверено SQL 2026-09-29,,—
,time_tracker_settings,allow_show_in_timesheets,,,,int,нет,1,,,—,—,настройки расширений,count,не переносится: закрытые/платные расширения VTE/ITS4You/SalesPlatform; функции оцениваются в module-decisions.md,предложено,проверено SQL 2026-09-29,,—
,vte_advance_menu_settings_groups,groupid,,,,int,нет,7,,,—,—,настройки расширений,count,не переносится: закрытые/платные расширения VTE/ITS4You/SalesPlatform; функции оцениваются в module-decisions.md,предложено,проверено SQL 2026-09-29,,—
,vte_advance_menu_settings_groups,creator,,,,int,нет,7,,,—,—,настройки расширений,count,не переносится: закрытые/платные расширения VTE/ITS4You/SalesPlatform; функции оцениваются в module-decisions.md,предложено,проверено SQL 2026-09-29,,—
,vte_advance_menu_settings_groups,modified_by,,,,int,нет,7,,,—,—,настройки расширений,count,не переносится: закрытые/платные расширения VTE/ITS4You/SalesPlatform; функции оцениваются в module-decisions.md,предложено,проверено SQL 2026-09-29,,—
,vte_advance_menu_settings_groups,active,,,,int,нет,7,,,—,—,настройки расширений,count,не переносится: закрытые/платные расширения VTE/ITS4You/SalesPlatform; функции оцениваются в module-decisions.md,предложено,проверено SQL 2026-09-29,,—
,vte_advance_menu_settings_groups,group_name,,,,varchar(255),нет,7,,,—,—,настройки расширений,count,не переносится: закрытые/платные расширения VTE/ITS4You/SalesPlatform; функции оцениваются в module-decisions.md,предложено,проверено SQL 2026-09-29,,—
,vte_advance_menu_settings_groups,label,,,,varchar(255),нет,0,,,—,—,настройки расширений,count,не переносится: закрытые/платные расширения VTE/ITS4You/SalesPlatform; функции оцениваются в module-decisions.md,предложено,проверено SQL 2026-09-29,,—
,vte_advance_menu_settings_groups,icon_class,,,,varchar(255),нет,0,,,—,—,настройки расширений,count,не переносится: закрытые/платные расширения VTE/ITS4You/SalesPlatform; функции оцениваются в module-decisions.md,предложено,проверено SQL 2026-09-29,,—
,vte_advance_menu_settings_menu,menuid,,,,int,нет,1,,,—,—,настройки расширений,count,не переносится: закрытые/платные расширения VTE/ITS4You/SalesPlatform; функции оцениваются в module-decisions.md,предложено,проверено SQL 2026-09-29,,—
,vte_advance_menu_settings_menu,creator,,,,int,нет,1,,,—,—,настройки расширений,count,не переносится: закрытые/платные расширения VTE/ITS4You/SalesPlatform; функции оцениваются в module-decisions.md,предложено,проверено SQL 2026-09-29,,—
,vte_advance_menu_settings_menu,modified_by,,,,int,нет,1,,,—,—,настройки расширений,count,не переносится: закрытые/платные расширения VTE/ITS4You/SalesPlatform; функции оцениваются в module-decisions.md,предложено,проверено SQL 2026-09-29,,—
,vte_advance_menu_settings_menu,active,,,,int,нет,1,,,—,—,настройки расширений,count,не переносится: закрытые/платные расширения VTE/ITS4You/SalesPlatform; функции оцениваются в module-decisions.md,предложено,проверено SQL 2026-09-29,,—
,vte_advance_menu_settings_menu,last_module_id,,,,int,нет,1,,,—,—,настройки расширений,count,не переносится: закрытые/платные расширения VTE/ITS4You/SalesPlatform; функции оцениваются в module-decisions.md,предложено,проверено SQL 2026-09-29,,—
,vte_advance_menu_settings_menu_groups_rel,menuid,,,,int,нет,7,,,—,—,настройки расширений,count,не переносится: закрытые/платные расширения VTE/ITS4You/SalesPlatform; функции оцениваются в module-decisions.md,предложено,проверено SQL 2026-09-29,,—
,vte_advance_menu_settings_menu_groups_rel,groupid,,,,int,нет,7,,,—,—,настройки расширений,count,не переносится: закрытые/платные расширения VTE/ITS4You/SalesPlatform; функции оцениваются в module-decisions.md,предложено,проверено SQL 2026-09-29,,—
,vte_advance_menu_settings_menu_items,itemid,,,,int,нет,58,,,—,—,настройки расширений,count,не переносится: закрытые/платные расширения VTE/ITS4You/SalesPlatform; функции оцениваются в module-decisions.md,предложено,проверено SQL 2026-09-29,,—
,vte_advance_menu_settings_menu_items,creator,,,,int,нет,58,,,—,—,настройки расширений,count,не переносится: закрытые/платные расширения VTE/ITS4You/SalesPlatform; функции оцениваются в module-decisions.md,предложено,проверено SQL 2026-09-29,,—
,vte_advance_menu_settings_menu_items,modified_by,,,,int,нет,58,,,—,—,настройки расширений,count,не переносится: закрытые/платные расширения VTE/ITS4You/SalesPlatform; функции оцениваются в module-decisions.md,предложено,проверено SQL 2026-09-29,,—
,vte_advance_menu_settings_menu_items,active,,,,int,нет,58,,,—,—,настройки расширений,count,не переносится: закрытые/платные расширения VTE/ITS4You/SalesPlatform; функции оцениваются в module-decisions.md,предложено,проверено SQL 2026-09-29,,—
,vte_advance_menu_settings_menu_items,groupid,,,,int,нет,58,,,—,—,настройки расширений,count,не переносится: закрытые/платные расширения VTE/ITS4You/SalesPlatform; функции оцениваются в module-decisions.md,предложено,проверено SQL 2026-09-29,,—
,vte_advance_menu_settings_menu_items,menuid,,,,int,нет,58,,,—,—,настройки расширений,count,не переносится: закрытые/платные расширения VTE/ITS4You/SalesPlatform; функции оцениваются в module-decisions.md,предложено,проверено SQL 2026-09-29,,—
,vte_advance_menu_settings_menu_items,type,,,,varchar(255),нет,58,,,—,—,настройки расширений,count,не переносится: закрытые/платные расширения VTE/ITS4You/SalesPlatform; функции оцениваются в module-decisions.md,предложено,проверено SQL 2026-09-29,,—
,vte_advance_menu_settings_menu_items,module,,,,varchar(255),нет,58,,,—,—,настройки расширений,count,не переносится: закрытые/платные расширения VTE/ITS4You/SalesPlatform; функции оцениваются в module-decisions.md,предложено,проверено SQL 2026-09-29,,—
,vte_advance_menu_settings_menu_items,link,,,,text,нет,56,,,—,—,настройки расширений,count,не переносится: закрытые/платные расширения VTE/ITS4You/SalesPlatform; функции оцениваются в module-decisions.md,предложено,проверено SQL 2026-09-29,,—
,vte_advance_menu_settings_menu_items,label,,,,varchar(255),нет,58,,,—,—,настройки расширений,count,не переносится: закрытые/платные расширения VTE/ITS4You/SalesPlatform; функции оцениваются в module-decisions.md,предложено,проверено SQL 2026-09-29,,—
,vte_advance_menu_settings_menu_items,filter,,,,int,нет,0,,,—,—,настройки расширений,count,не переносится: закрытые/платные расширения VTE/ITS4You/SalesPlatform; функции оцениваются в module-decisions.md,предложено,проверено SQL 2026-09-29,,—
,vte_advance_menu_settings_menu_items,sequence,,,,int,нет,58,,,—,—,настройки расширений,count,не переносится: закрытые/платные расширения VTE/ITS4You/SalesPlatform; функции оцениваются в module-decisions.md,предложено,проверено SQL 2026-09-29,,—
,vte_calendarhorizontal_user_profiles,id,,,,int,нет,1,,,—,—,настройки расширений,count,не переносится: закрытые/платные расширения VTE/ITS4You/SalesPlatform; функции оцениваются в module-decisions.md,предложено,проверено SQL 2026-09-29,,—
,vte_calendarhorizontal_user_profiles,type,,,,varchar(255),нет,1,,,—,—,настройки расширений,count,не переносится: закрытые/платные расширения VTE/ITS4You/SalesPlatform; функции оцениваются в module-decisions.md,предложено,проверено SQL 2026-09-29,,—
,vte_calendarhorizontal_user_profiles,user_id,,,,int,нет,1,,,—,—,настройки расширений,count,не переносится: закрытые/платные расширения VTE/ITS4You/SalesPlatform; функции оцениваются в module-decisions.md,предложено,проверено SQL 2026-09-29,,—
,vte_calendarhorizontal_user_profiles,params,,,,text,нет,1,,,—,—,настройки расширений,count,не переносится: закрытые/платные расширения VTE/ITS4You/SalesPlatform; функции оцениваются в module-decisions.md,предложено,проверено SQL 2026-09-29,,—
,vte_calendarpopup_modules,selected_modules,,,,text,нет,1,,,—,—,настройки расширений,count,не переносится: закрытые/платные расширения VTE/ITS4You/SalesPlatform; функции оцениваются в module-decisions.md,предложено,проверено SQL 2026-09-29,,—
,vte_comments_settings,enable,,,,int,нет,1,,,—,—,настройки расширений,count,не переносится: закрытые/платные расширения VTE/ITS4You/SalesPlatform; функции оцениваются в module-decisions.md,предложено,проверено SQL 2026-09-29,,—
,vte_comments_settings,enable_richtext,,,,int,нет,1,,,—,—,настройки расширений,count,не переносится: закрытые/платные расширения VTE/ITS4You/SalesPlatform; функции оцениваются в module-decisions.md,предложено,проверено SQL 2026-09-29,,—
,vte_comments_settings,tag_feature,,,,int,нет,1,,,—,—,настройки расширений,count,не переносится: закрытые/платные расширения VTE/ITS4You/SalesPlatform; функции оцениваются в module-decisions.md,предложено,проверено SQL 2026-09-29,,—
,vte_comments_settings,row_to_show,,,,int,нет,1,,,—,—,настройки расширений,count,не переносится: закрытые/платные расширения VTE/ITS4You/SalesPlatform; функции оцениваются в module-decisions.md,предложено,проверено SQL 2026-09-29,,—
,vte_comments_settings,always_show,,,,int,нет,1,,,—,—,настройки расширений,count,не переносится: закрытые/платные расширения VTE/ITS4You/SalesPlatform; функции оцениваются в module-decisions.md,предложено,проверено SQL 2026-09-29,,—
,vte_comments_settings,email_ticket,,,,int,нет,0,,,—,—,настройки расширений,count,не переносится: закрытые/платные расширения VTE/ITS4You/SalesPlatform; функции оцениваются в module-decisions.md,предложено,проверено SQL 2026-09-29,,—
,vte_comments_settings,text_length,,,,int,нет,1,,,—,—,настройки расширений,count,не переносится: закрытые/платные расширения VTE/ITS4You/SalesPlatform; функции оцениваются в module-decisions.md,предложено,проверено SQL 2026-09-29,,—
,vte_comments_settings,order_by,,,,varchar(10),нет,1,,,—,—,настройки расширений,count,не переносится: закрытые/платные расширения VTE/ITS4You/SalesPlatform; функции оцениваются в module-decisions.md,предложено,проверено SQL 2026-09-29,,—
,vte_conditional_alerts,id,,,,int,нет,1,,,—,—,настройки расширений,count,не переносится: закрытые/платные расширения VTE/ITS4You/SalesPlatform; функции оцениваются в module-decisions.md,предложено,проверено SQL 2026-09-29,,—
,vte_conditional_alerts,module,,,,varchar(50),нет,1,,,—,—,настройки расширений,count,не переносится: закрытые/платные расширения VTE/ITS4You/SalesPlatform; функции оцениваются в module-decisions.md,предложено,проверено SQL 2026-09-29,,—
,vte_conditional_alerts,description,,,,varchar(255),нет,1,,,—,—,настройки расширений,count,не переносится: закрытые/платные расширения VTE/ITS4You/SalesPlatform; функции оцениваются в module-decisions.md,предложено,проверено SQL 2026-09-29,,—
,vte_conditional_alerts,field,,,,varchar(255),нет,0,,,—,—,настройки расширений,count,не переносится: закрытые/платные расширения VTE/ITS4You/SalesPlatform; функции оцениваются в module-decisions.md,предложено,проверено SQL 2026-09-29,,—
,vte_conditional_alerts,condition,,,,text,нет,1,,,—,—,настройки расширений,count,не переносится: закрытые/платные расширения VTE/ITS4You/SalesPlatform; функции оцениваются в module-decisions.md,предложено,проверено SQL 2026-09-29,,—
,vte_conditional_alerts,layout,,,,varchar(255),нет,0,,,—,—,настройки расширений,count,не переносится: закрытые/платные расширения VTE/ITS4You/SalesPlatform; функции оцениваются в module-decisions.md,предложено,проверено SQL 2026-09-29,,—
,vte_conditional_alerts_task,id,,,,int,нет,1,,,—,—,настройки расширений,count,не переносится: закрытые/платные расширения VTE/ITS4You/SalesPlatform; функции оцениваются в module-decisions.md,предложено,проверено SQL 2026-09-29,,—
,vte_conditional_alerts_task,cat_id,,,,int,нет,1,,,—,—,настройки расширений,count,не переносится: закрытые/платные расширения VTE/ITS4You/SalesPlatform; функции оцениваются в module-decisions.md,предложено,проверено SQL 2026-09-29,,—
,vte_conditional_alerts_task,action_title,,,,varchar(255),нет,1,,,—,—,настройки расширений,count,не переносится: закрытые/платные расширения VTE/ITS4You/SalesPlatform; функции оцениваются в module-decisions.md,предложено,проверено SQL 2026-09-29,,—
,vte_conditional_alerts_task,alert_while_edit,,,,smallint,нет,1,,,—,—,настройки расширений,count,не переносится: закрытые/платные расширения VTE/ITS4You/SalesPlatform; функции оцениваются в module-decisions.md,предложено,проверено SQL 2026-09-29,,—
,vte_conditional_alerts_task,alert_when_open,,,,smallint,нет,1,,,—,—,настройки расширений,count,не переносится: закрытые/платные расширения VTE/ITS4You/SalesPlatform; функции оцениваются в module-decisions.md,предложено,проверено SQL 2026-09-29,,—
,vte_conditional_alerts_task,alert_on_save,,,,smallint,нет,1,,,—,—,настройки расширений,count,не переносится: закрытые/платные расширения VTE/ITS4You/SalesPlatform; функции оцениваются в module-decisions.md,предложено,проверено SQL 2026-09-29,,—
,vte_conditional_alerts_task,donot_allow_to_save,,,,smallint,нет,1,,,—,—,настройки расширений,count,не переносится: закрытые/платные расширения VTE/ITS4You/SalesPlatform; функции оцениваются в module-decisions.md,предложено,проверено SQL 2026-09-29,,—
,vte_conditional_alerts_task,active,,,,smallint,нет,1,,,—,—,настройки расширений,count,не переносится: закрытые/платные расширения VTE/ITS4You/SalesPlatform; функции оцениваются в module-decisions.md,предложено,проверено SQL 2026-09-29,,—
,vte_conditional_alerts_task,actions,,,,text,нет,0,,,—,—,настройки расширений,count,не переносится: закрытые/платные расширения VTE/ITS4You/SalesPlatform; функции оцениваются в module-decisions.md,предложено,проверено SQL 2026-09-29,,—
,vte_conditional_alerts_task,description,,,,text,нет,1,,,—,—,настройки расширений,count,не переносится: закрытые/платные расширения VTE/ITS4You/SalesPlatform; функции оцениваются в module-decisions.md,предложено,проверено SQL 2026-09-29,,—
,vte_default_widgets,id,,,,int,нет,1,,,—,—,настройки расширений,count,не переносится: закрытые/платные расширения VTE/ITS4You/SalesPlatform; функции оцениваются в module-decisions.md,предложено,проверено SQL 2026-09-29,,—
,vte_default_widgets,tabid,,,,int,нет,1,,,—,—,настройки расширений,count,не переносится: закрытые/платные расширения VTE/ITS4You/SalesPlatform; функции оцениваются в module-decisions.md,предложено,проверено SQL 2026-09-29,,—
,vte_default_widgets,all_widget,,,,tinyint(1),нет,1,,,—,—,настройки расширений,count,не переносится: закрытые/платные расширения VTE/ITS4You/SalesPlatform; функции оцениваются в module-decisions.md,предложено,проверено SQL 2026-09-29,,—
,vte_default_widgets,comments_widget,,,,tinyint(1),нет,1,,,—,—,настройки расширений,count,не переносится: закрытые/платные расширения VTE/ITS4You/SalesPlatform; функции оцениваются в module-decisions.md,предложено,проверено SQL 2026-09-29,,—
,vte_default_widgets,activities_widget,,,,tinyint(1),нет,1,,,—,—,настройки расширений,count,не переносится: закрытые/платные расширения VTE/ITS4You/SalesPlatform; функции оцениваются в module-decisions.md,предложено,проверено SQL 2026-09-29,,—
,vte_default_widgets,update_widget,,,,tinyint(1),нет,1,,,—,—,настройки расширений,count,не переносится: закрытые/платные расширения VTE/ITS4You/SalesPlatform; функции оцениваются в module-decisions.md,предложено,проверено SQL 2026-09-29,,—
,vte_default_widgets,document_widget,,,,tinyint(1),нет,1,,,—,—,настройки расширений,count,не переносится: закрытые/платные расширения VTE/ITS4You/SalesPlatform; функции оцениваются в module-decisions.md,предложено,проверено SQL 2026-09-29,,—
,vte_default_widgets,helpdesk_widget,,,,tinyint(1),нет,1,,,—,—,настройки расширений,count,не переносится: закрытые/платные расширения VTE/ITS4You/SalesPlatform; функции оцениваются в module-decisions.md,предложено,проверено SQL 2026-09-29,,—
,vte_default_widgets,milestones_widget,,,,tinyint(1),нет,1,,,—,—,настройки расширений,count,не переносится: закрытые/платные расширения VTE/ITS4You/SalesPlatform; функции оцениваются в module-decisions.md,предложено,проверено SQL 2026-09-29,,—
,vte_default_widgets,tasks_widget,,,,tinyint(1),нет,1,,,—,—,настройки расширений,count,не переносится: закрытые/платные расширения VTE/ITS4You/SalesPlatform; функции оцениваются в module-decisions.md,предложено,проверено SQL 2026-09-29,,—
,vte_default_widgets,contact_widget,,,,tinyint(1),нет,1,,,—,—,настройки расширений,count,не переносится: закрытые/платные расширения VTE/ITS4You/SalesPlatform; функции оцениваются в module-decisions.md,предложено,проверено SQL 2026-09-29,,—
,vte_default_widgets,product_widget,,,,tinyint(1),нет,1,,,—,—,настройки расширений,count,не переносится: закрытые/платные расширения VTE/ITS4You/SalesPlatform; функции оцениваются в module-decisions.md,предложено,проверено SQL 2026-09-29,,—
,vte_duplicate_check_merge_setting,id,,,,int,нет,3,,,—,—,настройки расширений,count,не переносится: закрытые/платные расширения VTE/ITS4You/SalesPlatform; функции оцениваются в module-decisions.md,предложено,проверено SQL 2026-09-29,,—
,vte_duplicate_check_merge_setting,module,,,,varchar(255),нет,3,,,—,—,настройки расширений,count,не переносится: закрытые/платные расширения VTE/ITS4You/SalesPlatform; функции оцениваются в module-decisions.md,предложено,проверено SQL 2026-09-29,,—
,vte_duplicate_check_merge_setting,fields,,,,text,нет,3,,,—,—,настройки расширений,count,не переносится: закрытые/платные расширения VTE/ITS4You/SalesPlatform; функции оцениваются в module-decisions.md,предложено,проверено SQL 2026-09-29,,—
,vte_emailconverter_actions,id,,,,int,нет,4,,,—,—,настройки расширений,count,не переносится: закрытые/платные расширения VTE/ITS4You/SalesPlatform; функции оцениваются в module-decisions.md,предложено,проверено SQL 2026-09-29,,—
,vte_emailconverter_actions,action,,,,varchar(255),нет,4,,,—,—,настройки расширений,count,не переносится: закрытые/платные расширения VTE/ITS4You/SalesPlatform; функции оцениваются в module-decisions.md,предложено,проверено SQL 2026-09-29,,—
,vte_emailconverter_actions,action_name,,,,varchar(255),нет,4,,,—,—,настройки расширений,count,не переносится: закрытые/платные расширения VTE/ITS4You/SalesPlatform; функции оцениваются в module-decisions.md,предложено,проверено SQL 2026-09-29,,—
,vte_emailconverter_actions,modulename1,,,,varchar(255),нет,4,,,—,—,настройки расширений,count,не переносится: закрытые/платные расширения VTE/ITS4You/SalesPlatform; функции оцениваются в module-decisions.md,предложено,проверено SQL 2026-09-29,,—
,vte_emailconverter_actions,modulename2,,,,varchar(255),нет,2,,,—,—,настройки расширений,count,не переносится: закрытые/платные расширения VTE/ITS4You/SalesPlatform; функции оцениваются в module-decisions.md,предложено,проверено SQL 2026-09-29,,—
,vte_google_apikey,google_apikey,,,,varchar(39),нет,1,,,—,—,настройки расширений,count,не переносится: закрытые/платные расширения VTE/ITS4You/SalesPlatform; функции оцениваются в module-decisions.md,предложено,проверено SQL 2026-09-29,,—
,vte_googleaddress,id,,,,int,нет,14,,,—,—,настройки расширений,count,не переносится: закрытые/платные расширения VTE/ITS4You/SalesPlatform; функции оцениваются в module-decisions.md,предложено,проверено SQL 2026-09-29,,—
,vte_googleaddress,address_name,,,,varchar(250),нет,14,,,—,—,настройки расширений,count,не переносится: закрытые/платные расширения VTE/ITS4You/SalesPlatform; функции оцениваются в module-decisions.md,предложено,проверено SQL 2026-09-29,,—
,vte_googleaddress,module_name,,,,varchar(250),нет,14,,,—,—,настройки расширений,count,не переносится: закрытые/платные расширения VTE/ITS4You/SalesPlatform; функции оцениваются в module-decisions.md,предложено,проверено SQL 2026-09-29,,—
,vte_googleaddress,status,,,,varchar(250),нет,14,,,—,—,настройки расширений,count,не переносится: закрытые/платные расширения VTE/ITS4You/SalesPlatform; функции оцениваются в module-decisions.md,предложено,проверено SQL 2026-09-29,,—
,vte_googleaddress_config,address_id,,,,int,нет,70,,,—,—,настройки расширений,count,не переносится: закрытые/платные расширения VTE/ITS4You/SalesPlatform; функции оцениваются в module-decisions.md,предложено,проверено SQL 2026-09-29,,—
,vte_googleaddress_config,google_fields,,,,varchar(250),нет,70,,,—,—,настройки расширений,count,не переносится: закрытые/платные расширения VTE/ITS4You/SalesPlatform; функции оцениваются в module-decisions.md,предложено,проверено SQL 2026-09-29,,—
,vte_googleaddress_config,vtiger_fields,,,,varchar(250),нет,70,,,—,—,настройки расширений,count,не переносится: закрытые/платные расширения VTE/ITS4You/SalesPlatform; функции оцениваются в module-decisions.md,предложено,проверено SQL 2026-09-29,,—
,vte_history_log_settings,id,,,,int,нет,1,,,—,—,настройки расширений,count,не переносится: закрытые/платные расширения VTE/ITS4You/SalesPlatform; функции оцениваются в module-decisions.md,предложено,проверено SQL 2026-09-29,,—
,vte_history_log_settings,params,,,,longtext,нет,1,,,—,—,настройки расширений,count,не переносится: закрытые/платные расширения VTE/ITS4You/SalesPlatform; функции оцениваются в module-decisions.md,предложено,проверено SQL 2026-09-29,,—
,vte_listview_colors,id,,,,int,нет,1,,,—,—,настройки расширений,count,не переносится: закрытые/платные расширения VTE/ITS4You/SalesPlatform; функции оцениваются в module-decisions.md,предложено,проверено SQL 2026-09-29,,—
,vte_listview_colors,modulename,,,,varchar(100),нет,1,,,—,—,настройки расширений,count,не переносится: закрытые/платные расширения VTE/ITS4You/SalesPlatform; функции оцениваются в module-decisions.md,предложено,проверено SQL 2026-09-29,,—
,vte_listview_colors,condition_name,,,,text,нет,1,,,—,—,настройки расширений,count,не переносится: закрытые/платные расширения VTE/ITS4You/SalesPlatform; функции оцениваются в module-decisions.md,предложено,проверено SQL 2026-09-29,,—
,vte_listview_colors,text_color,,,,varchar(100),нет,1,,,—,—,настройки расширений,count,не переносится: закрытые/платные расширения VTE/ITS4You/SalesPlatform; функции оцениваются в module-decisions.md,предложено,проверено SQL 2026-09-29,,—
,vte_listview_colors,bg_color,,,,varchar(100),нет,1,,,—,—,настройки расширений,count,не переносится: закрытые/платные расширения VTE/ITS4You/SalesPlatform; функции оцениваются в module-decisions.md,предложено,проверено SQL 2026-09-29,,—
,vte_listview_colors,related_record_color,,,,varchar(100),нет,0,,,—,—,настройки расширений,count,не переносится: закрытые/платные расширения VTE/ITS4You/SalesPlatform; функции оцениваются в module-decisions.md,предложено,проверено SQL 2026-09-29,,—
,vte_listview_colors,conditions,,,,text,нет,1,,,—,—,настройки расширений,count,не переносится: закрытые/платные расширения VTE/ITS4You/SalesPlatform; функции оцениваются в module-decisions.md,предложено,проверено SQL 2026-09-29,,—
,vte_listview_colors,conditions_count,,,,int,нет,1,,,—,—,настройки расширений,count,не переносится: закрытые/платные расширения VTE/ITS4You/SalesPlatform; функции оцениваются в module-decisions.md,предложено,проверено SQL 2026-09-29,,—
,vte_listview_colors,priority,,,,int,нет,1,,,—,—,настройки расширений,count,не переносится: закрытые/платные расширения VTE/ITS4You/SalesPlatform; функции оцениваются в module-decisions.md,предложено,проверено SQL 2026-09-29,,—
,vte_listview_colors,status,,,,varchar(50),нет,1,,,—,—,настройки расширений,count,не переносится: закрытые/платные расширения VTE/ITS4You/SalesPlatform; функции оцениваются в module-decisions.md,предложено,проверено SQL 2026-09-29,,—
,vte_modules,module,,,,varchar(50),нет,41,,,—,—,настройки расширений,count,не переносится: закрытые/платные расширения VTE/ITS4You/SalesPlatform; функции оцениваются в module-decisions.md,предложено,проверено SQL 2026-09-29,,—
,vte_modules,valid,,,,int,нет,41,,,—,—,настройки расширений,count,не переносится: закрытые/платные расширения VTE/ITS4You/SalesPlatform; функции оцениваются в module-decisions.md,предложено,проверено SQL 2026-09-29,,—
,vte_quick_edit,status,,,,int,нет,1,,,—,—,настройки расширений,count,не переносится: закрытые/платные расширения VTE/ITS4You/SalesPlatform; функции оцениваются в module-decisions.md,предложено,проверено SQL 2026-09-29,,—
,vte_reports_folder,folderid,,,,int,нет,1,,,—,—,настройки расширений,count,не переносится: закрытые/платные расширения VTE/ITS4You/SalesPlatform; функции оцениваются в module-decisions.md,предложено,проверено SQL 2026-09-29,,—
,vte_reports_folder,foldername,,,,varchar(255),нет,1,,,—,—,настройки расширений,count,не переносится: закрытые/платные расширения VTE/ITS4You/SalesPlatform; функции оцениваются в module-decisions.md,предложено,проверено SQL 2026-09-29,,—
,vte_reports_folder,description,,,,varchar(250),нет,1,,,—,—,настройки расширений,count,не переносится: закрытые/платные расширения VTE/ITS4You/SalesPlatform; функции оцениваются в module-decisions.md,предложено,проверено SQL 2026-09-29,,—
,vte_reports_folder,state,,,,varchar(50),нет,1,,,—,—,настройки расширений,count,не переносится: закрытые/платные расширения VTE/ITS4You/SalesPlatform; функции оцениваются в module-decisions.md,предложено,проверено SQL 2026-09-29,,—
,vte_reports_folder,ownerid,,,,int,нет,1,,,—,—,настройки расширений,count,не переносится: закрытые/платные расширения VTE/ITS4You/SalesPlatform; функции оцениваются в module-decisions.md,предложено,проверено SQL 2026-09-29,,—
,vte_reports_selectquery_seq,id,,,,int,нет,1,,,—,—,последовательность,count,не переносится: счётчики EspoCRM свои; следующий номер документов задаётся настройкой нумерации,предложено,проверено SQL 2026-09-29,,—
,vte_user_login,id,,,,int,нет,1,,,—,—,настройки расширений,count,не переносится: закрытые/платные расширения VTE/ITS4You/SalesPlatform; функции оцениваются в module-decisions.md,предложено,проверено SQL 2026-09-29,,—
,vte_user_login,header,,,,varchar(255),нет,1,,,—,—,настройки расширений,count,не переносится: закрытые/платные расширения VTE/ITS4You/SalesPlatform; функции оцениваются в module-decisions.md,предложено,проверено SQL 2026-09-29,,—
,vte_user_login,description,,,,text,нет,1,,,—,—,настройки расширений,count,не переносится: закрытые/платные расширения VTE/ITS4You/SalesPlatform; функции оцениваются в module-decisions.md,предложено,проверено SQL 2026-09-29,,—
,vte_user_login,logo,,,,varchar(255),нет,1,,,—,—,настройки расширений,count,не переносится: закрытые/платные расширения VTE/ITS4You/SalesPlatform; функции оцениваются в module-decisions.md,предложено,проверено SQL 2026-09-29,,—
,vte_user_login,social_facebook,,,,varchar(255),нет,1,,,—,—,настройки расширений,count,не переносится: закрытые/платные расширения VTE/ITS4You/SalesPlatform; функции оцениваются в module-decisions.md,предложено,проверено SQL 2026-09-29,,—
,vte_user_login,social_twitter,,,,varchar(255),нет,1,,,—,—,настройки расширений,count,не переносится: закрытые/платные расширения VTE/ITS4You/SalesPlatform; функции оцениваются в module-decisions.md,предложено,проверено SQL 2026-09-29,,—
,vte_user_login,social_linkedin,,,,varchar(255),нет,0,,,—,—,настройки расширений,count,не переносится: закрытые/платные расширения VTE/ITS4You/SalesPlatform; функции оцениваются в module-decisions.md,предложено,проверено SQL 2026-09-29,,—
,vte_user_login,social_youtube,,,,varchar(255),нет,1,,,—,—,настройки расширений,count,не переносится: закрытые/платные расширения VTE/ITS4You/SalesPlatform; функции оцениваются в module-decisions.md,предложено,проверено SQL 2026-09-29,,—
,vte_user_login,copyright,,,,text,нет,1,,,—,—,настройки расширений,count,не переносится: закрытые/платные расширения VTE/ITS4You/SalesPlatform; функции оцениваются в module-decisions.md,предложено,проверено SQL 2026-09-29,,—
,vte_user_login,images,,,,text,нет,1,,,—,—,настройки расширений,count,не переносится: закрытые/платные расширения VTE/ITS4You/SalesPlatform; функции оцениваются в module-decisions.md,предложено,проверено SQL 2026-09-29,,—
,vte_user_login,slide_type,,,,varchar(255),нет,1,,,—,—,настройки расширений,count,не переносится: закрытые/платные расширения VTE/ITS4You/SalesPlatform; функции оцениваются в module-decisions.md,предложено,проверено SQL 2026-09-29,,—
,vte_user_login,slide_speed,,,,int,нет,1,,,—,—,настройки расширений,count,не переносится: закрытые/платные расширения VTE/ITS4You/SalesPlatform; функции оцениваются в module-decisions.md,предложено,проверено SQL 2026-09-29,,—
,vte_user_login,slide_easing,,,,varchar(255),нет,1,,,—,—,настройки расширений,count,не переносится: закрытые/платные расширения VTE/ITS4You/SalesPlatform; функции оцениваются в module-decisions.md,предложено,проверено SQL 2026-09-29,,—
,vte_widgets,id,,,,int,нет,1,,,—,—,настройки расширений,count,не переносится: закрытые/платные расширения VTE/ITS4You/SalesPlatform; функции оцениваются в module-decisions.md,предложено,проверено SQL 2026-09-29,,—
,vte_widgets,tabid,,,,int,нет,1,,,—,—,настройки расширений,count,не переносится: закрытые/платные расширения VTE/ITS4You/SalesPlatform; функции оцениваются в module-decisions.md,предложено,проверено SQL 2026-09-29,,—
,vte_widgets,type,,,,varchar(30),нет,1,,,—,—,настройки расширений,count,не переносится: закрытые/платные расширения VTE/ITS4You/SalesPlatform; функции оцениваются в module-decisions.md,предложено,проверено SQL 2026-09-29,,—
,vte_widgets,label,,,,varchar(100),нет,1,,,—,—,настройки расширений,count,не переносится: закрытые/платные расширения VTE/ITS4You/SalesPlatform; функции оцениваются в module-decisions.md,предложено,проверено SQL 2026-09-29,,—
,vte_widgets,wcol,,,,tinyint(1),нет,1,,,—,—,настройки расширений,count,не переносится: закрытые/платные расширения VTE/ITS4You/SalesPlatform; функции оцениваются в module-decisions.md,предложено,проверено SQL 2026-09-29,,—
,vte_widgets,sequence,,,,tinyint,нет,1,,,—,—,настройки расширений,count,не переносится: закрытые/платные расширения VTE/ITS4You/SalesPlatform; функции оцениваются в module-decisions.md,предложено,проверено SQL 2026-09-29,,—
,vte_widgets,nomargin,,,,tinyint(1),нет,0,,,—,—,настройки расширений,count,не переносится: закрытые/платные расширения VTE/ITS4You/SalesPlatform; функции оцениваются в module-decisions.md,предложено,проверено SQL 2026-09-29,,—
,vte_widgets,data,,,,text,нет,1,,,—,—,настройки расширений,count,не переносится: закрытые/платные расширения VTE/ITS4You/SalesPlatform; функции оцениваются в module-decisions.md,предложено,проверено SQL 2026-09-29,,—
,vte_widgets,isactive,,,,int,нет,1,,,—,—,настройки расширений,count,не переносится: закрытые/платные расширения VTE/ITS4You/SalesPlatform; функции оцениваются в module-decisions.md,предложено,проверено SQL 2026-09-29,,—
,vteemailmarketing_settings,enable,,,,int,нет,1,,,—,—,настройки расширений,count,не переносится: закрытые/платные расширения VTE/ITS4You/SalesPlatform; функции оцениваются в module-decisions.md,предложено,проверено SQL 2026-09-29,,—
,vtepopupreminder_settings,enable,,,,int,нет,1,,,—,—,настройки расширений,count,не переносится: закрытые/платные расширения VTE/ITS4You/SalesPlatform; функции оцениваются в module-decisions.md,предложено,проверено SQL 2026-09-29,,—
,vtestore_system_info,name,,,,varchar(100),нет,1,,,—,—,настройки расширений,count,не переносится: закрытые/платные расширения VTE/ITS4You/SalesPlatform; функции оцениваются в module-decisions.md,предложено,проверено SQL 2026-09-29,,—
,vtestore_system_info,value,,,,longtext,нет,1,,,—,—,настройки расширений,count,не переносится: закрытые/платные расширения VTE/ITS4You/SalesPlatform; функции оцениваются в module-decisions.md,предложено,проверено SQL 2026-09-29,,—
,vtestore_system_info,description,,,,text,нет,1,,,—,—,настройки расширений,count,не переносится: закрытые/платные расширения VTE/ITS4You/SalesPlatform; функции оцениваются в module-decisions.md,предложено,проверено SQL 2026-09-29,,—
,vtiger_account,accountid,,,,int,нет,182,180,180,—,(ключ записи),первичный ключ модульной таблицы = crmid,count,перенос,предложено,проверено SQL 2026-09-29,,ключ записи → vtigerId
,vtiger_accountbillads,accountaddressid,,,,int,нет,182,180,180,—,(ключ записи),первичный ключ модульной таблицы = crmid,count,перенос,предложено,проверено SQL 2026-09-29,,ключ записи → vtigerId
,vtiger_accountscf,accountid,,,,int,нет,182,180,180,—,(ключ записи),первичный ключ модульной таблицы = crmid,count,перенос,предложено,проверено SQL 2026-09-29,,ключ записи → vtigerId
,vtiger_accountshipads,accountaddressid,,,,int,нет,182,180,180,—,(ключ записи),первичный ключ модульной таблицы = crmid,count,перенос,предложено,проверено SQL 2026-09-29,,ключ записи → vtigerId
,vtiger_accounttype,accounttypeid,,,,int,нет,11,,,—,entityDefs options,справочник значений пикл-листа,count,переносится как опции enum в метаданных EspoCRM (фактически используемые значения — в source-inventory),реализовано (этап 03),проверено SQL 2026-09-29,,"ok: опции Account.type (metadata/vtigerValueMap, D-19, Q-32)"
,vtiger_accounttype,accounttype,,,,varchar(200),нет,11,,,—,entityDefs options,справочник значений пикл-листа,count,переносится как опции enum в метаданных EspoCRM (фактически используемые значения — в source-inventory),реализовано (этап 03),проверено SQL 2026-09-29,,"ok: опции Account.type (metadata/vtigerValueMap, D-19, Q-32)"
,vtiger_accounttype,presence,,,,int,нет,11,,,—,entityDefs options,справочник значений пикл-листа,count,переносится как опции enum в метаданных EspoCRM (фактически используемые значения — в source-inventory),реализовано (этап 03),проверено SQL 2026-09-29,,"ok: опции Account.type (metadata/vtigerValueMap, D-19, Q-32)"
,vtiger_accounttype,picklist_valueid,,,,int,нет,11,,,—,entityDefs options,справочник значений пикл-листа,count,переносится как опции enum в метаданных EspoCRM (фактически используемые значения — в source-inventory),реализовано (этап 03),проверено SQL 2026-09-29,,"ok: опции Account.type (metadata/vtigerValueMap, D-19, Q-32)"
,vtiger_accounttype,sortorderid,,,,int,нет,11,,,—,entityDefs options,справочник значений пикл-листа,count,переносится как опции enum в метаданных EspoCRM (фактически используемые значения — в source-inventory),реализовано (этап 03),проверено SQL 2026-09-29,,"ok: опции Account.type (metadata/vtigerValueMap, D-19, Q-32)"
,vtiger_accounttype,color,,,,varchar(10),нет,0,,,—,entityDefs options,справочник значений пикл-листа,count,переносится как опции enum в метаданных EspoCRM (фактически используемые значения — в source-inventory),реализовано (этап 03),проверено SQL 2026-09-29,,"ok: опции Account.type (metadata/vtigerValueMap, D-19, Q-32)"
,vtiger_accounttype_seq,id,,,,int,нет,1,,,—,—,последовательность,count,не переносится: счётчики EspoCRM свои; следующий номер документов задаётся настройкой нумерации,предложено,проверено SQL 2026-09-29,,—
,vtiger_actionmapping,actionid,,,,int,нет,26,,,—,—,метаданные/настройки Vtiger,count,не переносится: используется как источник проектирования модели и настроек,предложено,проверено SQL 2026-09-29,,—
,vtiger_actionmapping,actionname,,,,varchar(200),нет,26,,,—,—,метаданные/настройки Vtiger,count,не переносится: используется как источник проектирования модели и настроек,предложено,проверено SQL 2026-09-29,,—
,vtiger_actionmapping,securitycheck,,,,int,нет,26,,,—,—,метаданные/настройки Vtiger,count,не переносится: используется как источник проектирования модели и настроек,предложено,проверено SQL 2026-09-29,,—
,vtiger_activity,activityid,,,,int,нет,366,115,115,—,(ключ записи),первичный ключ модульной таблицы = crmid,count,перенос,предложено,проверено SQL 2026-09-29,,ключ записи → vtigerId
,vtiger_activity_reminder,activity_id,,,,int,нет,64,64,64,—,(ключ записи),первичный ключ модульной таблицы = crmid,count,перенос,предложено,проверено SQL 2026-09-29,,ключ записи → vtigerId
,vtiger_activity_reminder,reminder_sent,,,,int,нет,64,64,0,—,,служебное,count,исключено: служебное,предложено,проверено SQL 2026-09-29,,—
,vtiger_activity_reminder,recurringid,,,,int,нет,64,64,0,—,,служебное,count,исключено: служебное,предложено,проверено SQL 2026-09-29,,—
,vtiger_activity_reminder_popup,reminderid,,,,int,нет,12,,,—,—,кэш/индексы,count,не переносится: производные данные,предложено,проверено SQL 2026-09-29,,—
,vtiger_activity_reminder_popup,semodule,,,,varchar(100),нет,12,,,—,—,кэш/индексы,count,не переносится: производные данные,предложено,проверено SQL 2026-09-29,,—
,vtiger_activity_reminder_popup,recordid,,,,int,нет,12,,,—,—,кэш/индексы,count,не переносится: производные данные,предложено,проверено SQL 2026-09-29,,—
,vtiger_activity_reminder_popup,date_start,,,,date,нет,10,,,—,—,кэш/индексы,count,не переносится: производные данные,предложено,проверено SQL 2026-09-29,,—
,vtiger_activity_reminder_popup,time_start,,,,varchar(100),нет,12,,,—,—,кэш/индексы,count,не переносится: производные данные,предложено,проверено SQL 2026-09-29,,—
,vtiger_activity_reminder_popup,status,,,,int,нет,12,,,—,—,кэш/индексы,count,не переносится: производные данные,предложено,проверено SQL 2026-09-29,,—
,vtiger_activity_view,activity_viewid,,,,int,нет,5,,,—,—,пользовательские настройки,count,не переносится: настройки Preferences EspoCRM,предложено,проверено SQL 2026-09-29,,—
,vtiger_activity_view,activity_view,,,,varchar(200),нет,5,,,—,—,пользовательские настройки,count,не переносится: настройки Preferences EspoCRM,предложено,проверено SQL 2026-09-29,,—
,vtiger_activity_view,sortorderid,,,,int,нет,5,,,—,—,пользовательские настройки,count,не переносится: настройки Preferences EspoCRM,предложено,проверено SQL 2026-09-29,,—
,vtiger_activity_view,presence,,,,int,нет,5,,,—,—,пользовательские настройки,count,не переносится: настройки Preferences EspoCRM,предложено,проверено SQL 2026-09-29,,—
,vtiger_activity_view_seq,id,,,,int,нет,1,,,—,—,последовательность,count,не переносится: счётчики EspoCRM свои; следующий номер документов задаётся настройкой нумерации,предложено,проверено SQL 2026-09-29,,—
,vtiger_activitycf,activityid,,,,int,нет,186,,,—,—,таблица кастомных полей без данных,count,только ключ записи; кастомных колонок с данными нет,предложено,проверено SQL 2026-09-29,,—
,vtiger_activitytype,activitytypeid,,,,int,нет,5,,,—,entityDefs options,справочник значений пикл-листа,count,переносится как опции enum в метаданных EspoCRM (фактически используемые значения — в source-inventory),предложено,проверено SQL 2026-09-29,,определяет сущность (Call/Meeting/Task); «Письмо» → Task.cTaskType
,vtiger_activitytype,activitytype,,,,varchar(200),нет,5,,,—,entityDefs options,справочник значений пикл-листа,count,переносится как опции enum в метаданных EspoCRM (фактически используемые значения — в source-inventory),предложено,проверено SQL 2026-09-29,,определяет сущность (Call/Meeting/Task); «Письмо» → Task.cTaskType
,vtiger_activitytype,presence,,,,int,нет,5,,,—,entityDefs options,справочник значений пикл-листа,count,переносится как опции enum в метаданных EspoCRM (фактически используемые значения — в source-inventory),предложено,проверено SQL 2026-09-29,,определяет сущность (Call/Meeting/Task); «Письмо» → Task.cTaskType
,vtiger_activitytype,picklist_valueid,,,,int,нет,5,,,—,entityDefs options,справочник значений пикл-листа,count,переносится как опции enum в метаданных EspoCRM (фактически используемые значения — в source-inventory),предложено,проверено SQL 2026-09-29,,определяет сущность (Call/Meeting/Task); «Письмо» → Task.cTaskType
,vtiger_activitytype,sortorderid,,,,int,нет,5,,,—,entityDefs options,справочник значений пикл-листа,count,переносится как опции enum в метаданных EspoCRM (фактически используемые значения — в source-inventory),предложено,проверено SQL 2026-09-29,,определяет сущность (Call/Meeting/Task); «Письмо» → Task.cTaskType
,vtiger_activitytype,color,,,,varchar(10),нет,1,,,—,entityDefs options,справочник значений пикл-листа,count,переносится как опции enum в метаданных EspoCRM (фактически используемые значения — в source-inventory),предложено,проверено SQL 2026-09-29,,определяет сущность (Call/Meeting/Task); «Письмо» → Task.cTaskType
,vtiger_activitytype_seq,id,,,,int,нет,1,,,—,—,последовательность,count,не переносится: счётчики EspoCRM свои; следующий номер документов задаётся настройкой нумерации,предложено,проверено SQL 2026-09-29,,—
,vtiger_app2tab,tabid,,,,int,нет,66,,,—,—,метаданные/настройки Vtiger,count,не переносится: используется как источник проектирования модели и настроек,предложено,проверено SQL 2026-09-29,,—
,vtiger_app2tab,appname,,,,varchar(20),нет,66,,,—,—,метаданные/настройки Vtiger,count,не переносится: используется как источник проектирования модели и настроек,предложено,проверено SQL 2026-09-29,,—
,vtiger_app2tab,sequence,,,,int,нет,66,,,—,—,метаданные/настройки Vtiger,count,не переносится: используется как источник проектирования модели и настроек,предложено,проверено SQL 2026-09-29,,—
,vtiger_app2tab,visible,,,,int,нет,66,,,—,—,метаданные/настройки Vtiger,count,не переносится: используется как источник проектирования модели и настроек,предложено,проверено SQL 2026-09-29,,—
,vtiger_assets,assetsid,,,,int,нет,3,3,3,—,(ключ записи),первичный ключ модульной таблицы = crmid,count,перенос,предложено,проверено SQL 2026-09-29,,ключ записи → vtigerId
,vtiger_assetscf,assetsid,,,,int,нет,3,,,—,—,таблица кастомных полей без данных,count,только ключ записи; кастомных колонок с данными нет,предложено,проверено SQL 2026-09-29,,—
,vtiger_assetstatus,assetstatusid,,,,int,нет,2,,,—,entityDefs options,справочник значений пикл-листа,count,переносится как опции enum в метаданных EspoCRM (фактически используемые значения — в source-inventory),предложено,проверено SQL 2026-09-29,,архив: исходные значения в VtigerArchive.data (enum не создаётся)
,vtiger_assetstatus,assetstatus,,,,varchar(200),нет,2,,,—,entityDefs options,справочник значений пикл-листа,count,переносится как опции enum в метаданных EspoCRM (фактически используемые значения — в source-inventory),предложено,проверено SQL 2026-09-29,,архив: исходные значения в VtigerArchive.data (enum не создаётся)
,vtiger_assetstatus,presence,,,,int,нет,2,,,—,entityDefs options,справочник значений пикл-листа,count,переносится как опции enum в метаданных EspoCRM (фактически используемые значения — в source-inventory),предложено,проверено SQL 2026-09-29,,архив: исходные значения в VtigerArchive.data (enum не создаётся)
,vtiger_assetstatus,picklist_valueid,,,,int,нет,2,,,—,entityDefs options,справочник значений пикл-листа,count,переносится как опции enum в метаданных EspoCRM (фактически используемые значения — в source-inventory),предложено,проверено SQL 2026-09-29,,архив: исходные значения в VtigerArchive.data (enum не создаётся)
,vtiger_assetstatus,sortorderid,,,,int,нет,2,,,—,entityDefs options,справочник значений пикл-листа,count,переносится как опции enum в метаданных EspoCRM (фактически используемые значения — в source-inventory),предложено,проверено SQL 2026-09-29,,архив: исходные значения в VtigerArchive.data (enum не создаётся)
,vtiger_assetstatus,color,,,,varchar(10),нет,0,,,—,entityDefs options,справочник значений пикл-листа,count,переносится как опции enum в метаданных EspoCRM (фактически используемые значения — в source-inventory),предложено,проверено SQL 2026-09-29,,архив: исходные значения в VtigerArchive.data (enum не создаётся)
,vtiger_assetstatus_seq,id,,,,int,нет,1,,,—,—,последовательность,count,не переносится: счётчики EspoCRM свои; следующий номер документов задаётся настройкой нумерации,предложено,проверено SQL 2026-09-29,,—
,vtiger_asteriskextensions,userid,,,,int,нет,7,,,—,—,метаданные/настройки Vtiger,count,не переносится: используется как источник проектирования модели и настроек,предложено,проверено SQL 2026-09-29,,—
,vtiger_asteriskextensions,asterisk_extension,,,,varchar(50),нет,0,,,—,—,метаданные/настройки Vtiger,count,не переносится: используется как источник проектирования модели и настроек,предложено,проверено SQL 2026-09-29,,—
,vtiger_asteriskextensions,use_asterisk,,,,varchar(3),нет,0,,,—,—,метаданные/настройки Vtiger,count,не переносится: используется как источник проектирования модели и настроек,предложено,проверено SQL 2026-09-29,,—
,vtiger_attachments,attachmentsid,,,,int,нет,572,238,238,—,Attachment.vtigerId,id вложения,file-hash,перенос,реализовано (этап 03),проверено SQL 2026-09-29,,ok: Attachment.vtigerId int
,vtiger_attachments,description,,,,text,нет,371,238,37,—,Attachment.vtigerData.description,string,count,архив (только чтение),реализовано (этап 03),проверено SQL 2026-09-29,,ok: Attachment.vtigerData jsonObject
,vtiger_attachments,type,,,,varchar(100),нет,572,238,238,—,Attachment.type,mime,count,перенос,реализовано (этап 03),проверено SQL 2026-09-29,,ok: Attachment.type varchar(100)
,vtiger_attachments,path,,,,text,нет,572,238,238,—,Attachment (файл),storage/<path>/<id>_<name> → хранилище EspoCRM,file-hash,перенос,предложено,проверено SQL 2026-09-29,,"файл вложения → хранилище EspoCRM, сверка sha256 — этап 06.3"
,vtiger_attachments,subject,,,,varchar(255),нет,0,238,0,—,—,нет данных,count,пусто — данных нет,предложено,проверено SQL 2026-09-29,,—
,vtiger_attachmentsfolder,folderid,,,,int,нет,1,,,—,DocumentFolder,папки документов,count,переносится: DocumentFolder,предложено,проверено SQL 2026-09-29,,запись DocumentFolder
,vtiger_attachmentsfolder,foldername,,,,varchar(200),нет,1,,,—,DocumentFolder,папки документов,count,переносится: DocumentFolder,предложено,проверено SQL 2026-09-29,,запись DocumentFolder
,vtiger_attachmentsfolder,description,,,,varchar(250),нет,1,,,—,DocumentFolder,папки документов,count,переносится: DocumentFolder,предложено,проверено SQL 2026-09-29,,запись DocumentFolder
,vtiger_attachmentsfolder,createdby,,,,int,нет,1,,,—,DocumentFolder,папки документов,count,переносится: DocumentFolder,предложено,проверено SQL 2026-09-29,,запись DocumentFolder
,vtiger_attachmentsfolder,sequence,,,,int,нет,1,,,—,DocumentFolder,папки документов,count,переносится: DocumentFolder,предложено,проверено SQL 2026-09-29,,запись DocumentFolder
,vtiger_attachmentsfolder_seq,id,,,,int,нет,1,,,—,—,последовательность,count,не переносится: счётчики EspoCRM свои; следующий номер документов задаётся настройкой нумерации,предложено,проверено SQL 2026-09-29,,—
,vtiger_blocks,blockid,,,,int,нет,173,,,—,—,метаданные/настройки Vtiger,count,не переносится: используется как источник проектирования модели и настроек,предложено,проверено SQL 2026-09-29,,—
,vtiger_blocks,tabid,,,,int,нет,173,,,—,—,метаданные/настройки Vtiger,count,не переносится: используется как источник проектирования модели и настроек,предложено,проверено SQL 2026-09-29,,—
,vtiger_blocks,blocklabel,,,,varchar(100),нет,172,,,—,—,метаданные/настройки Vtiger,count,не переносится: используется как источник проектирования модели и настроек,предложено,проверено SQL 2026-09-29,,—
,vtiger_blocks,sequence,,,,int,нет,173,,,—,—,метаданные/настройки Vtiger,count,не переносится: используется как источник проектирования модели и настроек,предложено,проверено SQL 2026-09-29,,—
,vtiger_blocks,show_title,,,,int,нет,173,,,—,—,метаданные/настройки Vtiger,count,не переносится: используется как источник проектирования модели и настроек,предложено,проверено SQL 2026-09-29,,—
,vtiger_blocks,visible,,,,int,нет,173,,,—,—,метаданные/настройки Vtiger,count,не переносится: используется как источник проектирования модели и настроек,предложено,проверено SQL 2026-09-29,,—
,vtiger_blocks,create_view,,,,int,нет,173,,,—,—,метаданные/настройки Vtiger,count,не переносится: используется как источник проектирования модели и настроек,предложено,проверено SQL 2026-09-29,,—
,vtiger_blocks,edit_view,,,,int,нет,173,,,—,—,метаданные/настройки Vtiger,count,не переносится: используется как источник проектирования модели и настроек,предложено,проверено SQL 2026-09-29,,—
,vtiger_blocks,detail_view,,,,int,нет,173,,,—,—,метаданные/настройки Vtiger,count,не переносится: используется как источник проектирования модели и настроек,предложено,проверено SQL 2026-09-29,,—
,vtiger_blocks,display_status,,,,int,нет,173,,,—,—,метаданные/настройки Vtiger,count,не переносится: используется как источник проектирования модели и настроек,предложено,проверено SQL 2026-09-29,,—
,vtiger_blocks,iscustom,,,,int,нет,173,,,—,—,метаданные/настройки Vtiger,count,не переносится: используется как источник проектирования модели и настроек,предложено,проверено SQL 2026-09-29,,—
,vtiger_blocks_seq,id,,,,int,нет,1,,,—,—,последовательность,count,не переносится: счётчики EspoCRM свои; следующий номер документов задаётся настройкой нумерации,предложено,проверено SQL 2026-09-29,,—
,vtiger_calendar_default_activitytypes,id,,,,int,нет,8,,,—,—,пользовательские настройки,count,не переносится: настройки Preferences EspoCRM,предложено,проверено SQL 2026-09-29,,—
,vtiger_calendar_default_activitytypes,module,,,,varchar(50),нет,8,,,—,—,пользовательские настройки,count,не переносится: настройки Preferences EspoCRM,предложено,проверено SQL 2026-09-29,,—
,vtiger_calendar_default_activitytypes,fieldname,,,,varchar(50),нет,8,,,—,—,пользовательские настройки,count,не переносится: настройки Preferences EspoCRM,предложено,проверено SQL 2026-09-29,,—
,vtiger_calendar_default_activitytypes,defaultcolor,,,,varchar(50),нет,8,,,—,—,пользовательские настройки,count,не переносится: настройки Preferences EspoCRM,предложено,проверено SQL 2026-09-29,,—
,vtiger_calendar_default_activitytypes,isdefault,,,,int,нет,8,,,—,—,пользовательские настройки,count,не переносится: настройки Preferences EspoCRM,предложено,проверено SQL 2026-09-29,,—
,vtiger_calendar_default_activitytypes,conditions,,,,varchar(255),нет,0,,,—,—,пользовательские настройки,count,не переносится: настройки Preferences EspoCRM,предложено,проверено SQL 2026-09-29,,—
,vtiger_calendar_default_activitytypes_seq,id,,,,int,нет,1,,,—,—,последовательность,count,не переносится: счётчики EspoCRM свои; следующий номер документов задаётся настройкой нумерации,предложено,проверено SQL 2026-09-29,,—
,vtiger_calendar_user_activitytypes,id,,,,int,нет,56,,,—,—,пользовательские настройки,count,не переносится: настройки Preferences EspoCRM,предложено,проверено SQL 2026-09-29,,—
,vtiger_calendar_user_activitytypes,defaultid,,,,int,нет,56,,,—,—,пользовательские настройки,count,не переносится: настройки Preferences EspoCRM,предложено,проверено SQL 2026-09-29,,—
,vtiger_calendar_user_activitytypes,userid,,,,int,нет,56,,,—,—,пользовательские настройки,count,не переносится: настройки Preferences EspoCRM,предложено,проверено SQL 2026-09-29,,—
,vtiger_calendar_user_activitytypes,color,,,,varchar(50),нет,56,,,—,—,пользовательские настройки,count,не переносится: настройки Preferences EspoCRM,предложено,проверено SQL 2026-09-29,,—
,vtiger_calendar_user_activitytypes,visible,,,,int,нет,56,,,—,—,пользовательские настройки,count,не переносится: настройки Preferences EspoCRM,предложено,проверено SQL 2026-09-29,,—
,vtiger_calendar_user_activitytypes_seq,id,,,,int,нет,1,,,—,—,последовательность,count,не переносится: счётчики EspoCRM свои; следующий номер документов задаётся настройкой нумерации,предложено,проверено SQL 2026-09-29,,—
,vtiger_calendarsharedtype,calendarsharedtypeid,,,,int,нет,3,,,—,entityDefs options,справочник значений пикл-листа,count,переносится как опции enum в метаданных EspoCRM (фактически используемые значения — в source-inventory),предложено,проверено SQL 2026-09-29,,"не используется: поле без данных, служебное или модуль без записей"
,vtiger_calendarsharedtype,calendarsharedtype,,,,varchar(200),нет,3,,,—,entityDefs options,справочник значений пикл-листа,count,переносится как опции enum в метаданных EspoCRM (фактически используемые значения — в source-inventory),предложено,проверено SQL 2026-09-29,,"не используется: поле без данных, служебное или модуль без записей"
,vtiger_calendarsharedtype,sortorderid,,,,int,нет,3,,,—,entityDefs options,справочник значений пикл-листа,count,переносится как опции enum в метаданных EspoCRM (фактически используемые значения — в source-inventory),предложено,проверено SQL 2026-09-29,,"не используется: поле без данных, служебное или модуль без записей"
,vtiger_calendarsharedtype,presence,,,,int,нет,3,,,—,entityDefs options,справочник значений пикл-листа,count,переносится как опции enum в метаданных EspoCRM (фактически используемые значения — в source-inventory),предложено,проверено SQL 2026-09-29,,"не используется: поле без данных, служебное или модуль без записей"
,vtiger_calendarsharedtype_seq,id,,,,int,нет,1,,,—,—,последовательность,count,не переносится: счётчики EspoCRM свои; следующий номер документов задаётся настройкой нумерации,предложено,проверено SQL 2026-09-29,,—
,vtiger_callduration,calldurationid,,,,int,нет,5,,,—,—,пользовательские настройки,count,не переносится: настройки Preferences EspoCRM,предложено,проверено SQL 2026-09-29,,—
,vtiger_callduration,callduration,,,,varchar(200),нет,5,,,—,—,пользовательские настройки,count,не переносится: настройки Preferences EspoCRM,предложено,проверено SQL 2026-09-29,,—
,vtiger_callduration,sortorderid,,,,int,нет,5,,,—,—,пользовательские настройки,count,не переносится: настройки Preferences EspoCRM,предложено,проверено SQL 2026-09-29,,—
,vtiger_callduration,presence,,,,int,нет,5,,,—,—,пользовательские настройки,count,не переносится: настройки Preferences EspoCRM,предложено,проверено SQL 2026-09-29,,—
,vtiger_callduration_seq,id,,,,int,нет,1,,,—,—,последовательность,count,не переносится: счётчики EspoCRM свои; следующий номер документов задаётся настройкой нумерации,предложено,проверено SQL 2026-09-29,,—
,vtiger_campaignrelstatus,campaignrelstatusid,,,,int,нет,3,,,—,,справочник пикл-листа,count,исключено: справочник пикл-листа,предложено,проверено SQL 2026-09-29,,—
,vtiger_campaignrelstatus,sortorderid,,,,int,нет,3,,,—,,справочник пикл-листа,count,исключено: справочник пикл-листа,предложено,проверено SQL 2026-09-29,,—
,vtiger_campaignrelstatus,presence,,,,int,нет,3,,,—,,справочник пикл-листа,count,исключено: справочник пикл-листа,предложено,проверено SQL 2026-09-29,,—
,vtiger_campaignrelstatus,color,,,,varchar(10),нет,0,,,—,—,нет данных,count,пусто — данных нет,предложено,проверено SQL 2026-09-29,,—
,vtiger_campaignrelstatus_seq,id,,,,int,нет,1,,,—,—,последовательность,count,не переносится: счётчики EspoCRM свои; следующий номер документов задаётся настройкой нумерации,предложено,проверено SQL 2026-09-29,,—
,vtiger_campaignstatus,campaignstatusid,,,,int,нет,5,,,—,entityDefs options,справочник значений пикл-листа,count,переносится как опции enum в метаданных EspoCRM (фактически используемые значения — в source-inventory),предложено,проверено SQL 2026-09-29,,"не используется: поле без данных, служебное или модуль без записей"
,vtiger_campaignstatus,campaignstatus,,,,varchar(200),нет,5,,,—,entityDefs options,справочник значений пикл-листа,count,переносится как опции enum в метаданных EspoCRM (фактически используемые значения — в source-inventory),предложено,проверено SQL 2026-09-29,,"не используется: поле без данных, служебное или модуль без записей"
,vtiger_campaignstatus,presence,,,,int,нет,5,,,—,entityDefs options,справочник значений пикл-листа,count,переносится как опции enum в метаданных EspoCRM (фактически используемые значения — в source-inventory),предложено,проверено SQL 2026-09-29,,"не используется: поле без данных, служебное или модуль без записей"
,vtiger_campaignstatus,picklist_valueid,,,,int,нет,5,,,—,entityDefs options,справочник значений пикл-листа,count,переносится как опции enum в метаданных EspoCRM (фактически используемые значения — в source-inventory),предложено,проверено SQL 2026-09-29,,"не используется: поле без данных, служебное или модуль без записей"
,vtiger_campaignstatus,sortorderid,,,,int,нет,5,,,—,entityDefs options,справочник значений пикл-листа,count,переносится как опции enum в метаданных EspoCRM (фактически используемые значения — в source-inventory),предложено,проверено SQL 2026-09-29,,"не используется: поле без данных, служебное или модуль без записей"
,vtiger_campaignstatus,color,,,,varchar(10),нет,0,,,—,entityDefs options,справочник значений пикл-листа,count,переносится как опции enum в метаданных EspoCRM (фактически используемые значения — в source-inventory),предложено,проверено SQL 2026-09-29,,"не используется: поле без данных, служебное или модуль без записей"
,vtiger_campaignstatus_seq,id,,,,int,нет,1,,,—,—,последовательность,count,не переносится: счётчики EspoCRM свои; следующий номер документов задаётся настройкой нумерации,предложено,проверено SQL 2026-09-29,,—
,vtiger_campaigntype,campaigntypeid,,,,int,нет,12,,,—,entityDefs options,справочник значений пикл-листа,count,переносится как опции enum в метаданных EspoCRM (фактически используемые значения — в source-inventory),предложено,проверено SQL 2026-09-29,,"не используется: поле без данных, служебное или модуль без записей"
,vtiger_campaigntype,campaigntype,,,,varchar(200),нет,12,,,—,entityDefs options,справочник значений пикл-листа,count,переносится как опции enum в метаданных EspoCRM (фактически используемые значения — в source-inventory),предложено,проверено SQL 2026-09-29,,"не используется: поле без данных, служебное или модуль без записей"
,vtiger_campaigntype,presence,,,,int,нет,12,,,—,entityDefs options,справочник значений пикл-листа,count,переносится как опции enum в метаданных EspoCRM (фактически используемые значения — в source-inventory),предложено,проверено SQL 2026-09-29,,"не используется: поле без данных, служебное или модуль без записей"
,vtiger_campaigntype,picklist_valueid,,,,int,нет,12,,,—,entityDefs options,справочник значений пикл-листа,count,переносится как опции enum в метаданных EspoCRM (фактически используемые значения — в source-inventory),предложено,проверено SQL 2026-09-29,,"не используется: поле без данных, служебное или модуль без записей"
,vtiger_campaigntype,sortorderid,,,,int,нет,12,,,—,entityDefs options,справочник значений пикл-листа,count,переносится как опции enum в метаданных EspoCRM (фактически используемые значения — в source-inventory),предложено,проверено SQL 2026-09-29,,"не используется: поле без данных, служебное или модуль без записей"
,vtiger_campaigntype,color,,,,varchar(10),нет,0,,,—,entityDefs options,справочник значений пикл-листа,count,переносится как опции enum в метаданных EspoCRM (фактически используемые значения — в source-inventory),предложено,проверено SQL 2026-09-29,,"не используется: поле без данных, служебное или модуль без записей"
,vtiger_campaigntype_seq,id,,,,int,нет,1,,,—,—,последовательность,count,не переносится: счётчики EspoCRM свои; следующий номер документов задаётся настройкой нумерации,предложено,проверено SQL 2026-09-29,,—
,vtiger_carrier,carrierid,,,,int,нет,5,,,—,entityDefs options,справочник значений пикл-листа,count,переносится как опции enum в метаданных EspoCRM (фактически используемые значения — в source-inventory),предложено,проверено SQL 2026-09-29,,"архив: исходные значения в vtigerData (enum не создаётся; периодичность заказов закончилась в 2016, D-15)"
,vtiger_carrier,carrier,,,,varchar(200),нет,5,,,—,entityDefs options,справочник значений пикл-листа,count,переносится как опции enum в метаданных EspoCRM (фактически используемые значения — в source-inventory),предложено,проверено SQL 2026-09-29,,"архив: исходные значения в vtigerData (enum не создаётся; периодичность заказов закончилась в 2016, D-15)"
,vtiger_carrier,presence,,,,int,нет,5,,,—,entityDefs options,справочник значений пикл-листа,count,переносится как опции enum в метаданных EspoCRM (фактически используемые значения — в source-inventory),предложено,проверено SQL 2026-09-29,,"архив: исходные значения в vtigerData (enum не создаётся; периодичность заказов закончилась в 2016, D-15)"
,vtiger_carrier,picklist_valueid,,,,int,нет,5,,,—,entityDefs options,справочник значений пикл-листа,count,переносится как опции enum в метаданных EspoCRM (фактически используемые значения — в source-inventory),предложено,проверено SQL 2026-09-29,,"архив: исходные значения в vtigerData (enum не создаётся; периодичность заказов закончилась в 2016, D-15)"
,vtiger_carrier,sortorderid,,,,int,нет,5,,,—,entityDefs options,справочник значений пикл-листа,count,переносится как опции enum в метаданных EspoCRM (фактически используемые значения — в source-inventory),предложено,проверено SQL 2026-09-29,,"архив: исходные значения в vtigerData (enum не создаётся; периодичность заказов закончилась в 2016, D-15)"
,vtiger_carrier,color,,,,varchar(10),нет,0,,,—,entityDefs options,справочник значений пикл-листа,count,переносится как опции enum в метаданных EspoCRM (фактически используемые значения — в source-inventory),предложено,проверено SQL 2026-09-29,,"архив: исходные значения в vtigerData (enum не создаётся; периодичность заказов закончилась в 2016, D-15)"
,vtiger_carrier_seq,id,,,,int,нет,1,,,—,—,последовательность,count,не переносится: счётчики EspoCRM свои; следующий номер документов задаётся настройкой нумерации,предложено,проверено SQL 2026-09-29,,—
,vtiger_cf_1107,cf_1107id,,,,int,нет,5,,,—,entityDefs options,справочник значений пикл-листа,count,переносится как опции enum в метаданных EspoCRM (фактически используемые значения — в source-inventory),реализовано (этап 03),проверено SQL 2026-09-29,,"ok: опции Lead.cPriority (metadata/vtigerValueMap, D-19, Q-32)"
,vtiger_cf_1107,cf_1107,,,,varchar(200),нет,5,,,—,entityDefs options,справочник значений пикл-листа,count,переносится как опции enum в метаданных EspoCRM (фактически используемые значения — в source-inventory),реализовано (этап 03),проверено SQL 2026-09-29,,"ok: опции Lead.cPriority (metadata/vtigerValueMap, D-19, Q-32)"
,vtiger_cf_1107,sortorderid,,,,int,нет,5,,,—,entityDefs options,справочник значений пикл-листа,count,переносится как опции enum в метаданных EspoCRM (фактически используемые значения — в source-inventory),реализовано (этап 03),проверено SQL 2026-09-29,,"ok: опции Lead.cPriority (metadata/vtigerValueMap, D-19, Q-32)"
,vtiger_cf_1107,presence,,,,int,нет,5,,,—,entityDefs options,справочник значений пикл-листа,count,переносится как опции enum в метаданных EspoCRM (фактически используемые значения — в source-inventory),реализовано (этап 03),проверено SQL 2026-09-29,,"ok: опции Lead.cPriority (metadata/vtigerValueMap, D-19, Q-32)"
,vtiger_cf_1107,color,,,,varchar(10),нет,0,,,—,entityDefs options,справочник значений пикл-листа,count,переносится как опции enum в метаданных EspoCRM (фактически используемые значения — в source-inventory),реализовано (этап 03),проверено SQL 2026-09-29,,"ok: опции Lead.cPriority (metadata/vtigerValueMap, D-19, Q-32)"
,vtiger_cf_1107_seq,id,,,,int,нет,1,,,—,—,последовательность,count,не переносится: счётчики EspoCRM свои; следующий номер документов задаётся настройкой нумерации,предложено,проверено SQL 2026-09-29,,—
,vtiger_cf_comment_picklist,cf_comment_picklistid,,,,int,нет,1,,,—,entityDefs options,справочник значений пикл-листа,count,переносится как опции enum в метаданных EspoCRM (фактически используемые значения — в source-inventory),предложено,проверено SQL 2026-09-29,,"не используется: поле без данных, служебное или модуль без записей"
,vtiger_cf_comment_picklist,cf_comment_picklist,,,,varchar(200),нет,1,,,—,entityDefs options,справочник значений пикл-листа,count,переносится как опции enum в метаданных EspoCRM (фактически используемые значения — в source-inventory),предложено,проверено SQL 2026-09-29,,"не используется: поле без данных, служебное или модуль без записей"
,vtiger_cf_comment_picklist,sortorderid,,,,int,нет,1,,,—,entityDefs options,справочник значений пикл-листа,count,переносится как опции enum в метаданных EspoCRM (фактически используемые значения — в source-inventory),предложено,проверено SQL 2026-09-29,,"не используется: поле без данных, служебное или модуль без записей"
,vtiger_cf_comment_picklist,presence,,,,int,нет,1,,,—,entityDefs options,справочник значений пикл-листа,count,переносится как опции enum в метаданных EspoCRM (фактически используемые значения — в source-inventory),предложено,проверено SQL 2026-09-29,,"не используется: поле без данных, служебное или модуль без записей"
,vtiger_cf_comment_picklist,color,,,,varchar(10),нет,0,,,—,entityDefs options,справочник значений пикл-листа,count,переносится как опции enum в метаданных EspoCRM (фактически используемые значения — в source-inventory),предложено,проверено SQL 2026-09-29,,"не используется: поле без данных, служебное или модуль без записей"
,vtiger_cf_comment_picklist_seq,id,,,,int,нет,1,,,—,—,последовательность,count,не переносится: счётчики EspoCRM свои; следующий номер документов задаётся настройкой нумерации,предложено,проверено SQL 2026-09-29,,—
,vtiger_cf_comment_picklist_two,cf_comment_picklist_twoid,,,,int,нет,1,,,—,entityDefs options,справочник значений пикл-листа,count,переносится как опции enum в метаданных EspoCRM (фактически используемые значения — в source-inventory),предложено,проверено SQL 2026-09-29,,"не используется: поле без данных, служебное или модуль без записей"
,vtiger_cf_comment_picklist_two,cf_comment_picklist_two,,,,varchar(200),нет,1,,,—,entityDefs options,справочник значений пикл-листа,count,переносится как опции enum в метаданных EspoCRM (фактически используемые значения — в source-inventory),предложено,проверено SQL 2026-09-29,,"не используется: поле без данных, служебное или модуль без записей"
,vtiger_cf_comment_picklist_two,sortorderid,,,,int,нет,1,,,—,entityDefs options,справочник значений пикл-листа,count,переносится как опции enum в метаданных EspoCRM (фактически используемые значения — в source-inventory),предложено,проверено SQL 2026-09-29,,"не используется: поле без данных, служебное или модуль без записей"
,vtiger_cf_comment_picklist_two,presence,,,,int,нет,1,,,—,entityDefs options,справочник значений пикл-листа,count,переносится как опции enum в метаданных EspoCRM (фактически используемые значения — в source-inventory),предложено,проверено SQL 2026-09-29,,"не используется: поле без данных, служебное или модуль без записей"
,vtiger_cf_comment_picklist_two,color,,,,varchar(10),нет,0,,,—,entityDefs options,справочник значений пикл-листа,count,переносится как опции enum в метаданных EspoCRM (фактически используемые значения — в source-inventory),предложено,проверено SQL 2026-09-29,,"не используется: поле без данных, служебное или модуль без записей"
,vtiger_cf_comment_picklist_two_seq,id,,,,int,нет,1,,,—,—,последовательность,count,не переносится: счётчики EspoCRM свои; следующий номер документов задаётся настройкой нумерации,предложено,проверено SQL 2026-09-29,,—
,vtiger_cntactivityrel,activityid,,,,int,нет,6,6,6,—,(ключ записи),первичный ключ модульной таблицы = crmid,count,перенос,предложено,проверено SQL 2026-09-29,,ключ записи → vtigerId
,vtiger_contactaddress,contactaddressid,,,,int,нет,345,341,341,—,(ключ записи),первичный ключ модульной таблицы = crmid,count,перенос,предложено,проверено SQL 2026-09-29,,ключ записи → vtigerId
,vtiger_contactdetails,contactid,,,,int,нет,345,341,341,—,(ключ записи),первичный ключ модульной таблицы = crmid,count,перенос,предложено,проверено SQL 2026-09-29,,ключ записи → vtigerId
,vtiger_contactdetails,training,,,,varchar(50),нет,0,341,0,—,—,нет данных,count,пусто — данных нет,предложено,проверено SQL 2026-09-29,,—
,vtiger_contactdetails,usertype,,,,varchar(50),нет,0,341,0,—,—,нет данных,count,пусто — данных нет,предложено,проверено SQL 2026-09-29,,—
,vtiger_contactdetails,contacttype,,,,varchar(50),нет,0,341,0,—,—,нет данных,count,пусто — данных нет,предложено,проверено SQL 2026-09-29,,—
,vtiger_contactdetails,otheremail,,,,varchar(100),нет,0,341,0,—,—,нет данных,count,пусто — данных нет,предложено,проверено SQL 2026-09-29,,—
,vtiger_contactscf,contactid,,,,int,нет,345,341,341,—,(ключ записи),первичный ключ модульной таблицы = crmid,count,перенос,предложено,проверено SQL 2026-09-29,,ключ записи → vtigerId
,vtiger_contactsubdetails,contactsubscriptionid,,,,int,нет,345,341,341,—,(ключ записи),первичный ключ модульной таблицы = crmid,count,перенос,предложено,проверено SQL 2026-09-29,,ключ записи → vtigerId
,vtiger_contactsubdetails,laststayintouchrequest,,,,int,нет,345,341,0,—,,служебное (0),count,исключено: служебное (0),предложено,проверено SQL 2026-09-29,,—
,vtiger_contactsubdetails,laststayintouchsavedate,,,,int,нет,345,341,0,—,,служебное (0),count,исключено: служебное (0),предложено,проверено SQL 2026-09-29,,—
,vtiger_contpotentialrel,contactid,,,,int,нет,5,,,—,links EspoCRM,связь,count,переносится как связь (см. relations.csv),предложено,проверено SQL 2026-09-29,,связь — проверяется в relations.csv
,vtiger_contpotentialrel,potentialid,,,,int,нет,5,,,—,links EspoCRM,связь,count,переносится как связь (см. relations.csv),предложено,проверено SQL 2026-09-29,,связь — проверяется в relations.csv
,vtiger_contract_priority,contract_priorityid,,,,int,нет,3,,,—,entityDefs options,справочник значений пикл-листа,count,переносится как опции enum в метаданных EspoCRM (фактически используемые значения — в source-inventory),предложено,проверено SQL 2026-09-29,,архив: исходные значения в VtigerArchive.data (enum не создаётся)
,vtiger_contract_priority,contract_priority,,,,varchar(200),нет,3,,,—,entityDefs options,справочник значений пикл-листа,count,переносится как опции enum в метаданных EspoCRM (фактически используемые значения — в source-inventory),предложено,проверено SQL 2026-09-29,,архив: исходные значения в VtigerArchive.data (enum не создаётся)
,vtiger_contract_priority,presence,,,,int,нет,3,,,—,entityDefs options,справочник значений пикл-листа,count,переносится как опции enum в метаданных EspoCRM (фактически используемые значения — в source-inventory),предложено,проверено SQL 2026-09-29,,архив: исходные значения в VtigerArchive.data (enum не создаётся)
,vtiger_contract_priority,picklist_valueid,,,,int,нет,3,,,—,entityDefs options,справочник значений пикл-листа,count,переносится как опции enum в метаданных EspoCRM (фактически используемые значения — в source-inventory),предложено,проверено SQL 2026-09-29,,архив: исходные значения в VtigerArchive.data (enum не создаётся)
,vtiger_contract_priority,sortorderid,,,,int,нет,3,,,—,entityDefs options,справочник значений пикл-листа,count,переносится как опции enum в метаданных EspoCRM (фактически используемые значения — в source-inventory),предложено,проверено SQL 2026-09-29,,архив: исходные значения в VtigerArchive.data (enum не создаётся)
,vtiger_contract_priority,color,,,,varchar(10),нет,0,,,—,entityDefs options,справочник значений пикл-листа,count,переносится как опции enum в метаданных EspoCRM (фактически используемые значения — в source-inventory),предложено,проверено SQL 2026-09-29,,архив: исходные значения в VtigerArchive.data (enum не создаётся)
,vtiger_contract_priority_seq,id,,,,int,нет,1,,,—,—,последовательность,count,не переносится: счётчики EspoCRM свои; следующий номер документов задаётся настройкой нумерации,предложено,проверено SQL 2026-09-29,,—
,vtiger_contract_status,contract_statusid,,,,int,нет,6,,,—,entityDefs options,справочник значений пикл-листа,count,переносится как опции enum в метаданных EspoCRM (фактически используемые значения — в source-inventory),предложено,проверено SQL 2026-09-29,,архив: исходные значения в VtigerArchive.data (enum не создаётся)
,vtiger_contract_status,contract_status,,,,varchar(200),нет,6,,,—,entityDefs options,справочник значений пикл-листа,count,переносится как опции enum в метаданных EspoCRM (фактически используемые значения — в source-inventory),предложено,проверено SQL 2026-09-29,,архив: исходные значения в VtigerArchive.data (enum не создаётся)
,vtiger_contract_status,presence,,,,int,нет,6,,,—,entityDefs options,справочник значений пикл-листа,count,переносится как опции enum в метаданных EspoCRM (фактически используемые значения — в source-inventory),предложено,проверено SQL 2026-09-29,,архив: исходные значения в VtigerArchive.data (enum не создаётся)
,vtiger_contract_status,picklist_valueid,,,,int,нет,6,,,—,entityDefs options,справочник значений пикл-листа,count,переносится как опции enum в метаданных EspoCRM (фактически используемые значения — в source-inventory),предложено,проверено SQL 2026-09-29,,архив: исходные значения в VtigerArchive.data (enum не создаётся)
,vtiger_contract_status,sortorderid,,,,int,нет,6,,,—,entityDefs options,справочник значений пикл-листа,count,переносится как опции enum в метаданных EspoCRM (фактически используемые значения — в source-inventory),предложено,проверено SQL 2026-09-29,,архив: исходные значения в VtigerArchive.data (enum не создаётся)
,vtiger_contract_status,color,,,,varchar(10),нет,0,,,—,entityDefs options,справочник значений пикл-листа,count,переносится как опции enum в метаданных EspoCRM (фактически используемые значения — в source-inventory),предложено,проверено SQL 2026-09-29,,архив: исходные значения в VtigerArchive.data (enum не создаётся)
,vtiger_contract_status_seq,id,,,,int,нет,1,,,—,—,последовательность,count,не переносится: счётчики EspoCRM свои; следующий номер документов задаётся настройкой нумерации,предложено,проверено SQL 2026-09-29,,—
,vtiger_contract_type,contract_typeid,,,,int,нет,3,,,—,entityDefs options,справочник значений пикл-листа,count,переносится как опции enum в метаданных EspoCRM (фактически используемые значения — в source-inventory),предложено,проверено SQL 2026-09-29,,архив: исходные значения в VtigerArchive.data (enum не создаётся)
,vtiger_contract_type,contract_type,,,,varchar(200),нет,3,,,—,entityDefs options,справочник значений пикл-листа,count,переносится как опции enum в метаданных EspoCRM (фактически используемые значения — в source-inventory),предложено,проверено SQL 2026-09-29,,архив: исходные значения в VtigerArchive.data (enum не создаётся)
,vtiger_contract_type,presence,,,,int,нет,3,,,—,entityDefs options,справочник значений пикл-листа,count,переносится как опции enum в метаданных EspoCRM (фактически используемые значения — в source-inventory),предложено,проверено SQL 2026-09-29,,архив: исходные значения в VtigerArchive.data (enum не создаётся)
,vtiger_contract_type,picklist_valueid,,,,int,нет,3,,,—,entityDefs options,справочник значений пикл-листа,count,переносится как опции enum в метаданных EspoCRM (фактически используемые значения — в source-inventory),предложено,проверено SQL 2026-09-29,,архив: исходные значения в VtigerArchive.data (enum не создаётся)
,vtiger_contract_type,sortorderid,,,,int,нет,3,,,—,entityDefs options,справочник значений пикл-листа,count,переносится как опции enum в метаданных EspoCRM (фактически используемые значения — в source-inventory),предложено,проверено SQL 2026-09-29,,архив: исходные значения в VtigerArchive.data (enum не создаётся)
,vtiger_contract_type,color,,,,varchar(10),нет,0,,,—,entityDefs options,справочник значений пикл-листа,count,переносится как опции enum в метаданных EspoCRM (фактически используемые значения — в source-inventory),предложено,проверено SQL 2026-09-29,,архив: исходные значения в VtigerArchive.data (enum не создаётся)
,vtiger_contract_type_seq,id,,,,int,нет,1,,,—,—,последовательность,count,не переносится: счётчики EspoCRM свои; следующий номер документов задаётся настройкой нумерации,предложено,проверено SQL 2026-09-29,,—
,vtiger_convertleadmapping,cfmid,,,,int,нет,30,,,—,—,метаданные/настройки Vtiger,count,не переносится: используется как источник проектирования модели и настроек,предложено,проверено SQL 2026-09-29,,—
,vtiger_convertleadmapping,leadfid,,,,int,нет,30,,,—,—,метаданные/настройки Vtiger,count,не переносится: используется как источник проектирования модели и настроек,предложено,проверено SQL 2026-09-29,,—
,vtiger_convertleadmapping,accountfid,,,,int,нет,30,,,—,—,метаданные/настройки Vtiger,count,не переносится: используется как источник проектирования модели и настроек,предложено,проверено SQL 2026-09-29,,—
,vtiger_convertleadmapping,contactfid,,,,int,нет,30,,,—,—,метаданные/настройки Vtiger,count,не переносится: используется как источник проектирования модели и настроек,предложено,проверено SQL 2026-09-29,,—
,vtiger_convertleadmapping,potentialfid,,,,int,нет,30,,,—,—,метаданные/настройки Vtiger,count,не переносится: используется как источник проектирования модели и настроек,предложено,проверено SQL 2026-09-29,,—
,vtiger_convertleadmapping,editable,,,,int,нет,30,,,—,—,метаданные/настройки Vtiger,count,не переносится: используется как источник проектирования модели и настроек,предложено,проверено SQL 2026-09-29,,—
,vtiger_convertpotentialmapping,cfmid,,,,int,нет,2,,,—,—,метаданные/настройки Vtiger,count,не переносится: используется как источник проектирования модели и настроек,предложено,проверено SQL 2026-09-29,,—
,vtiger_convertpotentialmapping,potentialfid,,,,int,нет,2,,,—,—,метаданные/настройки Vtiger,count,не переносится: используется как источник проектирования модели и настроек,предложено,проверено SQL 2026-09-29,,—
,vtiger_convertpotentialmapping,projectfid,,,,int,нет,2,,,—,—,метаданные/настройки Vtiger,count,не переносится: используется как источник проектирования модели и настроек,предложено,проверено SQL 2026-09-29,,—
,vtiger_convertpotentialmapping,editable,,,,int,нет,0,,,—,—,метаданные/настройки Vtiger,count,не переносится: используется как источник проектирования модели и настроек,предложено,проверено SQL 2026-09-29,,—
,vtiger_crmentity,crmid,,,,int,нет,6880,6044,6044,—,vtigerId,исходный id — ключ идемпотентности импорта,count,перенос,реализовано (этап 03),проверено SQL 2026-09-29,,"ok: vtigerId (int, unique) у 25 сущностей"
,vtiger_crmentity,setype,,,,varchar(100),нет,6880,6044,6044,—,(тип сущности),определяет целевую сущность,count,перенос,предложено,проверено SQL 2026-09-29,,определяет целевую сущность
,vtiger_crmentity,viewedtime,,,,datetime,нет,0,6044,0,—,—,нет данных,count,пусто — данных нет,предложено,проверено SQL 2026-09-29,,—
,vtiger_crmentity,status,,,,varchar(50),нет,0,6044,0,—,—,нет данных,count,пусто — данных нет,предложено,проверено SQL 2026-09-29,,—
,vtiger_crmentity,version,,,,int,нет,6880,6044,0,—,,служебное,count,исключено: служебное,предложено,проверено SQL 2026-09-29,,—
,vtiger_crmentity,presence,,,,int,нет,6880,6044,6044,—,,служебное,count,исключено: служебное,предложено,проверено SQL 2026-09-29,,—
,vtiger_crmentity,deleted,,,,int,нет,6880,6044,0,—,—,deleted=1 не переносится в рабочие сущности (остаётся в защищённом снимке),count,пусто — данных нет,предложено,проверено SQL 2026-09-29,,—
,vtiger_crmentity,smgroupid,,,,int,нет,6308,6044,0,—,,служебное (все 0),count,исключено: служебное (все 0),предложено,проверено SQL 2026-09-29,,—
,vtiger_crmentity,label,,,,varchar(255),нет,5829,6044,5328,—,,производное (имя записи),count,исключено: производное (имя записи),предложено,проверено SQL 2026-09-29,,—
,vtiger_crmentity,cf_view,,,,int,нет,0,6044,0,—,—,нет данных,count,пусто — данных нет,предложено,проверено SQL 2026-09-29,,—
,vtiger_crmentity,cf_viewname,,,,varchar(100),нет,0,6044,0,—,—,нет данных,count,пусто — данных нет,предложено,проверено SQL 2026-09-29,,—
,vtiger_crmentity_seq,id,,,,int,нет,1,,,—,—,последовательность,count,не переносится: счётчики EspoCRM свои; следующий номер документов задаётся настройкой нумерации,предложено,проверено SQL 2026-09-29,,—
,vtiger_crmentity_user_field,recordid,,,,int,нет,6271,5769,5769,—,,исключено: персональные звёздочки,count,исключено: исключено: персональные звёздочки,предложено,проверено SQL 2026-09-29,,—
,vtiger_crmentity_user_field,userid,,,,int,нет,6271,5769,5769,—,,исключено: персональные звёздочки,count,исключено: исключено: персональные звёздочки,предложено,проверено SQL 2026-09-29,,—
,vtiger_crmentityrel,crmid,,,,int,нет,2678,,,—,links EspoCRM,связь,count,переносится как связь (см. relations.csv),предложено,проверено SQL 2026-09-29,,связь — проверяется в relations.csv
,vtiger_crmentityrel,module,,,,varchar(100),нет,2678,,,—,links EspoCRM,связь,count,переносится как связь (см. relations.csv),предложено,проверено SQL 2026-09-29,,связь — проверяется в relations.csv
,vtiger_crmentityrel,relcrmid,,,,int,нет,2678,,,—,links EspoCRM,связь,count,переносится как связь (см. relations.csv),предложено,проверено SQL 2026-09-29,,связь — проверяется в relations.csv
,vtiger_crmentityrel,relmodule,,,,varchar(100),нет,2678,,,—,links EspoCRM,связь,count,переносится как связь (см. relations.csv),предложено,проверено SQL 2026-09-29,,связь — проверяется в relations.csv
,vtiger_crmsetup,userid,,,,int,нет,6,,,—,—,метаданные/настройки Vtiger,count,не переносится: используется как источник проектирования модели и настроек,предложено,проверено SQL 2026-09-29,,—
,vtiger_crmsetup,setup_status,,,,int,нет,6,,,—,—,метаданные/настройки Vtiger,count,не переносится: используется как источник проектирования модели и настроек,предложено,проверено SQL 2026-09-29,,—
,vtiger_cron_task,id,,,,int,нет,13,,,—,—,планировщик,count,не переносится: задачи EspoCRM Scheduled Jobs,предложено,проверено SQL 2026-09-29,,—
,vtiger_cron_task,name,,,,varchar(100),нет,13,,,—,—,планировщик,count,не переносится: задачи EspoCRM Scheduled Jobs,предложено,проверено SQL 2026-09-29,,—
,vtiger_cron_task,handler_file,,,,varchar(100),нет,13,,,—,—,планировщик,count,не переносится: задачи EspoCRM Scheduled Jobs,предложено,проверено SQL 2026-09-29,,—
,vtiger_cron_task,frequency,,,,int,нет,13,,,—,—,планировщик,count,не переносится: задачи EspoCRM Scheduled Jobs,предложено,проверено SQL 2026-09-29,,—
,vtiger_cron_task,laststart,,,,int unsigned,нет,13,,,—,—,планировщик,count,не переносится: задачи EspoCRM Scheduled Jobs,предложено,проверено SQL 2026-09-29,,—
,vtiger_cron_task,lastend,,,,int unsigned,нет,13,,,—,—,планировщик,count,не переносится: задачи EspoCRM Scheduled Jobs,предложено,проверено SQL 2026-09-29,,—
,vtiger_cron_task,status,,,,int,нет,13,,,—,—,планировщик,count,не переносится: задачи EspoCRM Scheduled Jobs,предложено,проверено SQL 2026-09-29,,—
,vtiger_cron_task,module,,,,varchar(100),нет,13,,,—,—,планировщик,count,не переносится: задачи EspoCRM Scheduled Jobs,предложено,проверено SQL 2026-09-29,,—
,vtiger_cron_task,sequence,,,,int,нет,13,,,—,—,планировщик,count,не переносится: задачи EspoCRM Scheduled Jobs,предложено,проверено SQL 2026-09-29,,—
,vtiger_cron_task,description,,,,text,нет,10,,,—,—,планировщик,count,не переносится: задачи EspoCRM Scheduled Jobs,предложено,проверено SQL 2026-09-29,,—
,vtiger_currencies,currencyid,,,,int,нет,138,,,—,config,финансовые настройки,count,"переносится как конфигурация (валюта RUB, НДС 18% исторически)",предложено,проверено SQL 2026-09-29,,"настройки EspoCRM (валюта RUB, D-37)"
,vtiger_currencies,currency_name,,,,varchar(200),нет,138,,,—,config,финансовые настройки,count,"переносится как конфигурация (валюта RUB, НДС 18% исторически)",предложено,проверено SQL 2026-09-29,,"настройки EspoCRM (валюта RUB, D-37)"
,vtiger_currencies,currency_code,,,,varchar(50),нет,138,,,—,config,финансовые настройки,count,"переносится как конфигурация (валюта RUB, НДС 18% исторически)",предложено,проверено SQL 2026-09-29,,"настройки EspoCRM (валюта RUB, D-37)"
,vtiger_currencies,currency_symbol,,,,varchar(11),нет,138,,,—,config,финансовые настройки,count,"переносится как конфигурация (валюта RUB, НДС 18% исторически)",предложено,проверено SQL 2026-09-29,,"настройки EspoCRM (валюта RUB, D-37)"
,vtiger_currencies_seq,id,,,,int,нет,1,,,—,—,последовательность,count,не переносится: счётчики EspoCRM свои; следующий номер документов задаётся настройкой нумерации,предложено,проверено SQL 2026-09-29,,—
,vtiger_currency_decimal_separator,currency_decimal_separatorid,,,,int,нет,5,,,—,—,пользовательские настройки,count,не переносится: настройки Preferences EspoCRM,предложено,проверено SQL 2026-09-29,,—
,vtiger_currency_decimal_separator,currency_decimal_separator,,,,varchar(2),нет,4,,,—,—,пользовательские настройки,count,не переносится: настройки Preferences EspoCRM,предложено,проверено SQL 2026-09-29,,—
,vtiger_currency_decimal_separator,sortorderid,,,,int,нет,5,,,—,—,пользовательские настройки,count,не переносится: настройки Preferences EspoCRM,предложено,проверено SQL 2026-09-29,,—
,vtiger_currency_decimal_separator,presence,,,,int,нет,5,,,—,—,пользовательские настройки,count,не переносится: настройки Preferences EspoCRM,предложено,проверено SQL 2026-09-29,,—
,vtiger_currency_decimal_separator_seq,id,,,,int,нет,1,,,—,—,последовательность,count,не переносится: счётчики EspoCRM свои; следующий номер документов задаётся настройкой нумерации,предложено,проверено SQL 2026-09-29,,—
,vtiger_currency_grouping_pattern,currency_grouping_patternid,,,,int,нет,4,,,—,—,пользовательские настройки,count,не переносится: настройки Preferences EspoCRM,предложено,проверено SQL 2026-09-29,,—
,vtiger_currency_grouping_pattern,currency_grouping_pattern,,,,varchar(200),нет,4,,,—,—,пользовательские настройки,count,не переносится: настройки Preferences EspoCRM,предложено,проверено SQL 2026-09-29,,—
,vtiger_currency_grouping_pattern,sortorderid,,,,int,нет,4,,,—,—,пользовательские настройки,count,не переносится: настройки Preferences EspoCRM,предложено,проверено SQL 2026-09-29,,—
,vtiger_currency_grouping_pattern,presence,,,,int,нет,4,,,—,—,пользовательские настройки,count,не переносится: настройки Preferences EspoCRM,предложено,проверено SQL 2026-09-29,,—
,vtiger_currency_grouping_pattern_seq,id,,,,int,нет,1,,,—,—,последовательность,count,не переносится: счётчики EspoCRM свои; следующий номер документов задаётся настройкой нумерации,предложено,проверено SQL 2026-09-29,,—
,vtiger_currency_grouping_separator,currency_grouping_separatorid,,,,int,нет,5,,,—,—,пользовательские настройки,count,не переносится: настройки Preferences EspoCRM,предложено,проверено SQL 2026-09-29,,—
,vtiger_currency_grouping_separator,currency_grouping_separator,,,,varchar(2),нет,4,,,—,—,пользовательские настройки,count,не переносится: настройки Preferences EspoCRM,предложено,проверено SQL 2026-09-29,,—
,vtiger_currency_grouping_separator,sortorderid,,,,int,нет,5,,,—,—,пользовательские настройки,count,не переносится: настройки Preferences EspoCRM,предложено,проверено SQL 2026-09-29,,—
,vtiger_currency_grouping_separator,presence,,,,int,нет,5,,,—,—,пользовательские настройки,count,не переносится: настройки Preferences EspoCRM,предложено,проверено SQL 2026-09-29,,—
,vtiger_currency_grouping_separator_seq,id,,,,int,нет,1,,,—,—,последовательность,count,не переносится: счётчики EspoCRM свои; следующий номер документов задаётся настройкой нумерации,предложено,проверено SQL 2026-09-29,,—
,vtiger_currency_info,id,,,,int,нет,1,,,—,config,финансовые настройки,count,"переносится как конфигурация (валюта RUB, НДС 18% исторически)",предложено,проверено SQL 2026-09-29,,"настройки EspoCRM (валюта RUB, D-37)"
,vtiger_currency_info,currency_name,,,,varchar(100),нет,1,,,—,config,финансовые настройки,count,"переносится как конфигурация (валюта RUB, НДС 18% исторически)",предложено,проверено SQL 2026-09-29,,"настройки EspoCRM (валюта RUB, D-37)"
,vtiger_currency_info,currency_code,,,,varchar(100),нет,1,,,—,config,финансовые настройки,count,"переносится как конфигурация (валюта RUB, НДС 18% исторически)",предложено,проверено SQL 2026-09-29,,"настройки EspoCRM (валюта RUB, D-37)"
,vtiger_currency_info,currency_symbol,,,,varchar(30),нет,1,,,—,config,финансовые настройки,count,"переносится как конфигурация (валюта RUB, НДС 18% исторически)",предложено,проверено SQL 2026-09-29,,"настройки EspoCRM (валюта RUB, D-37)"
,vtiger_currency_info,conversion_rate,,,,"decimal(12,5)",нет,1,,,—,config,финансовые настройки,count,"переносится как конфигурация (валюта RUB, НДС 18% исторически)",предложено,проверено SQL 2026-09-29,,"настройки EspoCRM (валюта RUB, D-37)"
,vtiger_currency_info,currency_status,,,,varchar(25),нет,1,,,—,config,финансовые настройки,count,"переносится как конфигурация (валюта RUB, НДС 18% исторически)",предложено,проверено SQL 2026-09-29,,"настройки EspoCRM (валюта RUB, D-37)"
,vtiger_currency_info,defaultid,,,,varchar(10),нет,1,,,—,config,финансовые настройки,count,"переносится как конфигурация (валюта RUB, НДС 18% исторически)",предложено,проверено SQL 2026-09-29,,"настройки EspoCRM (валюта RUB, D-37)"
,vtiger_currency_info,deleted,,,,int,нет,1,,,—,config,финансовые настройки,count,"переносится как конфигурация (валюта RUB, НДС 18% исторически)",предложено,проверено SQL 2026-09-29,,"настройки EspoCRM (валюта RUB, D-37)"
,vtiger_currency_info_seq,id,,,,int,нет,1,,,—,—,последовательность,count,не переносится: счётчики EspoCRM свои; следующий номер документов задаётся настройкой нумерации,предложено,проверено SQL 2026-09-29,,—
,vtiger_currency_symbol_placement,currency_symbol_placementid,,,,int,нет,2,,,—,—,пользовательские настройки,count,не переносится: настройки Preferences EspoCRM,предложено,проверено SQL 2026-09-29,,—
,vtiger_currency_symbol_placement,currency_symbol_placement,,,,varchar(30),нет,2,,,—,—,пользовательские настройки,count,не переносится: настройки Preferences EspoCRM,предложено,проверено SQL 2026-09-29,,—
,vtiger_currency_symbol_placement,sortorderid,,,,int,нет,2,,,—,—,пользовательские настройки,count,не переносится: настройки Preferences EspoCRM,предложено,проверено SQL 2026-09-29,,—
,vtiger_currency_symbol_placement,presence,,,,int,нет,2,,,—,—,пользовательские настройки,count,не переносится: настройки Preferences EspoCRM,предложено,проверено SQL 2026-09-29,,—
,vtiger_currency_symbol_placement_seq,id,,,,int,нет,1,,,—,—,последовательность,count,не переносится: счётчики EspoCRM свои; следующий номер документов задаётся настройкой нумерации,предложено,проверено SQL 2026-09-29,,—
,vtiger_customerdetails,customerid,,,,int,нет,345,341,341,—,(ключ записи),первичный ключ модульной таблицы = crmid,count,перенос,предложено,проверено SQL 2026-09-29,,ключ записи → vtigerId
,vtiger_customerportal_fields,tabid,,,,int,нет,14,,,—,—,метаданные/настройки Vtiger,count,не переносится: используется как источник проектирования модели и настроек,предложено,проверено SQL 2026-09-29,,—
,vtiger_customerportal_fields,fieldinfo,,,,text,нет,14,,,—,—,метаданные/настройки Vtiger,count,не переносится: используется как источник проектирования модели и настроек,предложено,проверено SQL 2026-09-29,,—
,vtiger_customerportal_fields,records_visible,,,,int,нет,13,,,—,—,метаданные/настройки Vtiger,count,не переносится: используется как источник проектирования модели и настроек,предложено,проверено SQL 2026-09-29,,—
,vtiger_customerportal_prefs,tabid,,,,int,нет,15,,,—,—,метаданные/настройки Vtiger,count,не переносится: используется как источник проектирования модели и настроек,предложено,проверено SQL 2026-09-29,,—
,vtiger_customerportal_prefs,prefkey,,,,varchar(100),нет,15,,,—,—,метаданные/настройки Vtiger,count,не переносится: используется как источник проектирования модели и настроек,предложено,проверено SQL 2026-09-29,,—
,vtiger_customerportal_prefs,prefvalue,,,,int,нет,15,,,—,—,метаданные/настройки Vtiger,count,не переносится: используется как источник проектирования модели и настроек,предложено,проверено SQL 2026-09-29,,—
,vtiger_customerportal_relatedmoduleinfo,tabid,,,,int,нет,11,,,—,—,метаданные/настройки Vtiger,count,не переносится: используется как источник проектирования модели и настроек,предложено,проверено SQL 2026-09-29,,—
,vtiger_customerportal_relatedmoduleinfo,relatedmodules,,,,text,нет,11,,,—,—,метаданные/настройки Vtiger,count,не переносится: используется как источник проектирования модели и настроек,предложено,проверено SQL 2026-09-29,,—
,vtiger_customerportal_settings,id,,,,int,нет,1,,,—,—,метаданные/настройки Vtiger,count,не переносится: используется как источник проектирования модели и настроек,предложено,проверено SQL 2026-09-29,,—
,vtiger_customerportal_settings,url,,,,varchar(250),нет,0,,,—,—,метаданные/настройки Vtiger,count,не переносится: используется как источник проектирования модели и настроек,предложено,проверено SQL 2026-09-29,,—
,vtiger_customerportal_settings,default_assignee,,,,int,нет,1,,,—,—,метаданные/настройки Vtiger,count,не переносится: используется как источник проектирования модели и настроек,предложено,проверено SQL 2026-09-29,,—
,vtiger_customerportal_settings,support_notification,,,,int,нет,0,,,—,—,метаданные/настройки Vtiger,count,не переносится: используется как источник проектирования модели и настроек,предложено,проверено SQL 2026-09-29,,—
,vtiger_customerportal_settings,announcement,,,,text,нет,0,,,—,—,метаданные/настройки Vtiger,count,не переносится: используется как источник проектирования модели и настроек,предложено,проверено SQL 2026-09-29,,—
,vtiger_customerportal_settings,shortcuts,,,,text,нет,1,,,—,—,метаданные/настройки Vtiger,count,не переносится: используется как источник проектирования модели и настроек,предложено,проверено SQL 2026-09-29,,—
,vtiger_customerportal_settings,widgets,,,,text,нет,1,,,—,—,метаданные/настройки Vtiger,count,не переносится: используется как источник проектирования модели и настроек,предложено,проверено SQL 2026-09-29,,—
,vtiger_customerportal_settings,charts,,,,text,нет,1,,,—,—,метаданные/настройки Vtiger,count,не переносится: используется как источник проектирования модели и настроек,предложено,проверено SQL 2026-09-29,,—
,vtiger_customerportal_tabs,tabid,,,,int,нет,14,,,—,—,метаданные/настройки Vtiger,count,не переносится: используется как источник проектирования модели и настроек,предложено,проверено SQL 2026-09-29,,—
,vtiger_customerportal_tabs,visible,,,,int,нет,14,,,—,—,метаданные/настройки Vtiger,count,не переносится: используется как источник проектирования модели и настроек,предложено,проверено SQL 2026-09-29,,—
,vtiger_customerportal_tabs,sequence,,,,int,нет,14,,,—,—,метаданные/настройки Vtiger,count,не переносится: используется как источник проектирования модели и настроек,предложено,проверено SQL 2026-09-29,,—
,vtiger_customerportal_tabs,createrecord,,,,tinyint(1),нет,14,,,—,—,метаданные/настройки Vtiger,count,не переносится: используется как источник проектирования модели и настроек,предложено,проверено SQL 2026-09-29,,—
,vtiger_customerportal_tabs,editrecord,,,,tinyint(1),нет,14,,,—,—,метаданные/настройки Vtiger,count,не переносится: используется как источник проектирования модели и настроек,предложено,проверено SQL 2026-09-29,,—
,vtiger_customview,cvid,,,,int,нет,69,,,—,—,фильтры списков,count,не переносится автоматически: ключевые фильтры воссоздаются вручную,предложено,проверено SQL 2026-09-29,,—
,vtiger_customview,viewname,,,,varchar(100),нет,69,,,—,—,фильтры списков,count,не переносится автоматически: ключевые фильтры воссоздаются вручную,предложено,проверено SQL 2026-09-29,,—
,vtiger_customview,setdefault,,,,int,нет,69,,,—,—,фильтры списков,count,не переносится автоматически: ключевые фильтры воссоздаются вручную,предложено,проверено SQL 2026-09-29,,—
,vtiger_customview,setmetrics,,,,int,нет,69,,,—,—,фильтры списков,count,не переносится автоматически: ключевые фильтры воссоздаются вручную,предложено,проверено SQL 2026-09-29,,—
,vtiger_customview,entitytype,,,,varchar(25),нет,69,,,—,—,фильтры списков,count,не переносится автоматически: ключевые фильтры воссоздаются вручную,предложено,проверено SQL 2026-09-29,,—
,vtiger_customview,status,,,,int,нет,69,,,—,—,фильтры списков,count,не переносится автоматически: ключевые фильтры воссоздаются вручную,предложено,проверено SQL 2026-09-29,,—
,vtiger_customview,userid,,,,int,нет,69,,,—,—,фильтры списков,count,не переносится автоматически: ключевые фильтры воссоздаются вручную,предложено,проверено SQL 2026-09-29,,—
,vtiger_customview_seq,id,,,,int,нет,1,,,—,—,последовательность,count,не переносится: счётчики EspoCRM свои; следующий номер документов задаётся настройкой нумерации,предложено,проверено SQL 2026-09-29,,—
,vtiger_cvadvfilter,cvid,,,,int,нет,16,,,—,—,фильтры списков,count,не переносится автоматически: ключевые фильтры воссоздаются вручную,предложено,проверено SQL 2026-09-29,,—
,vtiger_cvadvfilter,columnindex,,,,int,нет,16,,,—,—,фильтры списков,count,не переносится автоматически: ключевые фильтры воссоздаются вручную,предложено,проверено SQL 2026-09-29,,—
,vtiger_cvadvfilter,columnname,,,,varchar(250),нет,16,,,—,—,фильтры списков,count,не переносится автоматически: ключевые фильтры воссоздаются вручную,предложено,проверено SQL 2026-09-29,,—
,vtiger_cvadvfilter,comparator,,,,varchar(20),нет,16,,,—,—,фильтры списков,count,не переносится автоматически: ключевые фильтры воссоздаются вручную,предложено,проверено SQL 2026-09-29,,—
,vtiger_cvadvfilter,value,,,,varchar(512),нет,16,,,—,—,фильтры списков,count,не переносится автоматически: ключевые фильтры воссоздаются вручную,предложено,проверено SQL 2026-09-29,,—
,vtiger_cvadvfilter,groupid,,,,int,нет,16,,,—,—,фильтры списков,count,не переносится автоматически: ключевые фильтры воссоздаются вручную,предложено,проверено SQL 2026-09-29,,—
,vtiger_cvadvfilter,column_condition,,,,varchar(255),нет,16,,,—,—,фильтры списков,count,не переносится автоматически: ключевые фильтры воссоздаются вручную,предложено,проверено SQL 2026-09-29,,—
,vtiger_cvadvfilter_grouping,groupid,,,,int,нет,15,,,—,—,фильтры списков,count,не переносится автоматически: ключевые фильтры воссоздаются вручную,предложено,проверено SQL 2026-09-29,,—
,vtiger_cvadvfilter_grouping,cvid,,,,int,нет,15,,,—,—,фильтры списков,count,не переносится автоматически: ключевые фильтры воссоздаются вручную,предложено,проверено SQL 2026-09-29,,—
,vtiger_cvadvfilter_grouping,group_condition,,,,varchar(255),нет,0,,,—,—,фильтры списков,count,не переносится автоматически: ключевые фильтры воссоздаются вручную,предложено,проверено SQL 2026-09-29,,—
,vtiger_cvadvfilter_grouping,condition_expression,,,,text,нет,0,,,—,—,фильтры списков,count,не переносится автоматически: ключевые фильтры воссоздаются вручную,предложено,проверено SQL 2026-09-29,,—
,vtiger_cvcolumnlist,cvid,,,,int,нет,407,,,—,—,фильтры списков,count,не переносится автоматически: ключевые фильтры воссоздаются вручную,предложено,проверено SQL 2026-09-29,,—
,vtiger_cvcolumnlist,columnindex,,,,int,нет,407,,,—,—,фильтры списков,count,не переносится автоматически: ключевые фильтры воссоздаются вручную,предложено,проверено SQL 2026-09-29,,—
,vtiger_cvcolumnlist,columnname,,,,varchar(250),нет,407,,,—,—,фильтры списков,count,не переносится автоматически: ключевые фильтры воссоздаются вручную,предложено,проверено SQL 2026-09-29,,—
,vtiger_cvstdfilter,cvid,,,,int,нет,3,,,—,—,фильтры списков,count,не переносится автоматически: ключевые фильтры воссоздаются вручную,предложено,проверено SQL 2026-09-29,,—
,vtiger_cvstdfilter,columnname,,,,varchar(250),нет,3,,,—,—,фильтры списков,count,не переносится автоматически: ключевые фильтры воссоздаются вручную,предложено,проверено SQL 2026-09-29,,—
,vtiger_cvstdfilter,stdfilter,,,,varchar(250),нет,3,,,—,—,фильтры списков,count,не переносится автоматически: ключевые фильтры воссоздаются вручную,предложено,проверено SQL 2026-09-29,,—
,vtiger_cvstdfilter,startdate,,,,date,нет,3,,,—,—,фильтры списков,count,не переносится автоматически: ключевые фильтры воссоздаются вручную,предложено,проверено SQL 2026-09-29,,—
,vtiger_cvstdfilter,enddate,,,,date,нет,3,,,—,—,фильтры списков,count,не переносится автоматически: ключевые фильтры воссоздаются вручную,предложено,проверено SQL 2026-09-29,,—
,vtiger_dashboard_tabs,id,,,,int,нет,8,,,—,—,метаданные/настройки Vtiger,count,не переносится: используется как источник проектирования модели и настроек,предложено,проверено SQL 2026-09-29,,—
,vtiger_dashboard_tabs,tabname,,,,varchar(50),нет,8,,,—,—,метаданные/настройки Vtiger,count,не переносится: используется как источник проектирования модели и настроек,предложено,проверено SQL 2026-09-29,,—
,vtiger_dashboard_tabs,isdefault,,,,int,нет,8,,,—,—,метаданные/настройки Vtiger,count,не переносится: используется как источник проектирования модели и настроек,предложено,проверено SQL 2026-09-29,,—
,vtiger_dashboard_tabs,sequence,,,,int,нет,8,,,—,—,метаданные/настройки Vtiger,count,не переносится: используется как источник проектирования модели и настроек,предложено,проверено SQL 2026-09-29,,—
,vtiger_dashboard_tabs,appname,,,,varchar(20),нет,0,,,—,—,метаданные/настройки Vtiger,count,не переносится: используется как источник проектирования модели и настроек,предложено,проверено SQL 2026-09-29,,—
,vtiger_dashboard_tabs,modulename,,,,varchar(50),нет,0,,,—,—,метаданные/настройки Vtiger,count,не переносится: используется как источник проектирования модели и настроек,предложено,проверено SQL 2026-09-29,,—
,vtiger_dashboard_tabs,userid,,,,int,нет,8,,,—,—,метаданные/настройки Vtiger,count,не переносится: используется как источник проектирования модели и настроек,предложено,проверено SQL 2026-09-29,,—
,vtiger_datashare_module_rel,shareid,,,,int,нет,1,,,—,Role/Team,ACL,count,не переносится как данные: права воспроизводятся ролями/командами EspoCRM по module-decisions.md,предложено,проверено SQL 2026-09-29,,—
,vtiger_datashare_module_rel,tabid,,,,int,нет,1,,,—,Role/Team,ACL,count,не переносится как данные: права воспроизводятся ролями/командами EspoCRM по module-decisions.md,предложено,проверено SQL 2026-09-29,,—
,vtiger_datashare_module_rel,relationtype,,,,varchar(200),нет,1,,,—,Role/Team,ACL,count,не переносится как данные: права воспроизводятся ролями/командами EspoCRM по module-decisions.md,предложено,проверено SQL 2026-09-29,,—
,vtiger_datashare_module_rel_seq,id,,,,int,нет,1,,,—,—,последовательность,count,не переносится: счётчики EspoCRM свои; следующий номер документов задаётся настройкой нумерации,предложено,проверено SQL 2026-09-29,,—
,vtiger_datashare_relatedmodules,datashare_relatedmodule_id,,,,int,нет,9,,,—,Role/Team,ACL,count,не переносится как данные: права воспроизводятся ролями/командами EspoCRM по module-decisions.md,предложено,проверено SQL 2026-09-29,,—
,vtiger_datashare_relatedmodules,tabid,,,,int,нет,9,,,—,Role/Team,ACL,count,не переносится как данные: права воспроизводятся ролями/командами EspoCRM по module-decisions.md,предложено,проверено SQL 2026-09-29,,—
,vtiger_datashare_relatedmodules,relatedto_tabid,,,,int,нет,9,,,—,Role/Team,ACL,count,не переносится как данные: права воспроизводятся ролями/командами EspoCRM по module-decisions.md,предложено,проверено SQL 2026-09-29,,—
,vtiger_datashare_relatedmodules_seq,id,,,,int,нет,1,,,—,—,последовательность,count,не переносится: счётчики EspoCRM свои; следующий номер документов задаётся настройкой нумерации,предложено,проверено SQL 2026-09-29,,—
,vtiger_datashare_role2role,shareid,,,,int,нет,1,,,—,Role/Team,ACL,count,не переносится как данные: права воспроизводятся ролями/командами EspoCRM по module-decisions.md,предложено,проверено SQL 2026-09-29,,—
,vtiger_datashare_role2role,share_roleid,,,,varchar(255),нет,1,,,—,Role/Team,ACL,count,не переносится как данные: права воспроизводятся ролями/командами EspoCRM по module-decisions.md,предложено,проверено SQL 2026-09-29,,—
,vtiger_datashare_role2role,to_roleid,,,,varchar(255),нет,1,,,—,Role/Team,ACL,count,не переносится как данные: права воспроизводятся ролями/командами EspoCRM по module-decisions.md,предложено,проверено SQL 2026-09-29,,—
,vtiger_datashare_role2role,permission,,,,int,нет,1,,,—,Role/Team,ACL,count,не переносится как данные: права воспроизводятся ролями/командами EspoCRM по module-decisions.md,предложено,проверено SQL 2026-09-29,,—
,vtiger_date_format,date_formatid,,,,int,нет,3,,,—,—,пользовательские настройки,count,не переносится: настройки Preferences EspoCRM,предложено,проверено SQL 2026-09-29,,—
,vtiger_date_format,date_format,,,,varchar(200),нет,3,,,—,—,пользовательские настройки,count,не переносится: настройки Preferences EspoCRM,предложено,проверено SQL 2026-09-29,,—
,vtiger_date_format,sortorderid,,,,int,нет,3,,,—,—,пользовательские настройки,count,не переносится: настройки Preferences EspoCRM,предложено,проверено SQL 2026-09-29,,—
,vtiger_date_format,presence,,,,int,нет,3,,,—,—,пользовательские настройки,count,не переносится: настройки Preferences EspoCRM,предложено,проверено SQL 2026-09-29,,—
,vtiger_date_format_seq,id,,,,int,нет,1,,,—,—,последовательность,count,не переносится: счётчики EspoCRM свои; следующий номер документов задаётся настройкой нумерации,предложено,проверено SQL 2026-09-29,,—
,vtiger_dayoftheweek,dayoftheweekid,,,,int,нет,7,,,—,—,пользовательские настройки,count,не переносится: настройки Preferences EspoCRM,предложено,проверено SQL 2026-09-29,,—
,vtiger_dayoftheweek,dayoftheweek,,,,varchar(200),нет,7,,,—,—,пользовательские настройки,count,не переносится: настройки Preferences EspoCRM,предложено,проверено SQL 2026-09-29,,—
,vtiger_dayoftheweek,sortorderid,,,,int,нет,7,,,—,—,пользовательские настройки,count,не переносится: настройки Preferences EspoCRM,предложено,проверено SQL 2026-09-29,,—
,vtiger_dayoftheweek,presence,,,,int,нет,7,,,—,—,пользовательские настройки,count,не переносится: настройки Preferences EspoCRM,предложено,проверено SQL 2026-09-29,,—
,vtiger_dayoftheweek_seq,id,,,,int,нет,1,,,—,—,последовательность,count,не переносится: счётчики EspoCRM свои; следующий номер документов задаётся настройкой нумерации,предложено,проверено SQL 2026-09-29,,—
,vtiger_def_org_field,tabid,,,,int,нет,1299,,,—,Role/Team,ACL,count,не переносится как данные: права воспроизводятся ролями/командами EspoCRM по module-decisions.md,предложено,проверено SQL 2026-09-29,,—
,vtiger_def_org_field,fieldid,,,,int,нет,1299,,,—,Role/Team,ACL,count,не переносится как данные: права воспроизводятся ролями/командами EspoCRM по module-decisions.md,предложено,проверено SQL 2026-09-29,,—
,vtiger_def_org_field,visible,,,,int,нет,1299,,,—,Role/Team,ACL,count,не переносится как данные: права воспроизводятся ролями/командами EspoCRM по module-decisions.md,предложено,проверено SQL 2026-09-29,,—
,vtiger_def_org_field,readonly,,,,int,нет,1299,,,—,Role/Team,ACL,count,не переносится как данные: права воспроизводятся ролями/командами EspoCRM по module-decisions.md,предложено,проверено SQL 2026-09-29,,—
,vtiger_def_org_share,ruleid,,,,int,нет,77,,,—,Role/Team,ACL,count,не переносится как данные: права воспроизводятся ролями/командами EspoCRM по module-decisions.md,предложено,проверено SQL 2026-09-29,,—
,vtiger_def_org_share,tabid,,,,int,нет,77,,,—,Role/Team,ACL,count,не переносится как данные: права воспроизводятся ролями/командами EspoCRM по module-decisions.md,предложено,проверено SQL 2026-09-29,,—
,vtiger_def_org_share,permission,,,,int,нет,77,,,—,Role/Team,ACL,count,не переносится как данные: права воспроизводятся ролями/командами EspoCRM по module-decisions.md,предложено,проверено SQL 2026-09-29,,—
,vtiger_def_org_share,editstatus,,,,int,нет,77,,,—,Role/Team,ACL,count,не переносится как данные: права воспроизводятся ролями/командами EspoCRM по module-decisions.md,предложено,проверено SQL 2026-09-29,,—
,vtiger_def_org_share_seq,id,,,,int,нет,1,,,—,—,последовательность,count,не переносится: счётчики EspoCRM свои; следующий номер документов задаётся настройкой нумерации,предложено,проверено SQL 2026-09-29,,—
,vtiger_default_record_view,default_record_viewid,,,,int,нет,2,,,—,—,пользовательские настройки,count,не переносится: настройки Preferences EspoCRM,предложено,проверено SQL 2026-09-29,,—
,vtiger_default_record_view,default_record_view,,,,varchar(200),нет,2,,,—,—,пользовательские настройки,count,не переносится: настройки Preferences EspoCRM,предложено,проверено SQL 2026-09-29,,—
,vtiger_default_record_view,sortorderid,,,,int,нет,2,,,—,—,пользовательские настройки,count,не переносится: настройки Preferences EspoCRM,предложено,проверено SQL 2026-09-29,,—
,vtiger_default_record_view,presence,,,,int,нет,2,,,—,—,пользовательские настройки,count,не переносится: настройки Preferences EspoCRM,предложено,проверено SQL 2026-09-29,,—
,vtiger_default_record_view_seq,id,,,,int,нет,1,,,—,—,последовательность,count,не переносится: счётчики EspoCRM свои; следующий номер документов задаётся настройкой нумерации,предложено,проверено SQL 2026-09-29,,—
,vtiger_defaultactivitytype,defaultactivitytypeid,,,,int,нет,2,,,—,—,пользовательские настройки,count,не переносится: настройки Preferences EspoCRM,предложено,проверено SQL 2026-09-29,,—
,vtiger_defaultactivitytype,defaultactivitytype,,,,varchar(200),нет,2,,,—,—,пользовательские настройки,count,не переносится: настройки Preferences EspoCRM,предложено,проверено SQL 2026-09-29,,—
,vtiger_defaultactivitytype,presence,,,,int,нет,2,,,—,—,пользовательские настройки,count,не переносится: настройки Preferences EspoCRM,предложено,проверено SQL 2026-09-29,,—
,vtiger_defaultactivitytype,picklist_valueid,,,,int,нет,2,,,—,—,пользовательские настройки,count,не переносится: настройки Preferences EspoCRM,предложено,проверено SQL 2026-09-29,,—
,vtiger_defaultactivitytype,sortorderid,,,,int,нет,2,,,—,—,пользовательские настройки,count,не переносится: настройки Preferences EspoCRM,предложено,проверено SQL 2026-09-29,,—
,vtiger_defaultactivitytype_seq,id,,,,int,нет,1,,,—,—,последовательность,count,не переносится: счётчики EspoCRM свои; следующий номер документов задаётся настройкой нумерации,предложено,проверено SQL 2026-09-29,,—
,vtiger_defaultcalendarview,defaultcalendarviewid,,,,int,нет,3,,,—,—,пользовательские настройки,count,не переносится: настройки Preferences EspoCRM,предложено,проверено SQL 2026-09-29,,—
,vtiger_defaultcalendarview,defaultcalendarview,,,,varchar(200),нет,3,,,—,—,пользовательские настройки,count,не переносится: настройки Preferences EspoCRM,предложено,проверено SQL 2026-09-29,,—
,vtiger_defaultcalendarview,sortorderid,,,,int,нет,3,,,—,—,пользовательские настройки,count,не переносится: настройки Preferences EspoCRM,предложено,проверено SQL 2026-09-29,,—
,vtiger_defaultcalendarview,presence,,,,int,нет,3,,,—,—,пользовательские настройки,count,не переносится: настройки Preferences EspoCRM,предложено,проверено SQL 2026-09-29,,—
,vtiger_defaultcalendarview_seq,id,,,,int,нет,1,,,—,—,последовательность,count,не переносится: счётчики EspoCRM свои; следующий номер документов задаётся настройкой нумерации,предложено,проверено SQL 2026-09-29,,—
,vtiger_defaulteventstatus,defaulteventstatusid,,,,int,нет,3,,,—,—,пользовательские настройки,count,не переносится: настройки Preferences EspoCRM,предложено,проверено SQL 2026-09-29,,—
,vtiger_defaulteventstatus,defaulteventstatus,,,,varchar(200),нет,3,,,—,—,пользовательские настройки,count,не переносится: настройки Preferences EspoCRM,предложено,проверено SQL 2026-09-29,,—
,vtiger_defaulteventstatus,presence,,,,int,нет,3,,,—,—,пользовательские настройки,count,не переносится: настройки Preferences EspoCRM,предложено,проверено SQL 2026-09-29,,—
,vtiger_defaulteventstatus,picklist_valueid,,,,int,нет,3,,,—,—,пользовательские настройки,count,не переносится: настройки Preferences EspoCRM,предложено,проверено SQL 2026-09-29,,—
,vtiger_defaulteventstatus,sortorderid,,,,int,нет,3,,,—,—,пользовательские настройки,count,не переносится: настройки Preferences EspoCRM,предложено,проверено SQL 2026-09-29,,—
,vtiger_defaulteventstatus_seq,id,,,,int,нет,1,,,—,—,последовательность,count,не переносится: счётчики EspoCRM свои; следующий номер документов задаётся настройкой нумерации,предложено,проверено SQL 2026-09-29,,—
,vtiger_duration_minutes,minutesid,,,,int,нет,4,,,—,entityDefs options,справочник значений пикл-листа,count,переносится как опции enum в метаданных EspoCRM (фактически используемые значения — в source-inventory),предложено,проверено SQL 2026-09-29,,служебный список минут; длительность → Call/Meeting.duration
,vtiger_duration_minutes,duration_minutes,,,,varchar(200),нет,4,,,—,entityDefs options,справочник значений пикл-листа,count,переносится как опции enum в метаданных EspoCRM (фактически используемые значения — в source-inventory),предложено,проверено SQL 2026-09-29,,служебный список минут; длительность → Call/Meeting.duration
,vtiger_duration_minutes,sortorderid,,,,int,нет,4,,,—,entityDefs options,справочник значений пикл-листа,count,переносится как опции enum в метаданных EspoCRM (фактически используемые значения — в source-inventory),предложено,проверено SQL 2026-09-29,,служебный список минут; длительность → Call/Meeting.duration
,vtiger_duration_minutes,presence,,,,int,нет,4,,,—,entityDefs options,справочник значений пикл-листа,count,переносится как опции enum в метаданных EspoCRM (фактически используемые значения — в source-inventory),предложено,проверено SQL 2026-09-29,,служебный список минут; длительность → Call/Meeting.duration
,vtiger_duration_minutes,color,,,,varchar(10),нет,0,,,—,entityDefs options,справочник значений пикл-листа,count,переносится как опции enum в метаданных EspoCRM (фактически используемые значения — в source-inventory),предложено,проверено SQL 2026-09-29,,служебный список минут; длительность → Call/Meeting.duration
,vtiger_duration_minutes_seq,id,,,,int,нет,1,,,—,—,последовательность,count,не переносится: счётчики EspoCRM свои; следующий номер документов задаётся настройкой нумерации,предложено,проверено SQL 2026-09-29,,—
,vtiger_email_track,crmid,,,,int,нет,174,23,23,—,Email.vtigerData.track,трекинг открытий писем,count,архив (только чтение),реализовано (этап 03),проверено SQL 2026-09-29,,ok: Email.vtigerData jsonObject
,vtiger_email_track,mailid,,,,int,нет,174,23,23,—,Email.vtigerData.track,трекинг открытий писем,count,архив (только чтение),реализовано (этап 03),проверено SQL 2026-09-29,,ok: Email.vtigerData jsonObject
,vtiger_emaildetails,emailid,,,,int,нет,180,29,29,—,(ключ записи),первичный ключ модульной таблицы = crmid,count,перенос,предложено,проверено SQL 2026-09-29,,ключ записи → vtigerId
,vtiger_emaildetails,assigned_user_email,,,,varchar(50),нет,0,29,0,—,—,нет данных,count,пусто — данных нет,предложено,проверено SQL 2026-09-29,,—
,vtiger_emailslookup,crmid,,,,int,нет,127,,,—,—,кэш/индексы,count,не переносится: производные данные,предложено,проверено SQL 2026-09-29,,—
,vtiger_emailslookup,setype,,,,varchar(100),нет,127,,,—,—,кэш/индексы,count,не переносится: производные данные,предложено,проверено SQL 2026-09-29,,—
,vtiger_emailslookup,value,,,,varchar(100),нет,127,,,—,—,кэш/индексы,count,не переносится: производные данные,предложено,проверено SQL 2026-09-29,,—
,vtiger_emailslookup,fieldid,,,,int,нет,127,,,—,—,кэш/индексы,count,не переносится: производные данные,предложено,проверено SQL 2026-09-29,,—
,vtiger_emailtemplates,foldername,,,,varchar(100),нет,15,,,—,Template (собств.),шаблоны,count,переносится как спецификация (print-forms.md); реализация собственным кодом,предложено,проверено SQL 2026-09-29,,этап 05 (печатные формы)
,vtiger_emailtemplates,templatename,,,,varchar(100),нет,15,,,—,Template (собств.),шаблоны,count,переносится как спецификация (print-forms.md); реализация собственным кодом,предложено,проверено SQL 2026-09-29,,этап 05 (печатные формы)
,vtiger_emailtemplates,templatepath,,,,varchar(100),нет,0,,,—,Template (собств.),шаблоны,count,переносится как спецификация (print-forms.md); реализация собственным кодом,предложено,проверено SQL 2026-09-29,,этап 05 (печатные формы)
,vtiger_emailtemplates,subject,,,,varchar(255),нет,15,,,—,Template (собств.),шаблоны,count,переносится как спецификация (print-forms.md); реализация собственным кодом,предложено,проверено SQL 2026-09-29,,этап 05 (печатные формы)
,vtiger_emailtemplates,description,,,,text,нет,15,,,—,Template (собств.),шаблоны,count,переносится как спецификация (print-forms.md); реализация собственным кодом,предложено,проверено SQL 2026-09-29,,этап 05 (печатные формы)
,vtiger_emailtemplates,body,,,,text,нет,15,,,—,Template (собств.),шаблоны,count,переносится как спецификация (print-forms.md); реализация собственным кодом,предложено,проверено SQL 2026-09-29,,этап 05 (печатные формы)
,vtiger_emailtemplates,deleted,,,,int,нет,15,,,—,Template (собств.),шаблоны,count,переносится как спецификация (print-forms.md); реализация собственным кодом,предложено,проверено SQL 2026-09-29,,этап 05 (печатные формы)
,vtiger_emailtemplates,templateid,,,,int,нет,15,,,—,Template (собств.),шаблоны,count,переносится как спецификация (print-forms.md); реализация собственным кодом,предложено,проверено SQL 2026-09-29,,этап 05 (печатные формы)
,vtiger_emailtemplates,systemtemplate,,,,int,нет,15,,,—,Template (собств.),шаблоны,count,переносится как спецификация (print-forms.md); реализация собственным кодом,предложено,проверено SQL 2026-09-29,,этап 05 (печатные формы)
,vtiger_emailtemplates,module,,,,varchar(100),нет,1,,,—,Template (собств.),шаблоны,count,переносится как спецификация (print-forms.md); реализация собственным кодом,предложено,проверено SQL 2026-09-29,,этап 05 (печатные формы)
,vtiger_emailtemplates_seq,id,,,,int,нет,1,,,—,—,последовательность,count,не переносится: счётчики EspoCRM свои; следующий номер документов задаётся настройкой нумерации,предложено,проверено SQL 2026-09-29,,—
,vtiger_entityname,tabid,,,,int,нет,43,,,—,—,метаданные/настройки Vtiger,count,не переносится: используется как источник проектирования модели и настроек,предложено,проверено SQL 2026-09-29,,—
,vtiger_entityname,modulename,,,,varchar(100),нет,43,,,—,—,метаданные/настройки Vtiger,count,не переносится: используется как источник проектирования модели и настроек,предложено,проверено SQL 2026-09-29,,—
,vtiger_entityname,tablename,,,,varchar(100),нет,43,,,—,—,метаданные/настройки Vtiger,count,не переносится: используется как источник проектирования модели и настроек,предложено,проверено SQL 2026-09-29,,—
,vtiger_entityname,fieldname,,,,varchar(150),нет,43,,,—,—,метаданные/настройки Vtiger,count,не переносится: используется как источник проектирования модели и настроек,предложено,проверено SQL 2026-09-29,,—
,vtiger_entityname,entityidfield,,,,varchar(150),нет,43,,,—,—,метаданные/настройки Vtiger,count,не переносится: используется как источник проектирования модели и настроек,предложено,проверено SQL 2026-09-29,,—
,vtiger_entityname,entityidcolumn,,,,varchar(150),нет,43,,,—,—,метаданные/настройки Vtiger,count,не переносится: используется как источник проектирования модели и настроек,предложено,проверено SQL 2026-09-29,,—
,vtiger_eventhandler_module,eventhandler_module_id,,,,int,нет,9,,,—,—,метаданные/настройки Vtiger,count,не переносится: используется как источник проектирования модели и настроек,предложено,проверено SQL 2026-09-29,,—
,vtiger_eventhandler_module,module_name,,,,varchar(100),нет,9,,,—,—,метаданные/настройки Vtiger,count,не переносится: используется как источник проектирования модели и настроек,предложено,проверено SQL 2026-09-29,,—
,vtiger_eventhandler_module,handler_class,,,,varchar(100),нет,9,,,—,—,метаданные/настройки Vtiger,count,не переносится: используется как источник проектирования модели и настроек,предложено,проверено SQL 2026-09-29,,—
,vtiger_eventhandler_module_seq,id,,,,int,нет,1,,,—,—,последовательность,count,не переносится: счётчики EspoCRM свои; следующий номер документов задаётся настройкой нумерации,предложено,проверено SQL 2026-09-29,,—
,vtiger_eventhandlers,eventhandler_id,,,,int,нет,34,,,—,—,метаданные/настройки Vtiger,count,не переносится: используется как источник проектирования модели и настроек,предложено,проверено SQL 2026-09-29,,—
,vtiger_eventhandlers,event_name,,,,varchar(100),нет,34,,,—,—,метаданные/настройки Vtiger,count,не переносится: используется как источник проектирования модели и настроек,предложено,проверено SQL 2026-09-29,,—
,vtiger_eventhandlers,handler_path,,,,varchar(400),нет,34,,,—,—,метаданные/настройки Vtiger,count,не переносится: используется как источник проектирования модели и настроек,предложено,проверено SQL 2026-09-29,,—
,vtiger_eventhandlers,handler_class,,,,varchar(100),нет,34,,,—,—,метаданные/настройки Vtiger,count,не переносится: используется как источник проектирования модели и настроек,предложено,проверено SQL 2026-09-29,,—
,vtiger_eventhandlers,cond,,,,text,нет,0,,,—,—,метаданные/настройки Vtiger,count,не переносится: используется как источник проектирования модели и настроек,предложено,проверено SQL 2026-09-29,,—
,vtiger_eventhandlers,is_active,,,,int,нет,34,,,—,—,метаданные/настройки Vtiger,count,не переносится: используется как источник проектирования модели и настроек,предложено,проверено SQL 2026-09-29,,—
,vtiger_eventhandlers,dependent_on,,,,varchar(255),нет,34,,,—,—,метаданные/настройки Vtiger,count,не переносится: используется как источник проектирования модели и настроек,предложено,проверено SQL 2026-09-29,,—
,vtiger_eventhandlers_seq,id,,,,int,нет,1,,,—,—,последовательность,count,не переносится: счётчики EspoCRM свои; следующий номер документов задаётся настройкой нумерации,предложено,проверено SQL 2026-09-29,,—
,vtiger_eventstatus,eventstatusid,,,,int,нет,3,,,—,entityDefs options,справочник значений пикл-листа,count,переносится как опции enum в метаданных EspoCRM (фактически используемые значения — в source-inventory),реализовано (этап 03),проверено SQL 2026-09-29,,"ok: опции Call.status, Meeting.status (metadata/vtigerValueMap, D-19, Q-32)"
,vtiger_eventstatus,eventstatus,,,,varchar(200),нет,3,,,—,entityDefs options,справочник значений пикл-листа,count,переносится как опции enum в метаданных EspoCRM (фактически используемые значения — в source-inventory),реализовано (этап 03),проверено SQL 2026-09-29,,"ok: опции Call.status, Meeting.status (metadata/vtigerValueMap, D-19, Q-32)"
,vtiger_eventstatus,presence,,,,int,нет,3,,,—,entityDefs options,справочник значений пикл-листа,count,переносится как опции enum в метаданных EspoCRM (фактически используемые значения — в source-inventory),реализовано (этап 03),проверено SQL 2026-09-29,,"ok: опции Call.status, Meeting.status (metadata/vtigerValueMap, D-19, Q-32)"
,vtiger_eventstatus,picklist_valueid,,,,int,нет,3,,,—,entityDefs options,справочник значений пикл-листа,count,переносится как опции enum в метаданных EspoCRM (фактически используемые значения — в source-inventory),реализовано (этап 03),проверено SQL 2026-09-29,,"ok: опции Call.status, Meeting.status (metadata/vtigerValueMap, D-19, Q-32)"
,vtiger_eventstatus,sortorderid,,,,int,нет,3,,,—,entityDefs options,справочник значений пикл-листа,count,переносится как опции enum в метаданных EspoCRM (фактически используемые значения — в source-inventory),реализовано (этап 03),проверено SQL 2026-09-29,,"ok: опции Call.status, Meeting.status (metadata/vtigerValueMap, D-19, Q-32)"
,vtiger_eventstatus,color,,,,varchar(10),нет,0,,,—,entityDefs options,справочник значений пикл-листа,count,переносится как опции enum в метаданных EspoCRM (фактически используемые значения — в source-inventory),реализовано (этап 03),проверено SQL 2026-09-29,,"ok: опции Call.status, Meeting.status (metadata/vtigerValueMap, D-19, Q-32)"
,vtiger_eventstatus_seq,id,,,,int,нет,1,,,—,—,последовательность,count,не переносится: счётчики EspoCRM свои; следующий номер документов задаётся настройкой нумерации,предложено,проверено SQL 2026-09-29,,—
,vtiger_expectedresponse,expectedresponseid,,,,int,нет,4,,,—,entityDefs options,справочник значений пикл-листа,count,переносится как опции enum в метаданных EspoCRM (фактически используемые значения — в source-inventory),предложено,проверено SQL 2026-09-29,,"не используется: поле без данных, служебное или модуль без записей"
,vtiger_expectedresponse,expectedresponse,,,,varchar(200),нет,4,,,—,entityDefs options,справочник значений пикл-листа,count,переносится как опции enum в метаданных EspoCRM (фактически используемые значения — в source-inventory),предложено,проверено SQL 2026-09-29,,"не используется: поле без данных, служебное или модуль без записей"
,vtiger_expectedresponse,presence,,,,int,нет,4,,,—,entityDefs options,справочник значений пикл-листа,count,переносится как опции enum в метаданных EspoCRM (фактически используемые значения — в source-inventory),предложено,проверено SQL 2026-09-29,,"не используется: поле без данных, служебное или модуль без записей"
,vtiger_expectedresponse,picklist_valueid,,,,int,нет,4,,,—,entityDefs options,справочник значений пикл-листа,count,переносится как опции enum в метаданных EspoCRM (фактически используемые значения — в source-inventory),предложено,проверено SQL 2026-09-29,,"не используется: поле без данных, служебное или модуль без записей"
,vtiger_expectedresponse,sortorderid,,,,int,нет,4,,,—,entityDefs options,справочник значений пикл-листа,count,переносится как опции enum в метаданных EspoCRM (фактически используемые значения — в source-inventory),предложено,проверено SQL 2026-09-29,,"не используется: поле без данных, служебное или модуль без записей"
,vtiger_expectedresponse,color,,,,varchar(10),нет,0,,,—,entityDefs options,справочник значений пикл-листа,count,переносится как опции enum в метаданных EspoCRM (фактически используемые значения — в source-inventory),предложено,проверено SQL 2026-09-29,,"не используется: поле без данных, служебное или модуль без записей"
,vtiger_expectedresponse_seq,id,,,,int,нет,1,,,—,—,последовательность,count,не переносится: счётчики EspoCRM свои; следующий номер документов задаётся настройкой нумерации,предложено,проверено SQL 2026-09-29,,—
,vtiger_faq,id,,,,int,нет,63,63,63,—,(ключ записи),первичный ключ модульной таблицы = crmid,count,перенос,предложено,проверено SQL 2026-09-29,,ключ записи → vtigerId
,vtiger_faqcategories,faqcategories_id,,,,int,нет,1,,,—,entityDefs options,справочник значений пикл-листа,count,переносится как опции enum в метаданных EspoCRM (фактически используемые значения — в source-inventory),предложено,проверено SQL 2026-09-29,,записи KnowledgeBaseCategory (General → «Общее»)
,vtiger_faqcategories,faqcategories,,,,varchar(200),нет,1,,,—,entityDefs options,справочник значений пикл-листа,count,переносится как опции enum в метаданных EspoCRM (фактически используемые значения — в source-inventory),предложено,проверено SQL 2026-09-29,,записи KnowledgeBaseCategory (General → «Общее»)
,vtiger_faqcategories,presence,,,,int,нет,1,,,—,entityDefs options,справочник значений пикл-листа,count,переносится как опции enum в метаданных EspoCRM (фактически используемые значения — в source-inventory),предложено,проверено SQL 2026-09-29,,записи KnowledgeBaseCategory (General → «Общее»)
,vtiger_faqcategories,picklist_valueid,,,,int,нет,1,,,—,entityDefs options,справочник значений пикл-листа,count,переносится как опции enum в метаданных EspoCRM (фактически используемые значения — в source-inventory),предложено,проверено SQL 2026-09-29,,записи KnowledgeBaseCategory (General → «Общее»)
,vtiger_faqcategories,sortorderid,,,,int,нет,1,,,—,entityDefs options,справочник значений пикл-листа,count,переносится как опции enum в метаданных EspoCRM (фактически используемые значения — в source-inventory),предложено,проверено SQL 2026-09-29,,записи KnowledgeBaseCategory (General → «Общее»)
,vtiger_faqcategories,color,,,,varchar(10),нет,0,,,—,entityDefs options,справочник значений пикл-листа,count,переносится как опции enum в метаданных EspoCRM (фактически используемые значения — в source-inventory),предложено,проверено SQL 2026-09-29,,записи KnowledgeBaseCategory (General → «Общее»)
,vtiger_faqcategories_seq,id,,,,int,нет,1,,,—,—,последовательность,count,не переносится: счётчики EspoCRM свои; следующий номер документов задаётся настройкой нумерации,предложено,проверено SQL 2026-09-29,,—
,vtiger_faqcf,faqid,,,,int,нет,63,,,—,—,таблица кастомных полей без данных,count,только ключ записи; кастомных колонок с данными нет,предложено,проверено SQL 2026-09-29,,—
,vtiger_faqstatus,faqstatus_id,,,,int,нет,4,,,—,entityDefs options,справочник значений пикл-листа,count,переносится как опции enum в метаданных EspoCRM (фактически используемые значения — в source-inventory),реализовано (этап 03),проверено SQL 2026-09-29,,"ok: опции KnowledgeBaseArticle.status (metadata/vtigerValueMap, D-19, Q-32)"
,vtiger_faqstatus,faqstatus,,,,varchar(200),нет,4,,,—,entityDefs options,справочник значений пикл-листа,count,переносится как опции enum в метаданных EspoCRM (фактически используемые значения — в source-inventory),реализовано (этап 03),проверено SQL 2026-09-29,,"ok: опции KnowledgeBaseArticle.status (metadata/vtigerValueMap, D-19, Q-32)"
,vtiger_faqstatus,presence,,,,int,нет,4,,,—,entityDefs options,справочник значений пикл-листа,count,переносится как опции enum в метаданных EspoCRM (фактически используемые значения — в source-inventory),реализовано (этап 03),проверено SQL 2026-09-29,,"ok: опции KnowledgeBaseArticle.status (metadata/vtigerValueMap, D-19, Q-32)"
,vtiger_faqstatus,picklist_valueid,,,,int,нет,4,,,—,entityDefs options,справочник значений пикл-листа,count,переносится как опции enum в метаданных EspoCRM (фактически используемые значения — в source-inventory),реализовано (этап 03),проверено SQL 2026-09-29,,"ok: опции KnowledgeBaseArticle.status (metadata/vtigerValueMap, D-19, Q-32)"
,vtiger_faqstatus,sortorderid,,,,int,нет,4,,,—,entityDefs options,справочник значений пикл-листа,count,переносится как опции enum в метаданных EspoCRM (фактически используемые значения — в source-inventory),реализовано (этап 03),проверено SQL 2026-09-29,,"ok: опции KnowledgeBaseArticle.status (metadata/vtigerValueMap, D-19, Q-32)"
,vtiger_faqstatus,color,,,,varchar(10),нет,0,,,—,entityDefs options,справочник значений пикл-листа,count,переносится как опции enum в метаданных EspoCRM (фактически используемые значения — в source-inventory),реализовано (этап 03),проверено SQL 2026-09-29,,"ok: опции KnowledgeBaseArticle.status (metadata/vtigerValueMap, D-19, Q-32)"
,vtiger_faqstatus_seq,id,,,,int,нет,1,,,—,—,последовательность,count,не переносится: счётчики EspoCRM свои; следующий номер документов задаётся настройкой нумерации,предложено,проверено SQL 2026-09-29,,—
,vtiger_field,tabid,,,,int,нет,1275,,,—,—,метаданные/настройки Vtiger,count,не переносится: используется как источник проектирования модели и настроек,предложено,проверено SQL 2026-09-29,,—
,vtiger_field,fieldid,,,,int,нет,1275,,,—,—,метаданные/настройки Vtiger,count,не переносится: используется как источник проектирования модели и настроек,предложено,проверено SQL 2026-09-29,,—
,vtiger_field,columnname,,,,varchar(50),нет,1275,,,—,—,метаданные/настройки Vtiger,count,не переносится: используется как источник проектирования модели и настроек,предложено,проверено SQL 2026-09-29,,—
,vtiger_field,tablename,,,,varchar(100),нет,1275,,,—,—,метаданные/настройки Vtiger,count,не переносится: используется как источник проектирования модели и настроек,предложено,проверено SQL 2026-09-29,,—
,vtiger_field,generatedtype,,,,int,нет,1275,,,—,—,метаданные/настройки Vtiger,count,не переносится: используется как источник проектирования модели и настроек,предложено,проверено SQL 2026-09-29,,—
,vtiger_field,uitype,,,,varchar(30),нет,1275,,,—,—,метаданные/настройки Vtiger,count,не переносится: используется как источник проектирования модели и настроек,предложено,проверено SQL 2026-09-29,,—
,vtiger_field,fieldname,,,,varchar(50),нет,1275,,,—,—,метаданные/настройки Vtiger,count,не переносится: используется как источник проектирования модели и настроек,предложено,проверено SQL 2026-09-29,,—
,vtiger_field,fieldlabel,,,,varchar(50),нет,1275,,,—,—,метаданные/настройки Vtiger,count,не переносится: используется как источник проектирования модели и настроек,предложено,проверено SQL 2026-09-29,,—
,vtiger_field,readonly,,,,int,нет,1275,,,—,—,метаданные/настройки Vtiger,count,не переносится: используется как источник проектирования модели и настроек,предложено,проверено SQL 2026-09-29,,—
,vtiger_field,presence,,,,int,нет,1275,,,—,—,метаданные/настройки Vtiger,count,не переносится: используется как источник проектирования модели и настроек,предложено,проверено SQL 2026-09-29,,—
,vtiger_field,defaultvalue,,,,text,нет,76,,,—,—,метаданные/настройки Vtiger,count,не переносится: используется как источник проектирования модели и настроек,предложено,проверено SQL 2026-09-29,,—
,vtiger_field,maximumlength,,,,int,нет,1275,,,—,—,метаданные/настройки Vtiger,count,не переносится: используется как источник проектирования модели и настроек,предложено,проверено SQL 2026-09-29,,—
,vtiger_field,sequence,,,,int,нет,1275,,,—,—,метаданные/настройки Vtiger,count,не переносится: используется как источник проектирования модели и настроек,предложено,проверено SQL 2026-09-29,,—
,vtiger_field,block,,,,int,нет,1271,,,—,—,метаданные/настройки Vtiger,count,не переносится: используется как источник проектирования модели и настроек,предложено,проверено SQL 2026-09-29,,—
,vtiger_field,displaytype,,,,int,нет,1275,,,—,—,метаданные/настройки Vtiger,count,не переносится: используется как источник проектирования модели и настроек,предложено,проверено SQL 2026-09-29,,—
,vtiger_field,typeofdata,,,,varchar(100),нет,1271,,,—,—,метаданные/настройки Vtiger,count,не переносится: используется как источник проектирования модели и настроек,предложено,проверено SQL 2026-09-29,,—
,vtiger_field,quickcreate,,,,int,нет,1275,,,—,—,метаданные/настройки Vtiger,count,не переносится: используется как источник проектирования модели и настроек,предложено,проверено SQL 2026-09-29,,—
,vtiger_field,quickcreatesequence,,,,int,нет,799,,,—,—,метаданные/настройки Vtiger,count,не переносится: используется как источник проектирования модели и настроек,предложено,проверено SQL 2026-09-29,,—
,vtiger_field,info_type,,,,varchar(20),нет,1275,,,—,—,метаданные/настройки Vtiger,count,не переносится: используется как источник проектирования модели и настроек,предложено,проверено SQL 2026-09-29,,—
,vtiger_field,masseditable,,,,int,нет,1275,,,—,—,метаданные/настройки Vtiger,count,не переносится: используется как источник проектирования модели и настроек,предложено,проверено SQL 2026-09-29,,—
,vtiger_field,helpinfo,,,,text,нет,29,,,—,—,метаданные/настройки Vtiger,count,не переносится: используется как источник проектирования модели и настроек,предложено,проверено SQL 2026-09-29,,—
,vtiger_field,summaryfield,,,,int,нет,1275,,,—,—,метаданные/настройки Vtiger,count,не переносится: используется как источник проектирования модели и настроек,предложено,проверено SQL 2026-09-29,,—
,vtiger_field,headerfield,,,,int,нет,566,,,—,—,метаданные/настройки Vtiger,count,не переносится: используется как источник проектирования модели и настроек,предложено,проверено SQL 2026-09-29,,—
,vtiger_field,isunique,,,,tinyint(1),нет,1275,,,—,—,метаданные/настройки Vtiger,count,не переносится: используется как источник проектирования модели и настроек,предложено,проверено SQL 2026-09-29,,—
,vtiger_field_seq,id,,,,int,нет,1,,,—,—,последовательность,count,не переносится: счётчики EspoCRM свои; следующий номер документов задаётся настройкой нумерации,предложено,проверено SQL 2026-09-29,,—
,vtiger_fieldmodulerel,fieldid,,,,int,нет,105,,,—,—,метаданные/настройки Vtiger,count,не переносится: используется как источник проектирования модели и настроек,предложено,проверено SQL 2026-09-29,,—
,vtiger_fieldmodulerel,module,,,,varchar(100),нет,105,,,—,—,метаданные/настройки Vtiger,count,не переносится: используется как источник проектирования модели и настроек,предложено,проверено SQL 2026-09-29,,—
,vtiger_fieldmodulerel,relmodule,,,,varchar(100),нет,105,,,—,—,метаданные/настройки Vtiger,count,не переносится: используется как источник проектирования модели и настроек,предложено,проверено SQL 2026-09-29,,—
,vtiger_fieldmodulerel,status,,,,varchar(10),нет,0,,,—,—,метаданные/настройки Vtiger,count,не переносится: используется как источник проектирования модели и настроек,предложено,проверено SQL 2026-09-29,,—
,vtiger_fieldmodulerel,sequence,,,,int,нет,1,,,—,—,метаданные/настройки Vtiger,count,не переносится: используется как источник проектирования модели и настроек,предложено,проверено SQL 2026-09-29,,—
,vtiger_freetagged_objects,tag_id,,,,int,нет,33,,,—,links EspoCRM,связь,count,переносится как связь (см. relations.csv),предложено,проверено SQL 2026-09-29,,связь — проверяется в relations.csv
,vtiger_freetagged_objects,tagger_id,,,,int,нет,33,,,—,links EspoCRM,связь,count,переносится как связь (см. relations.csv),предложено,проверено SQL 2026-09-29,,связь — проверяется в relations.csv
,vtiger_freetagged_objects,object_id,,,,int,нет,33,,,—,links EspoCRM,связь,count,переносится как связь (см. relations.csv),предложено,проверено SQL 2026-09-29,,связь — проверяется в relations.csv
,vtiger_freetagged_objects,tagged_on,,,,timestamp,нет,33,,,—,links EspoCRM,связь,count,переносится как связь (см. relations.csv),предложено,проверено SQL 2026-09-29,,связь — проверяется в relations.csv
,vtiger_freetagged_objects,module,,,,varchar(100),нет,33,,,—,links EspoCRM,связь,count,переносится как связь (см. relations.csv),предложено,проверено SQL 2026-09-29,,связь — проверяется в relations.csv
,vtiger_freetags,id,,,,int,нет,14,,,—,multiEnum,теги,count,переносится как значения multiEnum tags (Faq/HelpDesk/ProjectTask),предложено,проверено SQL 2026-09-29,,"значения тегов: Case.cTags, KnowledgeBaseArticle.cTags, ProjectTask.tags"
,vtiger_freetags,tag,,,,varchar(50),нет,14,,,—,multiEnum,теги,count,переносится как значения multiEnum tags (Faq/HelpDesk/ProjectTask),предложено,проверено SQL 2026-09-29,,"значения тегов: Case.cTags, KnowledgeBaseArticle.cTags, ProjectTask.tags"
,vtiger_freetags,raw_tag,,,,varchar(50),нет,14,,,—,multiEnum,теги,count,переносится как значения multiEnum tags (Faq/HelpDesk/ProjectTask),предложено,проверено SQL 2026-09-29,,"значения тегов: Case.cTags, KnowledgeBaseArticle.cTags, ProjectTask.tags"
,vtiger_freetags,visibility,,,,varchar(100),нет,14,,,—,multiEnum,теги,count,переносится как значения multiEnum tags (Faq/HelpDesk/ProjectTask),предложено,проверено SQL 2026-09-29,,"значения тегов: Case.cTags, KnowledgeBaseArticle.cTags, ProjectTask.tags"
,vtiger_freetags,owner,,,,int,нет,14,,,—,multiEnum,теги,count,переносится как значения multiEnum tags (Faq/HelpDesk/ProjectTask),предложено,проверено SQL 2026-09-29,,"значения тегов: Case.cTags, KnowledgeBaseArticle.cTags, ProjectTask.tags"
,vtiger_freetags_seq,id,,,,int,нет,1,,,—,—,последовательность,count,не переносится: счётчики EspoCRM свои; следующий номер документов задаётся настройкой нумерации,предложено,проверено SQL 2026-09-29,,—
,vtiger_glacct,glacctid,,,,int,нет,9,,,—,entityDefs options,справочник значений пикл-листа,count,переносится как опции enum в метаданных EspoCRM (фактически используемые значения — в source-inventory),предложено,проверено SQL 2026-09-29,,"не используется: поле без данных, служебное или модуль без записей"
,vtiger_glacct,glacct,,,,varchar(200),нет,9,,,—,entityDefs options,справочник значений пикл-листа,count,переносится как опции enum в метаданных EspoCRM (фактически используемые значения — в source-inventory),предложено,проверено SQL 2026-09-29,,"не используется: поле без данных, служебное или модуль без записей"
,vtiger_glacct,presence,,,,int,нет,9,,,—,entityDefs options,справочник значений пикл-листа,count,переносится как опции enum в метаданных EspoCRM (фактически используемые значения — в source-inventory),предложено,проверено SQL 2026-09-29,,"не используется: поле без данных, служебное или модуль без записей"
,vtiger_glacct,picklist_valueid,,,,int,нет,9,,,—,entityDefs options,справочник значений пикл-листа,count,переносится как опции enum в метаданных EspoCRM (фактически используемые значения — в source-inventory),предложено,проверено SQL 2026-09-29,,"не используется: поле без данных, служебное или модуль без записей"
,vtiger_glacct,sortorderid,,,,int,нет,9,,,—,entityDefs options,справочник значений пикл-листа,count,переносится как опции enum в метаданных EspoCRM (фактически используемые значения — в source-inventory),предложено,проверено SQL 2026-09-29,,"не используется: поле без данных, служебное или модуль без записей"
,vtiger_glacct,color,,,,varchar(10),нет,0,,,—,entityDefs options,справочник значений пикл-листа,count,переносится как опции enum в метаданных EspoCRM (фактически используемые значения — в source-inventory),предложено,проверено SQL 2026-09-29,,"не используется: поле без данных, служебное или модуль без записей"
,vtiger_glacct_seq,id,,,,int,нет,1,,,—,—,последовательность,count,не переносится: счётчики EspoCRM свои; следующий номер документов задаётся настройкой нумерации,предложено,проверено SQL 2026-09-29,,—
,vtiger_google_event_calendar_mapping,event_id,,,,varchar(255),нет,100,,,—,—,интеграции/секреты,count,не переносится: секреты и состояние синхронизации; интеграции настраиваются заново,предложено,проверено SQL 2026-09-29,,—
,vtiger_google_event_calendar_mapping,calendar_id,,,,varchar(255),нет,100,,,—,—,интеграции/секреты,count,не переносится: секреты и состояние синхронизации; интеграции настраиваются заново,предложено,проверено SQL 2026-09-29,,—
,vtiger_google_event_calendar_mapping,user_id,,,,int,нет,100,,,—,—,интеграции/секреты,count,не переносится: секреты и состояние синхронизации; интеграции настраиваются заново,предложено,проверено SQL 2026-09-29,,—
,vtiger_google_oauth2,service,,,,varchar(20),нет,2,,,—,—,интеграции/секреты,count,не переносится: секреты и состояние синхронизации; интеграции настраиваются заново,предложено,проверено SQL 2026-09-29,,—
,vtiger_google_oauth2,access_token,,,,varchar(500),нет,2,,,—,—,интеграции/секреты,count,не переносится: секреты и состояние синхронизации; интеграции настраиваются заново,предложено,проверено SQL 2026-09-29,,—
,vtiger_google_oauth2,refresh_token,,,,varchar(500),нет,2,,,—,—,интеграции/секреты,count,не переносится: секреты и состояние синхронизации; интеграции настраиваются заново,предложено,проверено SQL 2026-09-29,,—
,vtiger_google_oauth2,userid,,,,int,нет,2,,,—,—,интеграции/секреты,count,не переносится: секреты и состояние синхронизации; интеграции настраиваются заново,предложено,проверено SQL 2026-09-29,,—
,vtiger_google_sync,googlemodule,,,,varchar(50),нет,1,,,—,—,интеграции/секреты,count,не переносится: секреты и состояние синхронизации; интеграции настраиваются заново,предложено,проверено SQL 2026-09-29,,—
,vtiger_google_sync,user,,,,int,нет,1,,,—,—,интеграции/секреты,count,не переносится: секреты и состояние синхронизации; интеграции настраиваются заново,предложено,проверено SQL 2026-09-29,,—
,vtiger_google_sync,synctime,,,,datetime,нет,1,,,—,—,интеграции/секреты,count,не переносится: секреты и состояние синхронизации; интеграции настраиваются заново,предложено,проверено SQL 2026-09-29,,—
,vtiger_google_sync,lastsynctime,,,,datetime,нет,1,,,—,—,интеграции/секреты,count,не переносится: секреты и состояние синхронизации; интеграции настраиваются заново,предложено,проверено SQL 2026-09-29,,—
,vtiger_google_sync_localization,id,,,,int,нет,14,,,—,—,интеграции/секреты,count,не переносится: секреты и состояние синхронизации; интеграции настраиваются заново,предложено,проверено SQL 2026-09-29,,—
,vtiger_google_sync_localization,field_name,,,,varchar(150),нет,14,,,—,—,интеграции/секреты,count,не переносится: секреты и состояние синхронизации; интеграции настраиваются заново,предложено,проверено SQL 2026-09-29,,—
,vtiger_google_sync_localization,original_field_type,,,,varchar(150),нет,7,,,—,—,интеграции/секреты,count,не переносится: секреты и состояние синхронизации; интеграции настраиваются заново,предложено,проверено SQL 2026-09-29,,—
,vtiger_google_sync_localization,russian_field_type,,,,varchar(150),нет,7,,,—,—,интеграции/секреты,count,не переносится: секреты и состояние синхронизации; интеграции настраиваются заново,предложено,проверено SQL 2026-09-29,,—
,vtiger_google_sync_settings,user,,,,int,нет,2,,,—,—,интеграции/секреты,count,не переносится: секреты и состояние синхронизации; интеграции настраиваются заново,предложено,проверено SQL 2026-09-29,,—
,vtiger_google_sync_settings,module,,,,varchar(50),нет,2,,,—,—,интеграции/секреты,count,не переносится: секреты и состояние синхронизации; интеграции настраиваются заново,предложено,проверено SQL 2026-09-29,,—
,vtiger_google_sync_settings,clientgroup,,,,varchar(255),нет,2,,,—,—,интеграции/секреты,count,не переносится: секреты и состояние синхронизации; интеграции настраиваются заново,предложено,проверено SQL 2026-09-29,,—
,vtiger_google_sync_settings,direction,,,,varchar(50),нет,2,,,—,—,интеграции/секреты,count,не переносится: секреты и состояние синхронизации; интеграции настраиваются заново,предложено,проверено SQL 2026-09-29,,—
,vtiger_google_sync_settings,enabled,,,,tinyint,нет,2,,,—,—,интеграции/секреты,count,не переносится: секреты и состояние синхронизации; интеграции настраиваются заново,предложено,проверено SQL 2026-09-29,,—
,vtiger_group2role,groupid,,,,int,нет,3,,,—,Role/Team,ACL,count,не переносится как данные: права воспроизводятся ролями/командами EspoCRM по module-decisions.md,предложено,проверено SQL 2026-09-29,,—
,vtiger_group2role,roleid,,,,varchar(255),нет,3,,,—,Role/Team,ACL,count,не переносится как данные: права воспроизводятся ролями/командами EspoCRM по module-decisions.md,предложено,проверено SQL 2026-09-29,,—
,vtiger_group2rs,groupid,,,,int,нет,2,,,—,Role/Team,ACL,count,не переносится как данные: права воспроизводятся ролями/командами EspoCRM по module-decisions.md,предложено,проверено SQL 2026-09-29,,—
,vtiger_group2rs,roleandsubid,,,,varchar(255),нет,2,,,—,Role/Team,ACL,count,не переносится как данные: права воспроизводятся ролями/командами EspoCRM по module-decisions.md,предложено,проверено SQL 2026-09-29,,—
,vtiger_groups,groupid,,,,int,нет,3,,,—,Role/Team,ACL,count,не переносится как данные: права воспроизводятся ролями/командами EspoCRM по module-decisions.md,предложено,проверено SQL 2026-09-29,,—
,vtiger_groups,groupname,,,,varchar(100),нет,3,,,—,Role/Team,ACL,count,не переносится как данные: права воспроизводятся ролями/командами EspoCRM по module-decisions.md,предложено,проверено SQL 2026-09-29,,—
,vtiger_groups,description,,,,text,нет,3,,,—,Role/Team,ACL,count,не переносится как данные: права воспроизводятся ролями/командами EspoCRM по module-decisions.md,предложено,проверено SQL 2026-09-29,,—
,vtiger_homedefault,stuffid,,,,int,нет,98,,,—,—,метаданные/настройки Vtiger,count,не переносится: используется как источник проектирования модели и настроек,предложено,проверено SQL 2026-09-29,,—
,vtiger_homedefault,hometype,,,,varchar(30),нет,98,,,—,—,метаданные/настройки Vtiger,count,не переносится: используется как источник проектирования модели и настроек,предложено,проверено SQL 2026-09-29,,—
,vtiger_homedefault,maxentries,,,,int,нет,98,,,—,—,метаданные/настройки Vtiger,count,не переносится: используется как источник проектирования модели и настроек,предложено,проверено SQL 2026-09-29,,—
,vtiger_homedefault,setype,,,,varchar(30),нет,98,,,—,—,метаданные/настройки Vtiger,count,не переносится: используется как источник проектирования модели и настроек,предложено,проверено SQL 2026-09-29,,—
,vtiger_homestuff,stuffid,,,,int,нет,105,,,—,—,метаданные/настройки Vtiger,count,не переносится: используется как источник проектирования модели и настроек,предложено,проверено SQL 2026-09-29,,—
,vtiger_homestuff,stuffsequence,,,,int,нет,105,,,—,—,метаданные/настройки Vtiger,count,не переносится: используется как источник проектирования модели и настроек,предложено,проверено SQL 2026-09-29,,—
,vtiger_homestuff,stufftype,,,,varchar(100),нет,105,,,—,—,метаданные/настройки Vtiger,count,не переносится: используется как источник проектирования модели и настроек,предложено,проверено SQL 2026-09-29,,—
,vtiger_homestuff,userid,,,,int,нет,105,,,—,—,метаданные/настройки Vtiger,count,не переносится: используется как источник проектирования модели и настроек,предложено,проверено SQL 2026-09-29,,—
,vtiger_homestuff,visible,,,,int,нет,105,,,—,—,метаданные/настройки Vtiger,count,не переносится: используется как источник проектирования модели и настроек,предложено,проверено SQL 2026-09-29,,—
,vtiger_homestuff,stufftitle,,,,varchar(100),нет,105,,,—,—,метаданные/настройки Vtiger,count,не переносится: используется как источник проектирования модели и настроек,предложено,проверено SQL 2026-09-29,,—
,vtiger_homestuff_seq,id,,,,int,нет,1,,,—,—,последовательность,count,не переносится: счётчики EspoCRM свои; следующий номер документов задаётся настройкой нумерации,предложено,проверено SQL 2026-09-29,,—
,vtiger_hour_format,hour_formatid,,,,int,нет,2,,,—,—,пользовательские настройки,count,не переносится: настройки Preferences EspoCRM,предложено,проверено SQL 2026-09-29,,—
,vtiger_hour_format,hour_format,,,,varchar(200),нет,2,,,—,—,пользовательские настройки,count,не переносится: настройки Preferences EspoCRM,предложено,проверено SQL 2026-09-29,,—
,vtiger_hour_format,sortorderid,,,,int,нет,2,,,—,—,пользовательские настройки,count,не переносится: настройки Preferences EspoCRM,предложено,проверено SQL 2026-09-29,,—
,vtiger_hour_format,presence,,,,int,нет,2,,,—,—,пользовательские настройки,count,не переносится: настройки Preferences EspoCRM,предложено,проверено SQL 2026-09-29,,—
,vtiger_hour_format_seq,id,,,,int,нет,1,,,—,—,последовательность,count,не переносится: счётчики EspoCRM свои; следующий номер документов задаётся настройкой нумерации,предложено,проверено SQL 2026-09-29,,—
,vtiger_import_1,id,,,,int,нет,1,,,—,—,метаданные/настройки Vtiger,count,не переносится: используется как источник проектирования модели и настроек,предложено,проверено SQL 2026-09-29,,—
,vtiger_import_1,status,,,,int,нет,1,,,—,—,метаданные/настройки Vtiger,count,не переносится: используется как источник проектирования модели и настроек,предложено,проверено SQL 2026-09-29,,—
,vtiger_import_1,recordid,,,,int,нет,0,,,—,—,метаданные/настройки Vtiger,count,не переносится: используется как источник проектирования модели и настроек,предложено,проверено SQL 2026-09-29,,—
,vtiger_import_1,act_no,,,,varchar(100),нет,1,,,—,—,метаданные/настройки Vtiger,count,не переносится: используется как источник проектирования модели и настроек,предложено,проверено SQL 2026-09-29,,—
,vtiger_import_1,salesorder_id,,,,varchar(250),нет,1,,,—,—,метаданные/настройки Vtiger,count,не переносится: используется как источник проектирования модели и настроек,предложено,проверено SQL 2026-09-29,,—
,vtiger_import_1,actdate,,,,varchar(250),нет,1,,,—,—,метаданные/настройки Vtiger,count,не переносится: используется как источник проектирования модели и настроек,предложено,проверено SQL 2026-09-29,,—
,vtiger_import_1,assigned_user_id,,,,varchar(250),нет,1,,,—,—,метаданные/настройки Vtiger,count,не переносится: используется как источник проектирования модели и настроек,предложено,проверено SQL 2026-09-29,,—
,vtiger_import_1,account_id,,,,varchar(250),нет,1,,,—,—,метаданные/настройки Vtiger,count,не переносится: используется как источник проектирования модели и настроек,предложено,проверено SQL 2026-09-29,,—
,vtiger_import_1,createdtime,,,,varchar(250),нет,1,,,—,—,метаданные/настройки Vtiger,count,не переносится: используется как источник проектирования модели и настроек,предложено,проверено SQL 2026-09-29,,—
,vtiger_import_1,contact_id,,,,varchar(250),нет,1,,,—,—,метаданные/настройки Vtiger,count,не переносится: используется как источник проектирования модели и настроек,предложено,проверено SQL 2026-09-29,,—
,vtiger_import_1,sp_actstatus,,,,varchar(200),нет,1,,,—,—,метаданные/настройки Vtiger,count,не переносится: используется как источник проектирования модели и настроек,предложено,проверено SQL 2026-09-29,,—
,vtiger_import_1,txtAdjustment,,,,"decimal(25,8)",нет,1,,,—,—,метаданные/настройки Vtiger,count,не переносится: используется как источник проектирования модели и настроек,предложено,проверено SQL 2026-09-29,,—
,vtiger_import_1,pre_tax_total,,,,"decimal(25,8)",нет,1,,,—,—,метаданные/настройки Vtiger,count,не переносится: используется как источник проектирования модели и настроек,предложено,проверено SQL 2026-09-29,,—
,vtiger_import_1,hdnGrandTotal,,,,"decimal(25,8)",нет,1,,,—,—,метаданные/настройки Vtiger,count,не переносится: используется как источник проектирования модели и настроек,предложено,проверено SQL 2026-09-29,,—
,vtiger_import_1,hdnTaxType,,,,varchar(25),нет,1,,,—,—,метаданные/настройки Vtiger,count,не переносится: используется как источник проектирования модели и настроек,предложено,проверено SQL 2026-09-29,,—
,vtiger_import_1,hdnDiscountPercent,,,,"decimal(25,8)",нет,1,,,—,—,метаданные/настройки Vtiger,count,не переносится: используется как источник проектирования модели и настроек,предложено,проверено SQL 2026-09-29,,—
,vtiger_import_1,hdnDiscountAmount,,,,"decimal(25,8)",нет,1,,,—,—,метаданные/настройки Vtiger,count,не переносится: используется как источник проектирования модели и настроек,предложено,проверено SQL 2026-09-29,,—
,vtiger_import_1,hdnS_H_Amount,,,,"decimal(25,8)",нет,1,,,—,—,метаданные/настройки Vtiger,count,не переносится: используется как источник проектирования модели и настроек,предложено,проверено SQL 2026-09-29,,—
,vtiger_import_1,currency_id,,,,varchar(250),нет,1,,,—,—,метаданные/настройки Vtiger,count,не переносится: используется как источник проектирования модели и настроек,предложено,проверено SQL 2026-09-29,,—
,vtiger_import_1,conversion_rate,,,,"decimal(10,3)",нет,1,,,—,—,метаданные/настройки Vtiger,count,не переносится: используется как источник проектирования модели и настроек,предложено,проверено SQL 2026-09-29,,—
,vtiger_import_1,productid,,,,varchar(250),нет,1,,,—,—,метаданные/настройки Vtiger,count,не переносится: используется как источник проектирования модели и настроек,предложено,проверено SQL 2026-09-29,,—
,vtiger_import_1,spcompany,,,,varchar(200),нет,0,,,—,—,метаданные/настройки Vtiger,count,не переносится: используется как источник проектирования модели и настроек,предложено,проверено SQL 2026-09-29,,—
,vtiger_import_1,bill_street,,,,varchar(250),нет,1,,,—,—,метаданные/настройки Vtiger,count,не переносится: используется как источник проектирования модели и настроек,предложено,проверено SQL 2026-09-29,,—
,vtiger_import_1,ship_street,,,,varchar(250),нет,1,,,—,—,метаданные/настройки Vtiger,count,не переносится: используется как источник проектирования модели и настроек,предложено,проверено SQL 2026-09-29,,—
,vtiger_import_1,bill_pobox,,,,varchar(30),нет,0,,,—,—,метаданные/настройки Vtiger,count,не переносится: используется как источник проектирования модели и настроек,предложено,проверено SQL 2026-09-29,,—
,vtiger_import_1,ship_pobox,,,,varchar(30),нет,0,,,—,—,метаданные/настройки Vtiger,count,не переносится: используется как источник проектирования модели и настроек,предложено,проверено SQL 2026-09-29,,—
,vtiger_import_1,bill_city,,,,varchar(30),нет,1,,,—,—,метаданные/настройки Vtiger,count,не переносится: используется как источник проектирования модели и настроек,предложено,проверено SQL 2026-09-29,,—
,vtiger_import_1,ship_city,,,,varchar(30),нет,1,,,—,—,метаданные/настройки Vtiger,count,не переносится: используется как источник проектирования модели и настроек,предложено,проверено SQL 2026-09-29,,—
,vtiger_import_1,bill_state,,,,varchar(30),нет,1,,,—,—,метаданные/настройки Vtiger,count,не переносится: используется как источник проектирования модели и настроек,предложено,проверено SQL 2026-09-29,,—
,vtiger_import_1,ship_state,,,,varchar(30),нет,1,,,—,—,метаданные/настройки Vtiger,count,не переносится: используется как источник проектирования модели и настроек,предложено,проверено SQL 2026-09-29,,—
,vtiger_import_1,bill_code,,,,varchar(30),нет,1,,,—,—,метаданные/настройки Vtiger,count,не переносится: используется как источник проектирования модели и настроек,предложено,проверено SQL 2026-09-29,,—
,vtiger_import_1,ship_code,,,,varchar(30),нет,1,,,—,—,метаданные/настройки Vtiger,count,не переносится: используется как источник проектирования модели и настроек,предложено,проверено SQL 2026-09-29,,—
,vtiger_import_1,bill_country,,,,varchar(30),нет,1,,,—,—,метаданные/настройки Vtiger,count,не переносится: используется как источник проектирования модели и настроек,предложено,проверено SQL 2026-09-29,,—
,vtiger_import_1,ship_country,,,,varchar(30),нет,1,,,—,—,метаданные/настройки Vtiger,count,не переносится: используется как источник проектирования модели и настроек,предложено,проверено SQL 2026-09-29,,—
,vtiger_import_1,description,,,,text,нет,0,,,—,—,метаданные/настройки Vtiger,count,не переносится: используется как источник проектирования модели и настроек,предложено,проверено SQL 2026-09-29,,—
,vtiger_import_locks_seq,id,,,,int,нет,1,,,—,—,последовательность,count,не переносится: счётчики EspoCRM свои; следующий номер документов задаётся настройкой нумерации,предложено,проверено SQL 2026-09-29,,—
,vtiger_import_queue_seq,id,,,,int,нет,1,,,—,—,последовательность,count,не переносится: счётчики EspoCRM свои; следующий номер документов задаётся настройкой нумерации,предложено,проверено SQL 2026-09-29,,—
,vtiger_industry,industryid,,,,int,нет,54,,,—,entityDefs options,справочник значений пикл-листа,count,переносится как опции enum в метаданных EspoCRM (фактически используемые значения — в source-inventory),реализовано (этап 03),проверено SQL 2026-09-29,,"ok: опции Account.industry (metadata/vtigerValueMap, D-19, Q-32)"
,vtiger_industry,industry,,,,varchar(200),нет,54,,,—,entityDefs options,справочник значений пикл-листа,count,переносится как опции enum в метаданных EspoCRM (фактически используемые значения — в source-inventory),реализовано (этап 03),проверено SQL 2026-09-29,,"ok: опции Account.industry (metadata/vtigerValueMap, D-19, Q-32)"
,vtiger_industry,presence,,,,int,нет,54,,,—,entityDefs options,справочник значений пикл-листа,count,переносится как опции enum в метаданных EspoCRM (фактически используемые значения — в source-inventory),реализовано (этап 03),проверено SQL 2026-09-29,,"ok: опции Account.industry (metadata/vtigerValueMap, D-19, Q-32)"
,vtiger_industry,picklist_valueid,,,,int,нет,54,,,—,entityDefs options,справочник значений пикл-листа,count,переносится как опции enum в метаданных EspoCRM (фактически используемые значения — в source-inventory),реализовано (этап 03),проверено SQL 2026-09-29,,"ok: опции Account.industry (metadata/vtigerValueMap, D-19, Q-32)"
,vtiger_industry,sortorderid,,,,int,нет,54,,,—,entityDefs options,справочник значений пикл-листа,count,переносится как опции enum в метаданных EspoCRM (фактически используемые значения — в source-inventory),реализовано (этап 03),проверено SQL 2026-09-29,,"ok: опции Account.industry (metadata/vtigerValueMap, D-19, Q-32)"
,vtiger_industry,color,,,,varchar(10),нет,0,,,—,entityDefs options,справочник значений пикл-листа,count,переносится как опции enum в метаданных EspoCRM (фактически используемые значения — в source-inventory),реализовано (этап 03),проверено SQL 2026-09-29,,"ok: опции Account.industry (metadata/vtigerValueMap, D-19, Q-32)"
,vtiger_industry_seq,id,,,,int,нет,1,,,—,—,последовательность,count,не переносится: счётчики EspoCRM свои; следующий номер документов задаётся настройкой нумерации,предложено,проверено SQL 2026-09-29,,—
,vtiger_inventory_tandc,id,,,,int,нет,6,,,—,Template (собств.),шаблоны,count,переносится как спецификация (print-forms.md); реализация собственным кодом,предложено,проверено SQL 2026-09-29,,этап 05 (печатные формы)
,vtiger_inventory_tandc,type,,,,varchar(30),нет,6,,,—,Template (собств.),шаблоны,count,переносится как спецификация (print-forms.md); реализация собственным кодом,предложено,проверено SQL 2026-09-29,,этап 05 (печатные формы)
,vtiger_inventory_tandc,tandc,,,,text,нет,6,,,—,Template (собств.),шаблоны,count,переносится как спецификация (print-forms.md); реализация собственным кодом,предложено,проверено SQL 2026-09-29,,этап 05 (печатные формы)
,vtiger_inventory_tandc_seq,id,,,,int,нет,1,,,—,—,последовательность,count,не переносится: счётчики EspoCRM свои; следующий номер документов задаётся настройкой нумерации,предложено,проверено SQL 2026-09-29,,—
,vtiger_inventorycharges,chargeid,,,,int,нет,1,,,—,config,финансовые настройки,count,"переносится как конфигурация (валюта RUB, НДС 18% исторически)",предложено,проверено SQL 2026-09-29,,"настройки EspoCRM (валюта RUB, D-37)"
,vtiger_inventorycharges,name,,,,varchar(100),нет,1,,,—,config,финансовые настройки,count,"переносится как конфигурация (валюта RUB, НДС 18% исторически)",предложено,проверено SQL 2026-09-29,,"настройки EspoCRM (валюта RUB, D-37)"
,vtiger_inventorycharges,format,,,,varchar(10),нет,1,,,—,config,финансовые настройки,count,"переносится как конфигурация (валюта RUB, НДС 18% исторически)",предложено,проверено SQL 2026-09-29,,"настройки EspoCRM (валюта RUB, D-37)"
,vtiger_inventorycharges,type,,,,varchar(10),нет,1,,,—,config,финансовые настройки,count,"переносится как конфигурация (валюта RUB, НДС 18% исторически)",предложено,проверено SQL 2026-09-29,,"настройки EspoCRM (валюта RUB, D-37)"
,vtiger_inventorycharges,value,,,,"decimal(12,5)",нет,1,,,—,config,финансовые настройки,count,"переносится как конфигурация (валюта RUB, НДС 18% исторически)",предложено,проверено SQL 2026-09-29,,"настройки EspoCRM (валюта RUB, D-37)"
,vtiger_inventorycharges,regions,,,,text,нет,1,,,—,config,финансовые настройки,count,"переносится как конфигурация (валюта RUB, НДС 18% исторически)",предложено,проверено SQL 2026-09-29,,"настройки EspoCRM (валюта RUB, D-37)"
,vtiger_inventorycharges,istaxable,,,,int,нет,1,,,—,config,финансовые настройки,count,"переносится как конфигурация (валюта RUB, НДС 18% исторически)",предложено,проверено SQL 2026-09-29,,"настройки EspoCRM (валюта RUB, D-37)"
,vtiger_inventorycharges,taxes,,,,varchar(1024),нет,1,,,—,config,финансовые настройки,count,"переносится как конфигурация (валюта RUB, НДС 18% исторически)",предложено,проверено SQL 2026-09-29,,"настройки EspoCRM (валюта RUB, D-37)"
,vtiger_inventorycharges,deleted,,,,int,нет,1,,,—,config,финансовые настройки,count,"переносится как конфигурация (валюта RUB, НДС 18% исторически)",предложено,проверено SQL 2026-09-29,,"настройки EspoCRM (валюта RUB, D-37)"
,vtiger_inventorychargesrel,recordid,,,,int,нет,1082,,,—,—,доп. расходы документов,count,исключено: во всех записях значения 0 (проверено),предложено,проверено SQL 2026-09-29,,—
,vtiger_inventorychargesrel,charges,,,,text,нет,1082,,,—,—,доп. расходы документов,count,исключено: во всех записях значения 0 (проверено),предложено,проверено SQL 2026-09-29,,—
,vtiger_inventorynotification,notificationid,,,,int,нет,3,,,—,Template (собств.),шаблоны,count,переносится как спецификация (print-forms.md); реализация собственным кодом,предложено,проверено SQL 2026-09-29,,этап 05 (печатные формы)
,vtiger_inventorynotification,notificationname,,,,varchar(200),нет,3,,,—,Template (собств.),шаблоны,count,переносится как спецификация (print-forms.md); реализация собственным кодом,предложено,проверено SQL 2026-09-29,,этап 05 (печатные формы)
,vtiger_inventorynotification,notificationsubject,,,,varchar(200),нет,3,,,—,Template (собств.),шаблоны,count,переносится как спецификация (print-forms.md); реализация собственным кодом,предложено,проверено SQL 2026-09-29,,этап 05 (печатные формы)
,vtiger_inventorynotification,notificationbody,,,,text,нет,3,,,—,Template (собств.),шаблоны,count,переносится как спецификация (print-forms.md); реализация собственным кодом,предложено,проверено SQL 2026-09-29,,этап 05 (печатные формы)
,vtiger_inventorynotification,label,,,,varchar(50),нет,3,,,—,Template (собств.),шаблоны,count,переносится как спецификация (print-forms.md); реализация собственным кодом,предложено,проверено SQL 2026-09-29,,этап 05 (печатные формы)
,vtiger_inventorynotification,status,,,,varchar(30),нет,0,,,—,Template (собств.),шаблоны,count,переносится как спецификация (print-forms.md); реализация собственным кодом,предложено,проверено SQL 2026-09-29,,этап 05 (печатные формы)
,vtiger_inventorynotification_seq,id,,,,int,нет,1,,,—,—,последовательность,count,не переносится: счётчики EspoCRM свои; следующий номер документов задаётся настройкой нумерации,предложено,проверено SQL 2026-09-29,,—
,vtiger_inventoryproductrel,id,,,,int,нет,1176,1173,1173,—,<Doc>Item.<документ>,"fk документа: InvoiceItem.invoice, ActItem.act, QuoteItem.quote, SalesOrderItem.salesOrder",fk,перенос,контракт (этап 04.1),проверено SQL 2026-09-29,,частично: QuoteItem.quote link; SalesOrderItem.salesOrder link; InvoiceItem — этап 04.3; ActItem — этап 04.5
,vtiger_inventoryproductrel,sequence_no,,,,int,нет,1176,1173,1173,—,<Doc>Item.order,int,count,перенос,контракт (этап 04.1),проверено SQL 2026-09-29,,частично: QuoteItem.order int; SalesOrderItem.order int; InvoiceItem — этап 04.3; ActItem — этап 04.5
,vtiger_inventoryproductrel,description,,,,text,нет,0,1173,0,—,,пусто,count,исключено: пусто,контракт (этап 04.1),проверено SQL 2026-09-29,,—
,vtiger_inventoryproductrel,incrementondel,,,,int,нет,1176,1173,696,—,,исключено: складской флаг Vtiger,count,исключено: исключено: складской флаг Vtiger,контракт (этап 04.1),проверено SQL 2026-09-29,,—
,vtiger_inventoryproductrel,lineitem_id,,,,int,нет,1176,1173,1173,—,<Doc>Item.vtigerId,id строки,count,перенос,контракт (этап 04.1),проверено SQL 2026-09-29,,частично: QuoteItem.vtigerId int; SalesOrderItem.vtigerId int; InvoiceItem — этап 04.3; ActItem — этап 04.5
,vtiger_inventoryproductrel_seq,id,,,,int,нет,1,,,—,—,последовательность,count,не переносится: счётчики EspoCRM свои; следующий номер документов задаётся настройкой нумерации,предложено,проверено SQL 2026-09-29,,—
,vtiger_inventorytaxinfo,taxid,,,,int,нет,1,,,—,config,финансовые настройки,count,"переносится как конфигурация (валюта RUB, НДС 18% исторически)",предложено,проверено SQL 2026-09-29,,"настройки EspoCRM (валюта RUB, D-37)"
,vtiger_inventorytaxinfo,taxname,,,,varchar(50),нет,1,,,—,config,финансовые настройки,count,"переносится как конфигурация (валюта RUB, НДС 18% исторически)",предложено,проверено SQL 2026-09-29,,"настройки EspoCRM (валюта RUB, D-37)"
,vtiger_inventorytaxinfo,taxlabel,,,,varchar(50),нет,1,,,—,config,финансовые настройки,count,"переносится как конфигурация (валюта RUB, НДС 18% исторически)",предложено,проверено SQL 2026-09-29,,"настройки EspoCRM (валюта RUB, D-37)"
,vtiger_inventorytaxinfo,percentage,,,,"decimal(7,3)",нет,1,,,—,config,финансовые настройки,count,"переносится как конфигурация (валюта RUB, НДС 18% исторически)",предложено,проверено SQL 2026-09-29,,"настройки EspoCRM (валюта RUB, D-37)"
,vtiger_inventorytaxinfo,deleted,,,,int,нет,1,,,—,config,финансовые настройки,count,"переносится как конфигурация (валюта RUB, НДС 18% исторически)",предложено,проверено SQL 2026-09-29,,"настройки EspoCRM (валюта RUB, D-37)"
,vtiger_inventorytaxinfo,method,,,,varchar(10),нет,1,,,—,config,финансовые настройки,count,"переносится как конфигурация (валюта RUB, НДС 18% исторически)",предложено,проверено SQL 2026-09-29,,"настройки EspoCRM (валюта RUB, D-37)"
,vtiger_inventorytaxinfo,type,,,,varchar(10),нет,1,,,—,config,финансовые настройки,count,"переносится как конфигурация (валюта RUB, НДС 18% исторически)",предложено,проверено SQL 2026-09-29,,"настройки EspoCRM (валюта RUB, D-37)"
,vtiger_inventorytaxinfo,compoundon,,,,varchar(400),нет,1,,,—,config,финансовые настройки,count,"переносится как конфигурация (валюта RUB, НДС 18% исторически)",предложено,проверено SQL 2026-09-29,,"настройки EspoCRM (валюта RUB, D-37)"
,vtiger_inventorytaxinfo,regions,,,,text,нет,1,,,—,config,финансовые настройки,count,"переносится как конфигурация (валюта RUB, НДС 18% исторически)",предложено,проверено SQL 2026-09-29,,"настройки EspoCRM (валюта RUB, D-37)"
,vtiger_inventorytaxinfo_seq,id,,,,int,нет,1,,,—,—,последовательность,count,не переносится: счётчики EspoCRM свои; следующий номер документов задаётся настройкой нумерации,предложено,проверено SQL 2026-09-29,,—
,vtiger_invoice,invoiceid,,,,int,нет,638,636,636,—,(ключ записи),первичный ключ модульной таблицы = crmid,count,перенос,предложено,проверено SQL 2026-09-29,,ключ записи → vtigerId
,vtiger_invoice,notes,,,,varchar(100),нет,0,636,0,—,—,нет данных,count,пусто — данных нет,предложено,проверено SQL 2026-09-29,,—
,vtiger_invoice,invoiceterms,,,,varchar(100),нет,0,636,0,—,—,нет данных,count,пусто — данных нет,предложено,проверено SQL 2026-09-29,,—
,vtiger_invoice,type,,,,varchar(100),нет,0,636,0,—,—,нет данных,count,пусто — данных нет,предложено,проверено SQL 2026-09-29,,—
,vtiger_invoice,shipping,,,,varchar(100),нет,0,636,0,—,—,нет данных,count,пусто — данных нет,предложено,проверено SQL 2026-09-29,,—
,vtiger_invoice,compound_taxes_info,,,,text,нет,638,636,636,—,vtigerData.compound_taxes_info,JSON (пустые списки/служебное),count,архив (только чтение),предложено,проверено SQL 2026-09-29,,этап 04.3
,vtiger_invoice_recurring_info,salesorderid,,,,int,нет,13,13,13,—,(ключ записи),первичный ключ модульной таблицы = crmid,count,перенос,предложено,проверено SQL 2026-09-29,,ключ записи → vtigerId
,vtiger_invoice_recurring_info,last_recurring_date,,,,date,нет,0,13,0,—,—,нет данных,count,пусто — данных нет,предложено,проверено SQL 2026-09-29,,—
,vtiger_invoicebillads,invoicebilladdressid,,,,int,нет,638,636,636,—,(ключ записи),первичный ключ модульной таблицы = crmid,count,перенос,предложено,проверено SQL 2026-09-29,,ключ записи → vtigerId
,vtiger_invoicecf,invoiceid,,,,int,нет,638,636,636,—,(ключ записи),первичный ключ модульной таблицы = crmid,count,перенос,предложено,проверено SQL 2026-09-29,,ключ записи → vtigerId
,vtiger_invoiceshipads,invoiceshipaddressid,,,,int,нет,638,636,636,—,(ключ записи),первичный ключ модульной таблицы = crmid,count,перенос,предложено,проверено SQL 2026-09-29,,ключ записи → vtigerId
,vtiger_invoicestatus,invoicestatusid,,,,int,нет,7,,,—,entityDefs options,справочник значений пикл-листа,count,переносится как опции enum в метаданных EspoCRM (фактически используемые значения — в source-inventory),предложено,проверено SQL 2026-09-29,,этап 04.x: справочник финансового модуля
,vtiger_invoicestatus,invoicestatus,,,,varchar(200),нет,7,,,—,entityDefs options,справочник значений пикл-листа,count,переносится как опции enum в метаданных EspoCRM (фактически используемые значения — в source-inventory),предложено,проверено SQL 2026-09-29,,этап 04.x: справочник финансового модуля
,vtiger_invoicestatus,presence,,,,int,нет,7,,,—,entityDefs options,справочник значений пикл-листа,count,переносится как опции enum в метаданных EspoCRM (фактически используемые значения — в source-inventory),предложено,проверено SQL 2026-09-29,,этап 04.x: справочник финансового модуля
,vtiger_invoicestatus,picklist_valueid,,,,int,нет,7,,,—,entityDefs options,справочник значений пикл-листа,count,переносится как опции enum в метаданных EspoCRM (фактически используемые значения — в source-inventory),предложено,проверено SQL 2026-09-29,,этап 04.x: справочник финансового модуля
,vtiger_invoicestatus,sortorderid,,,,int,нет,7,,,—,entityDefs options,справочник значений пикл-листа,count,переносится как опции enum в метаданных EspoCRM (фактически используемые значения — в source-inventory),предложено,проверено SQL 2026-09-29,,этап 04.x: справочник финансового модуля
,vtiger_invoicestatus,color,,,,varchar(10),нет,0,,,—,entityDefs options,справочник значений пикл-листа,count,переносится как опции enum в метаданных EspoCRM (фактически используемые значения — в source-inventory),предложено,проверено SQL 2026-09-29,,этап 04.x: справочник финансового модуля
,vtiger_invoicestatus_seq,id,,,,int,нет,1,,,—,—,последовательность,count,не переносится: счётчики EspoCRM свои; следующий номер документов задаётся настройкой нумерации,предложено,проверено SQL 2026-09-29,,—
,vtiger_invoicestatushistory,historyid,,,,int,нет,588,,,—,—,история статусов,count,"не переносится (решение владельца, Q-27): остаётся в защищённом снимке",решено,проверено SQL 2026-09-29,,—
,vtiger_invoicestatushistory,invoiceid,,,,int,нет,588,,,—,—,история статусов,count,"не переносится (решение владельца, Q-27): остаётся в защищённом снимке",решено,проверено SQL 2026-09-29,,—
,vtiger_invoicestatushistory,accountname,,,,varchar(100),нет,0,,,—,—,история статусов,count,"не переносится (решение владельца, Q-27): остаётся в защищённом снимке",решено,проверено SQL 2026-09-29,,—
,vtiger_invoicestatushistory,total,,,,"decimal(10,0)",нет,124,,,—,—,история статусов,count,"не переносится (решение владельца, Q-27): остаётся в защищённом снимке",решено,проверено SQL 2026-09-29,,—
,vtiger_invoicestatushistory,invoicestatus,,,,varchar(200),нет,588,,,—,—,история статусов,count,"не переносится (решение владельца, Q-27): остаётся в защищённом снимке",решено,проверено SQL 2026-09-29,,—
,vtiger_invoicestatushistory,lastmodified,,,,datetime,нет,588,,,—,—,история статусов,count,"не переносится (решение владельца, Q-27): остаётся в защищённом снимке",решено,проверено SQL 2026-09-29,,—
,vtiger_invoicestatushistory_seq,id,,,,int,нет,1,,,—,—,последовательность,count,не переносится: счётчики EspoCRM свои; следующий номер документов задаётся настройкой нумерации,предложено,проверено SQL 2026-09-29,,—
,vtiger_jivosite,jivositeid,,,,int,нет,52,49,49,—,(ключ записи),первичный ключ модульной таблицы = crmid,count,перенос,предложено,проверено SQL 2026-09-29,,ключ записи → vtigerId
,vtiger_jivositecf,jivositeid,,,,int,нет,52,,,—,—,таблица кастомных полей без данных,count,только ключ записи; кастомных колонок с данными нет,предложено,проверено SQL 2026-09-29,,—
,vtiger_jvmes,jvmesid,,,,int,нет,272,267,267,—,(ключ записи),первичный ключ модульной таблицы = crmid,count,перенос,предложено,проверено SQL 2026-09-29,,ключ записи → vtigerId
,vtiger_jvmescf,jvmesid,,,,int,нет,272,,,—,—,таблица кастомных полей без данных,count,только ключ записи; кастомных колонок с данными нет,предложено,проверено SQL 2026-09-29,,—
,vtiger_language,id,,,,int,нет,16,,,—,—,метаданные/настройки Vtiger,count,не переносится: используется как источник проектирования модели и настроек,предложено,проверено SQL 2026-09-29,,—
,vtiger_language,name,,,,varchar(50),нет,16,,,—,—,метаданные/настройки Vtiger,count,не переносится: используется как источник проектирования модели и настроек,предложено,проверено SQL 2026-09-29,,—
,vtiger_language,prefix,,,,varchar(10),нет,16,,,—,—,метаданные/настройки Vtiger,count,не переносится: используется как источник проектирования модели и настроек,предложено,проверено SQL 2026-09-29,,—
,vtiger_language,label,,,,varchar(30),нет,16,,,—,—,метаданные/настройки Vtiger,count,не переносится: используется как источник проектирования модели и настроек,предложено,проверено SQL 2026-09-29,,—
,vtiger_language,lastupdated,,,,datetime,нет,16,,,—,—,метаданные/настройки Vtiger,count,не переносится: используется как источник проектирования модели и настроек,предложено,проверено SQL 2026-09-29,,—
,vtiger_language,sequence,,,,int,нет,0,,,—,—,метаданные/настройки Vtiger,count,не переносится: используется как источник проектирования модели и настроек,предложено,проверено SQL 2026-09-29,,—
,vtiger_language,isdefault,,,,int,нет,16,,,—,—,метаданные/настройки Vtiger,count,не переносится: используется как источник проектирования модели и настроек,предложено,проверено SQL 2026-09-29,,—
,vtiger_language,active,,,,int,нет,16,,,—,—,метаданные/настройки Vtiger,count,не переносится: используется как источник проектирования модели и настроек,предложено,проверено SQL 2026-09-29,,—
,vtiger_language_seq,id,,,,int,нет,1,,,—,—,последовательность,count,не переносится: счётчики EspoCRM свои; следующий номер документов задаётся настройкой нумерации,предложено,проверено SQL 2026-09-29,,—
,vtiger_lead_view,lead_viewid,,,,int,нет,3,,,—,—,пользовательские настройки,count,не переносится: настройки Preferences EspoCRM,предложено,проверено SQL 2026-09-29,,—
,vtiger_lead_view,lead_view,,,,varchar(200),нет,3,,,—,—,пользовательские настройки,count,не переносится: настройки Preferences EspoCRM,предложено,проверено SQL 2026-09-29,,—
,vtiger_lead_view,sortorderid,,,,int,нет,3,,,—,—,пользовательские настройки,count,не переносится: настройки Preferences EspoCRM,предложено,проверено SQL 2026-09-29,,—
,vtiger_lead_view,presence,,,,int,нет,3,,,—,—,пользовательские настройки,count,не переносится: настройки Preferences EspoCRM,предложено,проверено SQL 2026-09-29,,—
,vtiger_lead_view_seq,id,,,,int,нет,1,,,—,—,последовательность,count,не переносится: счётчики EspoCRM свои; следующий номер документов задаётся настройкой нумерации,предложено,проверено SQL 2026-09-29,,—
,vtiger_leadaddress,leadaddressid,,,,int,нет,241,225,225,—,(ключ записи),первичный ключ модульной таблицы = crmid,count,перенос,предложено,проверено SQL 2026-09-29,,ключ записи → vtigerId
,vtiger_leadaddress,leadaddresstype,,,,varchar(30),нет,241,225,225,—,,служебное,count,исключено: служебное,предложено,проверено SQL 2026-09-29,,—
,vtiger_leaddetails,leadid,,,,int,нет,241,225,225,—,(ключ записи),первичный ключ модульной таблицы = crmid,count,перенос,предложено,проверено SQL 2026-09-29,,ключ записи → vtigerId
,vtiger_leaddetails,interest,,,,varchar(50),нет,0,225,0,—,—,нет данных,count,пусто — данных нет,предложено,проверено SQL 2026-09-29,,—
,vtiger_leaddetails,campaign,,,,varchar(30),нет,0,225,0,—,—,нет данных,count,пусто — данных нет,предложено,проверено SQL 2026-09-29,,—
,vtiger_leaddetails,converted,,,,int,нет,241,225,5,—,status=Converted,converted=1 → статус Converted,count,перенос,реализовано (этап 03),проверено SQL 2026-09-29,,ok: Lead.status enum
,vtiger_leaddetails,licencekeystatus,,,,varchar(50),нет,0,225,0,—,—,нет данных,count,пусто — данных нет,предложено,проверено SQL 2026-09-29,,—
,vtiger_leaddetails,space,,,,varchar(250),нет,0,225,0,—,—,нет данных,count,пусто — данных нет,предложено,проверено SQL 2026-09-29,,—
,vtiger_leaddetails,comments,,,,text,нет,0,225,0,—,—,нет данных,count,пусто — данных нет,предложено,проверено SQL 2026-09-29,,—
,vtiger_leaddetails,priority,,,,varchar(50),нет,0,225,0,—,—,нет данных,count,пусто — данных нет,предложено,проверено SQL 2026-09-29,,—
,vtiger_leaddetails,demorequest,,,,varchar(50),нет,0,225,0,—,—,нет данных,count,пусто — данных нет,предложено,проверено SQL 2026-09-29,,—
,vtiger_leaddetails,partnercontact,,,,varchar(50),нет,0,225,0,—,—,нет данных,count,пусто — данных нет,предложено,проверено SQL 2026-09-29,,—
,vtiger_leaddetails,productversion,,,,varchar(20),нет,0,225,0,—,—,нет данных,count,пусто — данных нет,предложено,проверено SQL 2026-09-29,,—
,vtiger_leaddetails,product,,,,varchar(50),нет,0,225,0,—,—,нет данных,count,пусто — данных нет,предложено,проверено SQL 2026-09-29,,—
,vtiger_leaddetails,maildate,,,,date,нет,0,225,0,—,—,нет данных,count,пусто — данных нет,предложено,проверено SQL 2026-09-29,,—
,vtiger_leaddetails,nextstepdate,,,,date,нет,0,225,0,—,—,нет данных,count,пусто — данных нет,предложено,проверено SQL 2026-09-29,,—
,vtiger_leaddetails,fundingsituation,,,,varchar(50),нет,0,225,0,—,—,нет данных,count,пусто — данных нет,предложено,проверено SQL 2026-09-29,,—
,vtiger_leaddetails,purpose,,,,varchar(50),нет,0,225,0,—,—,нет данных,count,пусто — данных нет,предложено,проверено SQL 2026-09-29,,—
,vtiger_leaddetails,evaluationstatus,,,,varchar(50),нет,0,225,0,—,—,нет данных,count,пусто — данных нет,предложено,проверено SQL 2026-09-29,,—
,vtiger_leaddetails,transferdate,,,,date,нет,0,225,0,—,—,нет данных,count,пусто — данных нет,предложено,проверено SQL 2026-09-29,,—
,vtiger_leaddetails,revenuetype,,,,varchar(50),нет,0,225,0,—,—,нет данных,count,пусто — данных нет,предложено,проверено SQL 2026-09-29,,—
,vtiger_leaddetails,assignleadchk,,,,int,нет,241,225,0,—,,служебное (0),count,исключено: служебное (0),предложено,проверено SQL 2026-09-29,,—
,vtiger_leadscf,leadid,,,,int,нет,241,225,225,—,(ключ записи),первичный ключ модульной таблицы = crmid,count,перенос,предложено,проверено SQL 2026-09-29,,ключ записи → vtigerId
,vtiger_leadsource,leadsourceid,,,,int,нет,23,,,—,entityDefs options,справочник значений пикл-листа,count,переносится как опции enum в метаданных EspoCRM (фактически используемые значения — в source-inventory),реализовано (этап 03),проверено SQL 2026-09-29,,"ok: опции Lead.source (metadata/vtigerValueMap, D-19, Q-32)"
,vtiger_leadsource,leadsource,,,,varchar(200),нет,23,,,—,entityDefs options,справочник значений пикл-листа,count,переносится как опции enum в метаданных EspoCRM (фактически используемые значения — в source-inventory),реализовано (этап 03),проверено SQL 2026-09-29,,"ok: опции Lead.source (metadata/vtigerValueMap, D-19, Q-32)"
,vtiger_leadsource,presence,,,,int,нет,23,,,—,entityDefs options,справочник значений пикл-листа,count,переносится как опции enum в метаданных EspoCRM (фактически используемые значения — в source-inventory),реализовано (этап 03),проверено SQL 2026-09-29,,"ok: опции Lead.source (metadata/vtigerValueMap, D-19, Q-32)"
,vtiger_leadsource,picklist_valueid,,,,int,нет,23,,,—,entityDefs options,справочник значений пикл-листа,count,переносится как опции enum в метаданных EspoCRM (фактически используемые значения — в source-inventory),реализовано (этап 03),проверено SQL 2026-09-29,,"ok: опции Lead.source (metadata/vtigerValueMap, D-19, Q-32)"
,vtiger_leadsource,sortorderid,,,,int,нет,23,,,—,entityDefs options,справочник значений пикл-листа,count,переносится как опции enum в метаданных EspoCRM (фактически используемые значения — в source-inventory),реализовано (этап 03),проверено SQL 2026-09-29,,"ok: опции Lead.source (metadata/vtigerValueMap, D-19, Q-32)"
,vtiger_leadsource,color,,,,varchar(10),нет,0,,,—,entityDefs options,справочник значений пикл-листа,count,переносится как опции enum в метаданных EspoCRM (фактически используемые значения — в source-inventory),реализовано (этап 03),проверено SQL 2026-09-29,,"ok: опции Lead.source (metadata/vtigerValueMap, D-19, Q-32)"
,vtiger_leadsource_seq,id,,,,int,нет,1,,,—,—,последовательность,count,не переносится: счётчики EspoCRM свои; следующий номер документов задаётся настройкой нумерации,предложено,проверено SQL 2026-09-29,,—
,vtiger_leadstatus,leadstatusid,,,,int,нет,20,,,—,entityDefs options,справочник значений пикл-листа,count,переносится как опции enum в метаданных EspoCRM (фактически используемые значения — в source-inventory),реализовано (этап 03),проверено SQL 2026-09-29,,"ok: опции Lead.status (metadata/vtigerValueMap, D-19, Q-32)"
,vtiger_leadstatus,leadstatus,,,,varchar(200),нет,20,,,—,entityDefs options,справочник значений пикл-листа,count,переносится как опции enum в метаданных EspoCRM (фактически используемые значения — в source-inventory),реализовано (этап 03),проверено SQL 2026-09-29,,"ok: опции Lead.status (metadata/vtigerValueMap, D-19, Q-32)"
,vtiger_leadstatus,presence,,,,int,нет,20,,,—,entityDefs options,справочник значений пикл-листа,count,переносится как опции enum в метаданных EspoCRM (фактически используемые значения — в source-inventory),реализовано (этап 03),проверено SQL 2026-09-29,,"ok: опции Lead.status (metadata/vtigerValueMap, D-19, Q-32)"
,vtiger_leadstatus,picklist_valueid,,,,int,нет,20,,,—,entityDefs options,справочник значений пикл-листа,count,переносится как опции enum в метаданных EspoCRM (фактически используемые значения — в source-inventory),реализовано (этап 03),проверено SQL 2026-09-29,,"ok: опции Lead.status (metadata/vtigerValueMap, D-19, Q-32)"
,vtiger_leadstatus,sortorderid,,,,int,нет,20,,,—,entityDefs options,справочник значений пикл-листа,count,переносится как опции enum в метаданных EspoCRM (фактически используемые значения — в source-inventory),реализовано (этап 03),проверено SQL 2026-09-29,,"ok: опции Lead.status (metadata/vtigerValueMap, D-19, Q-32)"
,vtiger_leadstatus,color,,,,varchar(10),нет,0,,,—,entityDefs options,справочник значений пикл-листа,count,переносится как опции enum в метаданных EspoCRM (фактически используемые значения — в source-inventory),реализовано (этап 03),проверено SQL 2026-09-29,,"ok: опции Lead.status (metadata/vtigerValueMap, D-19, Q-32)"
,vtiger_leadstatus_seq,id,,,,int,нет,1,,,—,—,последовательность,count,не переносится: счётчики EspoCRM свои; следующий номер документов задаётся настройкой нумерации,предложено,проверено SQL 2026-09-29,,—
,vtiger_leadsubdetails,leadsubscriptionid,,,,int,нет,241,225,225,—,(ключ записи),первичный ключ модульной таблицы = crmid,count,перенос,предложено,проверено SQL 2026-09-29,,ключ записи → vtigerId
,vtiger_leadsubdetails,callornot,,,,int,нет,241,225,0,—,,служебное (0),count,исключено: служебное (0),предложено,проверено SQL 2026-09-29,,—
,vtiger_leadsubdetails,readornot,,,,int,нет,241,225,0,—,,служебное (0),count,исключено: служебное (0),предложено,проверено SQL 2026-09-29,,—
,vtiger_leadsubdetails,empct,,,,int,нет,241,225,0,—,,служебное (0),count,исключено: служебное (0),предложено,проверено SQL 2026-09-29,,—
,vtiger_links,linkid,,,,int,нет,121,,,—,—,метаданные/настройки Vtiger,count,не переносится: используется как источник проектирования модели и настроек,предложено,проверено SQL 2026-09-29,,—
,vtiger_links,tabid,,,,int,нет,121,,,—,—,метаданные/настройки Vtiger,count,не переносится: используется как источник проектирования модели и настроек,предложено,проверено SQL 2026-09-29,,—
,vtiger_links,linktype,,,,varchar(50),нет,121,,,—,—,метаданные/настройки Vtiger,count,не переносится: используется как источник проектирования модели и настроек,предложено,проверено SQL 2026-09-29,,—
,vtiger_links,linklabel,,,,varchar(255),нет,121,,,—,—,метаданные/настройки Vtiger,count,не переносится: используется как источник проектирования модели и настроек,предложено,проверено SQL 2026-09-29,,—
,vtiger_links,linkurl,,,,varchar(255),нет,119,,,—,—,метаданные/настройки Vtiger,count,не переносится: используется как источник проектирования модели и настроек,предложено,проверено SQL 2026-09-29,,—
,vtiger_links,linkicon,,,,varchar(100),нет,12,,,—,—,метаданные/настройки Vtiger,count,не переносится: используется как источник проектирования модели и настроек,предложено,проверено SQL 2026-09-29,,—
,vtiger_links,sequence,,,,int,нет,120,,,—,—,метаданные/настройки Vtiger,count,не переносится: используется как источник проектирования модели и настроек,предложено,проверено SQL 2026-09-29,,—
,vtiger_links,handler_path,,,,varchar(128),нет,18,,,—,—,метаданные/настройки Vtiger,count,не переносится: используется как источник проектирования модели и настроек,предложено,проверено SQL 2026-09-29,,—
,vtiger_links,handler_class,,,,varchar(50),нет,18,,,—,—,метаданные/настройки Vtiger,count,не переносится: используется как источник проектирования модели и настроек,предложено,проверено SQL 2026-09-29,,—
,vtiger_links,handler,,,,varchar(50),нет,18,,,—,—,метаданные/настройки Vtiger,count,не переносится: используется как источник проектирования модели и настроек,предложено,проверено SQL 2026-09-29,,—
,vtiger_links,parent_link,,,,int,нет,7,,,—,—,метаданные/настройки Vtiger,count,не переносится: используется как источник проектирования модели и настроек,предложено,проверено SQL 2026-09-29,,—
,vtiger_links_seq,id,,,,int,нет,1,,,—,—,последовательность,count,не переносится: счётчики EspoCRM свои; следующий номер документов задаётся настройкой нумерации,предложено,проверено SQL 2026-09-29,,—
,vtiger_loginhistory,login_id,,,,int,нет,1739,,,—,—,журнал входов,count,не переносится: журнал безопасности остаётся в защищённом снимке,предложено,проверено SQL 2026-09-29,,—
,vtiger_loginhistory,user_name,,,,varchar(255),нет,1739,,,—,—,журнал входов,count,не переносится: журнал безопасности остаётся в защищённом снимке,предложено,проверено SQL 2026-09-29,,—
,vtiger_loginhistory,user_ip,,,,varchar(25),нет,1739,,,—,—,журнал входов,count,не переносится: журнал безопасности остаётся в защищённом снимке,предложено,проверено SQL 2026-09-29,,—
,vtiger_loginhistory,logout_time,,,,timestamp,нет,1739,,,—,—,журнал входов,count,не переносится: журнал безопасности остаётся в защищённом снимке,предложено,проверено SQL 2026-09-29,,—
,vtiger_loginhistory,login_time,,,,datetime,нет,1739,,,—,—,журнал входов,count,не переносится: журнал безопасности остаётся в защищённом снимке,предложено,проверено SQL 2026-09-29,,—
,vtiger_loginhistory,status,,,,varchar(25),нет,1739,,,—,—,журнал входов,count,не переносится: журнал безопасности остаётся в защищённом снимке,предложено,проверено SQL 2026-09-29,,—
,vtiger_mail_accounts,account_id,,,,int,нет,3,,,—,—,интеграции/секреты,count,не переносится: секреты и состояние синхронизации; интеграции настраиваются заново,предложено,проверено SQL 2026-09-29,,—
,vtiger_mail_accounts,user_id,,,,int,нет,3,,,—,—,интеграции/секреты,count,не переносится: секреты и состояние синхронизации; интеграции настраиваются заново,предложено,проверено SQL 2026-09-29,,—
,vtiger_mail_accounts,display_name,,,,varchar(50),нет,3,,,—,—,интеграции/секреты,count,не переносится: секреты и состояние синхронизации; интеграции настраиваются заново,предложено,проверено SQL 2026-09-29,,—
,vtiger_mail_accounts,mail_id,,,,varchar(50),нет,0,,,—,—,интеграции/секреты,count,не переносится: секреты и состояние синхронизации; интеграции настраиваются заново,предложено,проверено SQL 2026-09-29,,—
,vtiger_mail_accounts,account_name,,,,varchar(50),нет,3,,,—,—,интеграции/секреты,count,не переносится: секреты и состояние синхронизации; интеграции настраиваются заново,предложено,проверено SQL 2026-09-29,,—
,vtiger_mail_accounts,mail_protocol,,,,varchar(20),нет,3,,,—,—,интеграции/секреты,count,не переносится: секреты и состояние синхронизации; интеграции настраиваются заново,предложено,проверено SQL 2026-09-29,,—
,vtiger_mail_accounts,mail_username,,,,varchar(50),нет,3,,,—,—,интеграции/секреты,count,не переносится: секреты и состояние синхронизации; интеграции настраиваются заново,предложено,проверено SQL 2026-09-29,,—
,vtiger_mail_accounts,mail_password,,,,text,нет,3,,,—,—,интеграции/секреты,count,не переносится: секреты и состояние синхронизации; интеграции настраиваются заново,предложено,проверено SQL 2026-09-29,,—
,vtiger_mail_accounts,mail_servername,,,,varchar(50),нет,3,,,—,—,интеграции/секреты,count,не переносится: секреты и состояние синхронизации; интеграции настраиваются заново,предложено,проверено SQL 2026-09-29,,—
,vtiger_mail_accounts,box_refresh,,,,int,нет,3,,,—,—,интеграции/секреты,count,не переносится: секреты и состояние синхронизации; интеграции настраиваются заново,предложено,проверено SQL 2026-09-29,,—
,vtiger_mail_accounts,mails_per_page,,,,int,нет,3,,,—,—,интеграции/секреты,count,не переносится: секреты и состояние синхронизации; интеграции настраиваются заново,предложено,проверено SQL 2026-09-29,,—
,vtiger_mail_accounts,ssltype,,,,varchar(50),нет,3,,,—,—,интеграции/секреты,count,не переносится: секреты и состояние синхронизации; интеграции настраиваются заново,предложено,проверено SQL 2026-09-29,,—
,vtiger_mail_accounts,sslmeth,,,,varchar(50),нет,3,,,—,—,интеграции/секреты,count,не переносится: секреты и состояние синхронизации; интеграции настраиваются заново,предложено,проверено SQL 2026-09-29,,—
,vtiger_mail_accounts,int_mailer,,,,int,нет,3,,,—,—,интеграции/секреты,count,не переносится: секреты и состояние синхронизации; интеграции настраиваются заново,предложено,проверено SQL 2026-09-29,,—
,vtiger_mail_accounts,status,,,,varchar(10),нет,3,,,—,—,интеграции/секреты,count,не переносится: секреты и состояние синхронизации; интеграции настраиваются заново,предложено,проверено SQL 2026-09-29,,—
,vtiger_mail_accounts,set_default,,,,int,нет,3,,,—,—,интеграции/секреты,count,не переносится: секреты и состояние синхронизации; интеграции настраиваются заново,предложено,проверено SQL 2026-09-29,,—
,vtiger_mail_accounts,sent_folder,,,,varchar(50),нет,3,,,—,—,интеграции/секреты,count,не переносится: секреты и состояние синхронизации; интеграции настраиваются заново,предложено,проверено SQL 2026-09-29,,—
,vtiger_mail_accounts,trash_folder,,,,varchar(50),нет,0,,,—,—,интеграции/секреты,count,не переносится: секреты и состояние синхронизации; интеграции настраиваются заново,предложено,проверено SQL 2026-09-29,,—
,vtiger_mailmanager_mailattachments,userid,,,,int,нет,34,,,—,—,кэш/индексы,count,не переносится: производные данные,предложено,проверено SQL 2026-09-29,,—
,vtiger_mailmanager_mailattachments,muid,,,,int,нет,34,,,—,—,кэш/индексы,count,не переносится: производные данные,предложено,проверено SQL 2026-09-29,,—
,vtiger_mailmanager_mailattachments,aname,,,,varchar(100),нет,34,,,—,—,кэш/индексы,count,не переносится: производные данные,предложено,проверено SQL 2026-09-29,,—
,vtiger_mailmanager_mailattachments,lastsavedtime,,,,int,нет,34,,,—,—,кэш/индексы,count,не переносится: производные данные,предложено,проверено SQL 2026-09-29,,—
,vtiger_mailmanager_mailattachments,attachid,,,,int,нет,34,,,—,—,кэш/индексы,count,не переносится: производные данные,предложено,проверено SQL 2026-09-29,,—
,vtiger_mailmanager_mailattachments,path,,,,varchar(200),нет,34,,,—,—,кэш/индексы,count,не переносится: производные данные,предложено,проверено SQL 2026-09-29,,—
,vtiger_mailmanager_mailattachments,cid,,,,varchar(100),нет,7,,,—,—,кэш/индексы,count,не переносится: производные данные,предложено,проверено SQL 2026-09-29,,—
,vtiger_mailmanager_mailrecord,userid,,,,int,нет,41,,,—,—,кэш/индексы,count,не переносится: производные данные,предложено,проверено SQL 2026-09-29,,—
,vtiger_mailmanager_mailrecord,mfrom,,,,varchar(255),нет,41,,,—,—,кэш/индексы,count,не переносится: производные данные,предложено,проверено SQL 2026-09-29,,—
,vtiger_mailmanager_mailrecord,mto,,,,varchar(255),нет,41,,,—,—,кэш/индексы,count,не переносится: производные данные,предложено,проверено SQL 2026-09-29,,—
,vtiger_mailmanager_mailrecord,mcc,,,,varchar(500),нет,41,,,—,—,кэш/индексы,count,не переносится: производные данные,предложено,проверено SQL 2026-09-29,,—
,vtiger_mailmanager_mailrecord,mbcc,,,,varchar(500),нет,41,,,—,—,кэш/индексы,count,не переносится: производные данные,предложено,проверено SQL 2026-09-29,,—
,vtiger_mailmanager_mailrecord,mdate,,,,varchar(20),нет,41,,,—,—,кэш/индексы,count,не переносится: производные данные,предложено,проверено SQL 2026-09-29,,—
,vtiger_mailmanager_mailrecord,msubject,,,,varchar(500),нет,41,,,—,—,кэш/индексы,count,не переносится: производные данные,предложено,проверено SQL 2026-09-29,,—
,vtiger_mailmanager_mailrecord,mbody,,,,text,нет,41,,,—,—,кэш/индексы,count,не переносится: производные данные,предложено,проверено SQL 2026-09-29,,—
,vtiger_mailmanager_mailrecord,mcharset,,,,varchar(10),нет,41,,,—,—,кэш/индексы,count,не переносится: производные данные,предложено,проверено SQL 2026-09-29,,—
,vtiger_mailmanager_mailrecord,misbodyhtml,,,,int,нет,41,,,—,—,кэш/индексы,count,не переносится: производные данные,предложено,проверено SQL 2026-09-29,,—
,vtiger_mailmanager_mailrecord,mplainmessage,,,,int,нет,41,,,—,—,кэш/индексы,count,не переносится: производные данные,предложено,проверено SQL 2026-09-29,,—
,vtiger_mailmanager_mailrecord,mhtmlmessage,,,,int,нет,41,,,—,—,кэш/индексы,count,не переносится: производные данные,предложено,проверено SQL 2026-09-29,,—
,vtiger_mailmanager_mailrecord,muniqueid,,,,varchar(500),нет,41,,,—,—,кэш/индексы,count,не переносится: производные данные,предложено,проверено SQL 2026-09-29,,—
,vtiger_mailmanager_mailrecord,mbodyparsed,,,,int,нет,41,,,—,—,кэш/индексы,count,не переносится: производные данные,предложено,проверено SQL 2026-09-29,,—
,vtiger_mailmanager_mailrecord,muid,,,,int,нет,41,,,—,—,кэш/индексы,count,не переносится: производные данные,предложено,проверено SQL 2026-09-29,,—
,vtiger_mailmanager_mailrecord,lastsavedtime,,,,int,нет,41,,,—,—,кэш/индексы,count,не переносится: производные данные,предложено,проверено SQL 2026-09-29,,—
,vtiger_mailmanager_mailrecord,folder,,,,varchar(250),нет,0,,,—,—,кэш/индексы,count,не переносится: производные данные,предложено,проверено SQL 2026-09-29,,—
,vtiger_mailmanager_mailrecord,mfolder,,,,varchar(250),нет,41,,,—,—,кэш/индексы,count,не переносится: производные данные,предложено,проверено SQL 2026-09-29,,—
,vtiger_mailmanager_mailrel,mailuid,,,,varchar(999),нет,2,,,—,—,кэш/индексы,count,не переносится: производные данные,предложено,проверено SQL 2026-09-29,,—
,vtiger_mailmanager_mailrel,crmid,,,,int,нет,2,,,—,—,кэш/индексы,count,не переносится: производные данные,предложено,проверено SQL 2026-09-29,,—
,vtiger_mailmanager_mailrel,emailid,,,,int,нет,2,,,—,—,кэш/индексы,count,не переносится: производные данные,предложено,проверено SQL 2026-09-29,,—
,vtiger_mailscanner_ids,scannerid,,,,int,нет,0,,,—,—,кэш/индексы,count,не переносится: производные данные,предложено,проверено SQL 2026-09-29,,—
,vtiger_mailscanner_ids,messageid,,,,varchar(512),нет,23,,,—,—,кэш/индексы,count,не переносится: производные данные,предложено,проверено SQL 2026-09-29,,—
,vtiger_mailscanner_ids,crmid,,,,int,нет,23,,,—,—,кэш/индексы,count,не переносится: производные данные,предложено,проверено SQL 2026-09-29,,—
,vtiger_mailscanner_ids,refids,,,,text,нет,0,,,—,—,кэш/индексы,count,не переносится: производные данные,предложено,проверено SQL 2026-09-29,,—
,vtiger_manufacturer,manufacturerid,,,,int,нет,3,,,—,entityDefs options,справочник значений пикл-листа,count,переносится как опции enum в метаданных EspoCRM (фактически используемые значения — в source-inventory),предложено,проверено SQL 2026-09-29,,"не используется: поле без данных, служебное или модуль без записей"
,vtiger_manufacturer,manufacturer,,,,varchar(200),нет,3,,,—,entityDefs options,справочник значений пикл-листа,count,переносится как опции enum в метаданных EspoCRM (фактически используемые значения — в source-inventory),предложено,проверено SQL 2026-09-29,,"не используется: поле без данных, служебное или модуль без записей"
,vtiger_manufacturer,presence,,,,int,нет,3,,,—,entityDefs options,справочник значений пикл-листа,count,переносится как опции enum в метаданных EspoCRM (фактически используемые значения — в source-inventory),предложено,проверено SQL 2026-09-29,,"не используется: поле без данных, служебное или модуль без записей"
,vtiger_manufacturer,picklist_valueid,,,,int,нет,3,,,—,entityDefs options,справочник значений пикл-листа,count,переносится как опции enum в метаданных EspoCRM (фактически используемые значения — в source-inventory),предложено,проверено SQL 2026-09-29,,"не используется: поле без данных, служебное или модуль без записей"
,vtiger_manufacturer,sortorderid,,,,int,нет,3,,,—,entityDefs options,справочник значений пикл-листа,count,переносится как опции enum в метаданных EspoCRM (фактически используемые значения — в source-inventory),предложено,проверено SQL 2026-09-29,,"не используется: поле без данных, служебное или модуль без записей"
,vtiger_manufacturer,color,,,,varchar(10),нет,0,,,—,entityDefs options,справочник значений пикл-листа,count,переносится как опции enum в метаданных EspoCRM (фактически используемые значения — в source-inventory),предложено,проверено SQL 2026-09-29,,"не используется: поле без данных, служебное или модуль без записей"
,vtiger_manufacturer_seq,id,,,,int,нет,1,,,—,—,последовательность,count,не переносится: счётчики EspoCRM свои; следующий номер документов задаётся настройкой нумерации,предложено,проверено SQL 2026-09-29,,—
,vtiger_mobile_alerts,id,,,,int,нет,7,,,—,—,метаданные/настройки Vtiger,count,не переносится: используется как источник проектирования модели и настроек,предложено,проверено SQL 2026-09-29,,—
,vtiger_mobile_alerts,handler_path,,,,varchar(500),нет,7,,,—,—,метаданные/настройки Vtiger,count,не переносится: используется как источник проектирования модели и настроек,предложено,проверено SQL 2026-09-29,,—
,vtiger_mobile_alerts,handler_class,,,,varchar(50),нет,7,,,—,—,метаданные/настройки Vtiger,count,не переносится: используется как источник проектирования модели и настроек,предложено,проверено SQL 2026-09-29,,—
,vtiger_mobile_alerts,sequence,,,,int,нет,0,,,—,—,метаданные/настройки Vtiger,count,не переносится: используется как источник проектирования модели и настроек,предложено,проверено SQL 2026-09-29,,—
,vtiger_mobile_alerts,deleted,,,,int,нет,7,,,—,—,метаданные/настройки Vtiger,count,не переносится: используется как источник проектирования модели и настроек,предложено,проверено SQL 2026-09-29,,—
,vtiger_modcomments,modcommentsid,,,,int,нет,78,78,78,—,(ключ записи),первичный ключ модульной таблицы = crmid,count,перенос,предложено,проверено SQL 2026-09-29,,ключ записи → vtigerId
,vtiger_modcommentscf,modcommentsid,,,,int,нет,78,78,78,—,(ключ записи),первичный ключ модульной таблицы = crmid,count,перенос,предложено,проверено SQL 2026-09-29,,ключ записи → vtigerId
,vtiger_modentity_num,num_id,,,,int,нет,28,,,—,—,метаданные/настройки Vtiger,count,не переносится: используется как источник проектирования модели и настроек,предложено,проверено SQL 2026-09-29,,—
,vtiger_modentity_num,semodule,,,,varchar(100),нет,28,,,—,—,метаданные/настройки Vtiger,count,не переносится: используется как источник проектирования модели и настроек,предложено,проверено SQL 2026-09-29,,—
,vtiger_modentity_num,prefix,,,,varchar(50),нет,25,,,—,—,метаданные/настройки Vtiger,count,не переносится: используется как источник проектирования модели и настроек,предложено,проверено SQL 2026-09-29,,—
,vtiger_modentity_num,start_id,,,,varchar(50),нет,28,,,—,—,метаданные/настройки Vtiger,count,не переносится: используется как источник проектирования модели и настроек,предложено,проверено SQL 2026-09-29,,—
,vtiger_modentity_num,cur_id,,,,varchar(50),нет,28,,,—,—,метаданные/настройки Vtiger,count,не переносится: используется как источник проектирования модели и настроек,предложено,проверено SQL 2026-09-29,,—
,vtiger_modentity_num,active,,,,varchar(2),нет,28,,,—,—,метаданные/настройки Vtiger,count,не переносится: используется как источник проектирования модели и настроек,предложено,проверено SQL 2026-09-29,,—
,vtiger_modentity_num,spcompany,,,,varchar(200),нет,0,,,—,—,метаданные/настройки Vtiger,count,не переносится: используется как источник проектирования модели и настроек,предложено,проверено SQL 2026-09-29,,—
,vtiger_modentity_num_seq,id,,,,int,нет,1,,,—,—,последовательность,count,не переносится: счётчики EspoCRM свои; следующий номер документов задаётся настройкой нумерации,предложено,проверено SQL 2026-09-29,,—
,vtiger_modtracker_basic,id,,,,int,нет,10331,,,—,—,история изменений,count,"не переносится (решение владельца, Q-27): остаётся в защищённом снимке",решено,проверено SQL 2026-09-29,,—
,vtiger_modtracker_basic,crmid,,,,int,нет,10331,,,—,—,история изменений,count,"не переносится (решение владельца, Q-27): остаётся в защищённом снимке",решено,проверено SQL 2026-09-29,,—
,vtiger_modtracker_basic,module,,,,varchar(50),нет,10331,,,—,—,история изменений,count,"не переносится (решение владельца, Q-27): остаётся в защищённом снимке",решено,проверено SQL 2026-09-29,,—
,vtiger_modtracker_basic,whodid,,,,int,нет,10331,,,—,—,история изменений,count,"не переносится (решение владельца, Q-27): остаётся в защищённом снимке",решено,проверено SQL 2026-09-29,,—
,vtiger_modtracker_basic,changedon,,,,datetime,нет,9721,,,—,—,история изменений,count,"не переносится (решение владельца, Q-27): остаётся в защищённом снимке",решено,проверено SQL 2026-09-29,,—
,vtiger_modtracker_basic,status,,,,int,нет,10331,,,—,—,история изменений,count,"не переносится (решение владельца, Q-27): остаётся в защищённом снимке",решено,проверено SQL 2026-09-29,,—
,vtiger_modtracker_basic_seq,id,,,,int,нет,1,,,—,—,последовательность,count,не переносится: счётчики EspoCRM свои; следующий номер документов задаётся настройкой нумерации,предложено,проверено SQL 2026-09-29,,—
,vtiger_modtracker_detail,id,,,,int,нет,110658,,,—,—,история изменений,count,"не переносится (решение владельца, Q-27): остаётся в защищённом снимке",решено,проверено SQL 2026-09-29,,—
,vtiger_modtracker_detail,fieldname,,,,varchar(100),нет,110658,,,—,—,история изменений,count,"не переносится (решение владельца, Q-27): остаётся в защищённом снимке",решено,проверено SQL 2026-09-29,,—
,vtiger_modtracker_detail,prevalue,,,,text,нет,2168,,,—,—,история изменений,count,"не переносится (решение владельца, Q-27): остаётся в защищённом снимке",решено,проверено SQL 2026-09-29,,—
,vtiger_modtracker_detail,postvalue,,,,text,нет,110542,,,—,—,история изменений,count,"не переносится (решение владельца, Q-27): остаётся в защищённом снимке",решено,проверено SQL 2026-09-29,,—
,vtiger_modtracker_relations,id,,,,int,нет,3005,,,—,—,история изменений,count,"не переносится (решение владельца, Q-27): остаётся в защищённом снимке",решено,проверено SQL 2026-09-29,,—
,vtiger_modtracker_relations,targetmodule,,,,varchar(100),нет,3005,,,—,—,история изменений,count,"не переносится (решение владельца, Q-27): остаётся в защищённом снимке",решено,проверено SQL 2026-09-29,,—
,vtiger_modtracker_relations,targetid,,,,int,нет,3005,,,—,—,история изменений,count,"не переносится (решение владельца, Q-27): остаётся в защищённом снимке",решено,проверено SQL 2026-09-29,,—
,vtiger_modtracker_relations,changedon,,,,datetime,нет,3005,,,—,—,история изменений,count,"не переносится (решение владельца, Q-27): остаётся в защищённом снимке",решено,проверено SQL 2026-09-29,,—
,vtiger_modtracker_tabs,tabid,,,,int,нет,94,,,—,—,настройка истории,count,не переносится: включить аудит полей в EspoCRM,предложено,проверено SQL 2026-09-29,,—
,vtiger_modtracker_tabs,visible,,,,int,нет,94,,,—,—,настройка истории,count,не переносится: включить аудит полей в EspoCRM,предложено,проверено SQL 2026-09-29,,—
,vtiger_module_dashboard_widgets,id,,,,int,нет,19,,,—,—,метаданные/настройки Vtiger,count,не переносится: используется как источник проектирования модели и настроек,предложено,проверено SQL 2026-09-29,,—
,vtiger_module_dashboard_widgets,linkid,,,,int,нет,19,,,—,—,метаданные/настройки Vtiger,count,не переносится: используется как источник проектирования модели и настроек,предложено,проверено SQL 2026-09-29,,—
,vtiger_module_dashboard_widgets,userid,,,,int,нет,19,,,—,—,метаданные/настройки Vtiger,count,не переносится: используется как источник проектирования модели и настроек,предложено,проверено SQL 2026-09-29,,—
,vtiger_module_dashboard_widgets,filterid,,,,int,нет,5,,,—,—,метаданные/настройки Vtiger,count,не переносится: используется как источник проектирования модели и настроек,предложено,проверено SQL 2026-09-29,,—
,vtiger_module_dashboard_widgets,title,,,,varchar(100),нет,1,,,—,—,метаданные/настройки Vtiger,count,не переносится: используется как источник проектирования модели и настроек,предложено,проверено SQL 2026-09-29,,—
,vtiger_module_dashboard_widgets,data,,,,text,нет,15,,,—,—,метаданные/настройки Vtiger,count,не переносится: используется как источник проектирования модели и настроек,предложено,проверено SQL 2026-09-29,,—
,vtiger_module_dashboard_widgets,position,,,,varchar(50),нет,19,,,—,—,метаданные/настройки Vtiger,count,не переносится: используется как источник проектирования модели и настроек,предложено,проверено SQL 2026-09-29,,—
,vtiger_module_dashboard_widgets,reportid,,,,int,нет,0,,,—,—,метаданные/настройки Vtiger,count,не переносится: используется как источник проектирования модели и настроек,предложено,проверено SQL 2026-09-29,,—
,vtiger_module_dashboard_widgets,dashboardtabid,,,,int,нет,19,,,—,—,метаданные/настройки Vtiger,count,не переносится: используется как источник проектирования модели и настроек,предложено,проверено SQL 2026-09-29,,—
,vtiger_module_dashboard_widgets,size,,,,varchar(50),нет,0,,,—,—,метаданные/настройки Vtiger,count,не переносится: используется как источник проектирования модели и настроек,предложено,проверено SQL 2026-09-29,,—
,vtiger_msg_type,msg_typeid,,,,int,нет,2,,,—,entityDefs options,справочник значений пикл-листа,count,переносится как опции enum в метаданных EspoCRM (фактически используемые значения — в source-inventory),предложено,проверено SQL 2026-09-29,,архив: исходные значения в VtigerArchive.data (enum не создаётся)
,vtiger_msg_type,msg_type,,,,varchar(200),нет,2,,,—,entityDefs options,справочник значений пикл-листа,count,переносится как опции enum в метаданных EspoCRM (фактически используемые значения — в source-inventory),предложено,проверено SQL 2026-09-29,,архив: исходные значения в VtigerArchive.data (enum не создаётся)
,vtiger_msg_type,presence,,,,int,нет,2,,,—,entityDefs options,справочник значений пикл-листа,count,переносится как опции enum в метаданных EspoCRM (фактически используемые значения — в source-inventory),предложено,проверено SQL 2026-09-29,,архив: исходные значения в VtigerArchive.data (enum не создаётся)
,vtiger_msg_type,picklist_valueid,,,,int,нет,2,,,—,entityDefs options,справочник значений пикл-листа,count,переносится как опции enum в метаданных EspoCRM (фактически используемые значения — в source-inventory),предложено,проверено SQL 2026-09-29,,архив: исходные значения в VtigerArchive.data (enum не создаётся)
,vtiger_msg_type,sortorderid,,,,int,нет,2,,,—,entityDefs options,справочник значений пикл-листа,count,переносится как опции enum в метаданных EspoCRM (фактически используемые значения — в source-inventory),предложено,проверено SQL 2026-09-29,,архив: исходные значения в VtigerArchive.data (enum не создаётся)
,vtiger_msg_type,color,,,,varchar(10),нет,0,,,—,entityDefs options,справочник значений пикл-листа,count,переносится как опции enum в метаданных EspoCRM (фактически используемые значения — в source-inventory),предложено,проверено SQL 2026-09-29,,архив: исходные значения в VtigerArchive.data (enum не создаётся)
,vtiger_msg_type_seq,id,,,,int,нет,1,,,—,—,последовательность,count,не переносится: счётчики EspoCRM свои; следующий номер документов задаётся настройкой нумерации,предложено,проверено SQL 2026-09-29,,—
,vtiger_no_of_currency_decimals,no_of_currency_decimalsid,,,,int,нет,6,,,—,—,пользовательские настройки,count,не переносится: настройки Preferences EspoCRM,предложено,проверено SQL 2026-09-29,,—
,vtiger_no_of_currency_decimals,no_of_currency_decimals,,,,varchar(200),нет,6,,,—,—,пользовательские настройки,count,не переносится: настройки Preferences EspoCRM,предложено,проверено SQL 2026-09-29,,—
,vtiger_no_of_currency_decimals,sortorderid,,,,int,нет,6,,,—,—,пользовательские настройки,count,не переносится: настройки Preferences EspoCRM,предложено,проверено SQL 2026-09-29,,—
,vtiger_no_of_currency_decimals,presence,,,,int,нет,6,,,—,—,пользовательские настройки,count,не переносится: настройки Preferences EspoCRM,предложено,проверено SQL 2026-09-29,,—
,vtiger_no_of_currency_decimals_seq,id,,,,int,нет,1,,,—,—,последовательность,count,не переносится: счётчики EspoCRM свои; следующий номер документов задаётся настройкой нумерации,предложено,проверено SQL 2026-09-29,,—
,vtiger_notes,notesid,,,,int,нет,227,215,215,—,(ключ записи),первичный ключ модульной таблицы = crmid,count,перенос,предложено,проверено SQL 2026-09-29,,ключ записи → vtigerId
,vtiger_notescf,notesid,,,,int,нет,227,215,215,—,(ключ записи),первичный ключ модульной таблицы = crmid,count,перенос,предложено,проверено SQL 2026-09-29,,ключ записи → vtigerId
,vtiger_notification_status,notification_statusid,,,,int,нет,2,,,—,entityDefs options,справочник значений пикл-листа,count,переносится как опции enum в метаданных EspoCRM (фактически используемые значения — в source-inventory),предложено,проверено SQL 2026-09-29,,"не используется: поле без данных, служебное или модуль без записей"
,vtiger_notification_status,notification_status,,,,varchar(200),нет,2,,,—,entityDefs options,справочник значений пикл-листа,count,переносится как опции enum в метаданных EspoCRM (фактически используемые значения — в source-inventory),предложено,проверено SQL 2026-09-29,,"не используется: поле без данных, служебное или модуль без записей"
,vtiger_notification_status,sortorderid,,,,int,нет,2,,,—,entityDefs options,справочник значений пикл-листа,count,переносится как опции enum в метаданных EspoCRM (фактически используемые значения — в source-inventory),предложено,проверено SQL 2026-09-29,,"не используется: поле без данных, служебное или модуль без записей"
,vtiger_notification_status,presence,,,,int,нет,2,,,—,entityDefs options,справочник значений пикл-листа,count,переносится как опции enum в метаданных EspoCRM (фактически используемые значения — в source-inventory),предложено,проверено SQL 2026-09-29,,"не используется: поле без данных, служебное или модуль без записей"
,vtiger_notification_status,color,,,,varchar(10),нет,0,,,—,entityDefs options,справочник значений пикл-листа,count,переносится как опции enum в метаданных EspoCRM (фактически используемые значения — в source-inventory),предложено,проверено SQL 2026-09-29,,"не используется: поле без данных, служебное или модуль без записей"
,vtiger_notification_status_seq,id,,,,int,нет,1,,,—,—,последовательность,count,не переносится: счётчики EspoCRM свои; следующий номер документов задаётся настройкой нумерации,предложено,проверено SQL 2026-09-29,,—
,vtiger_notifications,notificationid,,,,int,нет,1,1,1,—,(ключ записи),первичный ключ модульной таблицы = crmid,count,перенос,предложено,проверено SQL 2026-09-29,,ключ записи → vtigerId
,vtiger_notificationscf,notificationid,,,,int,нет,1,,,—,—,таблица кастомных полей без данных,count,только ключ записи; кастомных колонок с данными нет,предложено,проверено SQL 2026-09-29,,—
,vtiger_notificationscheduler,schedulednotificationid,,,,int,нет,8,,,—,Template (собств.),шаблоны,count,переносится как спецификация (print-forms.md); реализация собственным кодом,предложено,проверено SQL 2026-09-29,,этап 05 (печатные формы)
,vtiger_notificationscheduler,schedulednotificationname,,,,varchar(200),нет,8,,,—,Template (собств.),шаблоны,count,переносится как спецификация (print-forms.md); реализация собственным кодом,предложено,проверено SQL 2026-09-29,,этап 05 (печатные формы)
,vtiger_notificationscheduler,active,,,,int,нет,8,,,—,Template (собств.),шаблоны,count,переносится как спецификация (print-forms.md); реализация собственным кодом,предложено,проверено SQL 2026-09-29,,этап 05 (печатные формы)
,vtiger_notificationscheduler,notificationsubject,,,,varchar(200),нет,8,,,—,Template (собств.),шаблоны,count,переносится как спецификация (print-forms.md); реализация собственным кодом,предложено,проверено SQL 2026-09-29,,этап 05 (печатные формы)
,vtiger_notificationscheduler,notificationbody,,,,text,нет,8,,,—,Template (собств.),шаблоны,count,переносится как спецификация (print-forms.md); реализация собственным кодом,предложено,проверено SQL 2026-09-29,,этап 05 (печатные формы)
,vtiger_notificationscheduler,label,,,,varchar(50),нет,8,,,—,Template (собств.),шаблоны,count,переносится как спецификация (print-forms.md); реализация собственным кодом,предложено,проверено SQL 2026-09-29,,этап 05 (печатные формы)
,vtiger_notificationscheduler,type,,,,varchar(10),нет,3,,,—,Template (собств.),шаблоны,count,переносится как спецификация (print-forms.md); реализация собственным кодом,предложено,проверено SQL 2026-09-29,,этап 05 (печатные формы)
,vtiger_notificationscheduler_seq,id,,,,int,нет,1,,,—,—,последовательность,count,не переносится: счётчики EspoCRM свои; следующий номер документов задаётся настройкой нумерации,предложено,проверено SQL 2026-09-29,,—
,vtiger_opportunity_type,opptypeid,,,,int,нет,2,,,—,entityDefs options,справочник значений пикл-листа,count,переносится как опции enum в метаданных EspoCRM (фактически используемые значения — в source-inventory),реализовано (этап 03),проверено SQL 2026-09-29,,"ok: опции Opportunity.cOpportunityType (metadata/vtigerValueMap, D-19, Q-32)"
,vtiger_opportunity_type,opportunity_type,,,,varchar(200),нет,2,,,—,entityDefs options,справочник значений пикл-листа,count,переносится как опции enum в метаданных EspoCRM (фактически используемые значения — в source-inventory),реализовано (этап 03),проверено SQL 2026-09-29,,"ok: опции Opportunity.cOpportunityType (metadata/vtigerValueMap, D-19, Q-32)"
,vtiger_opportunity_type,presence,,,,int,нет,2,,,—,entityDefs options,справочник значений пикл-листа,count,переносится как опции enum в метаданных EspoCRM (фактически используемые значения — в source-inventory),реализовано (этап 03),проверено SQL 2026-09-29,,"ok: опции Opportunity.cOpportunityType (metadata/vtigerValueMap, D-19, Q-32)"
,vtiger_opportunity_type,picklist_valueid,,,,int,нет,2,,,—,entityDefs options,справочник значений пикл-листа,count,переносится как опции enum в метаданных EspoCRM (фактически используемые значения — в source-inventory),реализовано (этап 03),проверено SQL 2026-09-29,,"ok: опции Opportunity.cOpportunityType (metadata/vtigerValueMap, D-19, Q-32)"
,vtiger_opportunity_type,sortorderid,,,,int,нет,2,,,—,entityDefs options,справочник значений пикл-листа,count,переносится как опции enum в метаданных EspoCRM (фактически используемые значения — в source-inventory),реализовано (этап 03),проверено SQL 2026-09-29,,"ok: опции Opportunity.cOpportunityType (metadata/vtigerValueMap, D-19, Q-32)"
,vtiger_opportunity_type,color,,,,varchar(10),нет,0,,,—,entityDefs options,справочник значений пикл-листа,count,переносится как опции enum в метаданных EspoCRM (фактически используемые значения — в source-inventory),реализовано (этап 03),проверено SQL 2026-09-29,,"ok: опции Opportunity.cOpportunityType (metadata/vtigerValueMap, D-19, Q-32)"
,vtiger_opportunity_type_seq,id,,,,int,нет,1,,,—,—,последовательность,count,не переносится: счётчики EspoCRM свои; следующий номер документов задаётся настройкой нумерации,предложено,проверено SQL 2026-09-29,,—
,vtiger_org_share_action2tab,share_action_id,,,,int,нет,156,,,—,Role/Team,ACL,count,не переносится как данные: права воспроизводятся ролями/командами EspoCRM по module-decisions.md,предложено,проверено SQL 2026-09-29,,—
,vtiger_org_share_action2tab,tabid,,,,int,нет,156,,,—,Role/Team,ACL,count,не переносится как данные: права воспроизводятся ролями/командами EspoCRM по module-decisions.md,предложено,проверено SQL 2026-09-29,,—
,vtiger_org_share_action_mapping,share_action_id,,,,int,нет,8,,,—,Role/Team,ACL,count,не переносится как данные: права воспроизводятся ролями/командами EspoCRM по module-decisions.md,предложено,проверено SQL 2026-09-29,,—
,vtiger_org_share_action_mapping,share_action_name,,,,varchar(200),нет,8,,,—,Role/Team,ACL,count,не переносится как данные: права воспроизводятся ролями/командами EspoCRM по module-decisions.md,предложено,проверено SQL 2026-09-29,,—
,vtiger_organizationdetails,organization_id,,,,int,нет,1,,,LegalEntity (собственная),—,служебный ключ единственной строки,count,исключено: служебный ключ единственной строки,контракт (этап 04.1),проверено SQL 2026-09-29,,—
,vtiger_organizationdetails,organizationname,,,,varchar(60),нет,1,,,LegalEntity (собственная),name,реквизит юрлица (значение вне Git),count,перенос (значения вне Git),реализовано (этап 04.2),проверено SQL 2026-09-29,,ok: LegalEntity.name varchar(255)
,vtiger_organizationdetails,address,,,,varchar(150),нет,1,,,LegalEntity (собственная),addressStreet,реквизит юрлица (значение вне Git),count,перенос (значения вне Git),реализовано (этап 04.2),проверено SQL 2026-09-29,,ok: LegalEntity.addressStreet text
,vtiger_organizationdetails,city,,,,varchar(100),нет,1,,,LegalEntity (собственная),addressCity,реквизит юрлица (значение вне Git),count,перенос (значения вне Git),реализовано (этап 04.2),проверено SQL 2026-09-29,,ok: LegalEntity.addressCity varchar(100)
,vtiger_organizationdetails,state,,,,varchar(100),нет,1,,,LegalEntity (собственная),addressState,реквизит юрлица (значение вне Git),count,перенос (значения вне Git),реализовано (этап 04.2),проверено SQL 2026-09-29,,ok: LegalEntity.addressState varchar(100)
,vtiger_organizationdetails,country,,,,varchar(100),нет,1,,,LegalEntity (собственная),addressCountry,реквизит юрлица (значение вне Git),count,перенос (значения вне Git),реализовано (этап 04.2),проверено SQL 2026-09-29,,ok: LegalEntity.addressCountry varchar(100)
,vtiger_organizationdetails,code,,,,varchar(30),нет,1,,,LegalEntity (собственная),addressPostalCode,реквизит юрлица (значение вне Git),count,перенос (значения вне Git),реализовано (этап 04.2),проверено SQL 2026-09-29,,ok: LegalEntity.addressPostalCode varchar(40)
,vtiger_organizationdetails,phone,,,,varchar(30),нет,1,,,LegalEntity (собственная),phoneNumber,реквизит юрлица (значение вне Git),count,перенос (значения вне Git),реализовано (этап 04.2),проверено SQL 2026-09-29,,ok: LegalEntity.phoneNumber varchar(100)
,vtiger_organizationdetails,fax,,,,varchar(30),нет,1,,,LegalEntity (собственная),fax,реквизит юрлица (значение вне Git),count,перенос (значения вне Git),реализовано (этап 04.2),проверено SQL 2026-09-29,,ok: LegalEntity.fax varchar(100)
,vtiger_organizationdetails,website,,,,varchar(100),нет,1,,,LegalEntity (собственная),website,реквизит юрлица (значение вне Git),count,перенос (значения вне Git),реализовано (этап 04.2),проверено SQL 2026-09-29,,ok: LegalEntity.website url(255)
,vtiger_organizationdetails,logoname,,,,varchar(50),нет,1,,,LegalEntity (собственная),logo,имя файла логотипа; файл переносится при импорте (этап 06),count,перенос (значения вне Git),реализовано (этап 04.2),проверено SQL 2026-09-29,,ok: LegalEntity.logo image
,vtiger_organizationdetails,logo,,,,text,нет,0,,,LegalEntity (собственная),—,пусто: логотип хранится файлом (logoname),count,пусто — данных нет,контракт (этап 04.1),проверено SQL 2026-09-29,,—
,vtiger_organizationdetails,vatid,,,,varchar(100),нет,0,,,LegalEntity (собственная),—,пусто; поле не создаётся (finance-contract.md §11),count,пусто — данных нет,контракт (этап 04.1),проверено SQL 2026-09-29,,—
,vtiger_organizationdetails,inn,,,,varchar(30),нет,1,,,LegalEntity (собственная),inn,реквизит юрлица (значение вне Git),count,перенос (значения вне Git),реализовано (этап 04.2),проверено SQL 2026-09-29,,ok: LegalEntity.inn varchar(255)
,vtiger_organizationdetails,kpp,,,,varchar(30),нет,1,,,LegalEntity (собственная),kpp,реквизит юрлица (значение вне Git),count,перенос (значения вне Git),реализовано (этап 04.2),проверено SQL 2026-09-29,,ok: LegalEntity.kpp varchar(255)
,vtiger_organizationdetails,bankaccount,,,,varchar(1024),нет,1,,,LegalEntity (собственная),bankAccount,реквизит юрлица (значение вне Git),count,перенос (значения вне Git),реализовано (этап 04.2),проверено SQL 2026-09-29,,ok: LegalEntity.bankAccount varchar(255)
,vtiger_organizationdetails,bankname,,,,varchar(1024),нет,1,,,LegalEntity (собственная),bankName,реквизит юрлица (значение вне Git),count,перенос (значения вне Git),реализовано (этап 04.2),проверено SQL 2026-09-29,,ok: LegalEntity.bankName varchar(255)
,vtiger_organizationdetails,bankid,,,,varchar(30),нет,1,,,LegalEntity (собственная),bic,реквизит юрлица (значение вне Git),count,перенос (значения вне Git),реализовано (этап 04.2),проверено SQL 2026-09-29,,ok: LegalEntity.bic varchar(255)
,vtiger_organizationdetails,corraccount,,,,varchar(100),нет,1,,,LegalEntity (собственная),corrAccount,реквизит юрлица (значение вне Git),count,перенос (значения вне Git),реализовано (этап 04.2),проверено SQL 2026-09-29,,ok: LegalEntity.corrAccount varchar(255)
,vtiger_organizationdetails,director,,,,varchar(100),нет,1,,,LegalEntity (собственная),director,реквизит юрлица (значение вне Git),count,перенос (значения вне Git),реализовано (этап 04.2),проверено SQL 2026-09-29,,ok: LegalEntity.director varchar(255)
,vtiger_organizationdetails,bookkeeper,,,,varchar(100),нет,1,,,LegalEntity (собственная),bookkeeper,реквизит юрлица (значение вне Git),count,перенос (значения вне Git),реализовано (этап 04.2),проверено SQL 2026-09-29,,ok: LegalEntity.bookkeeper varchar(255)
,vtiger_organizationdetails,entrepreneur,,,,varchar(100),нет,1,,,LegalEntity (собственная),entrepreneur,реквизит юрлица (значение вне Git),count,перенос (значения вне Git),реализовано (этап 04.2),проверено SQL 2026-09-29,,ok: LegalEntity.entrepreneur varchar(255)
,vtiger_organizationdetails,entrepreneurreg,,,,varchar(100),нет,1,,,LegalEntity (собственная),entrepreneurRegistration,реквизит юрлица (значение вне Git),count,перенос (значения вне Git),реализовано (этап 04.2),проверено SQL 2026-09-29,,ok: LegalEntity.entrepreneurRegistration varchar(255)
,vtiger_organizationdetails,okpo,,,,varchar(100),нет,1,,,LegalEntity (собственная),okpo,реквизит юрлица (значение вне Git),count,перенос (значения вне Git),реализовано (этап 04.2),проверено SQL 2026-09-29,,ok: LegalEntity.okpo varchar(255)
,vtiger_organizationdetails,company,,,,varchar(255),нет,1,,,LegalEntity (собственная),vtigerCompanyKey,"ключ юрлица SalesPlatform ('Default', D-04)",count,перенос (значения вне Git),реализовано (этап 04.2),проверено SQL 2026-09-29,,ok: LegalEntity.vtigerCompanyKey varchar(255)
,vtiger_organizationdetails_seq,id,,,,int,нет,1,,,—,—,последовательность,count,не переносится: счётчики EspoCRM свои; следующий номер документов задаётся настройкой нумерации,предложено,проверено SQL 2026-09-29,,—
,vtiger_othereventduration,othereventdurationid,,,,int,нет,5,,,—,—,пользовательские настройки,count,не переносится: настройки Preferences EspoCRM,предложено,проверено SQL 2026-09-29,,—
,vtiger_othereventduration,othereventduration,,,,varchar(200),нет,5,,,—,—,пользовательские настройки,count,не переносится: настройки Preferences EspoCRM,предложено,проверено SQL 2026-09-29,,—
,vtiger_othereventduration,sortorderid,,,,int,нет,5,,,—,—,пользовательские настройки,count,не переносится: настройки Preferences EspoCRM,предложено,проверено SQL 2026-09-29,,—
,vtiger_othereventduration,presence,,,,int,нет,5,,,—,—,пользовательские настройки,count,не переносится: настройки Preferences EspoCRM,предложено,проверено SQL 2026-09-29,,—
,vtiger_othereventduration_seq,id,,,,int,нет,1,,,—,—,последовательность,count,не переносится: счётчики EspoCRM свои; следующий номер документов задаётся настройкой нумерации,предложено,проверено SQL 2026-09-29,,—
,vtiger_parenttab,parenttabid,,,,int,нет,8,,,—,—,метаданные/настройки Vtiger,count,не переносится: используется как источник проектирования модели и настроек,предложено,проверено SQL 2026-09-29,,—
,vtiger_parenttab,parenttab_label,,,,varchar(100),нет,8,,,—,—,метаданные/настройки Vtiger,count,не переносится: используется как источник проектирования модели и настроек,предложено,проверено SQL 2026-09-29,,—
,vtiger_parenttab,sequence,,,,int,нет,8,,,—,—,метаданные/настройки Vtiger,count,не переносится: используется как источник проектирования модели и настроек,предложено,проверено SQL 2026-09-29,,—
,vtiger_parenttab,visible,,,,int,нет,8,,,—,—,метаданные/настройки Vtiger,count,не переносится: используется как источник проектирования модели и настроек,предложено,проверено SQL 2026-09-29,,—
,vtiger_parenttabrel,parenttabid,,,,int,нет,95,,,—,—,метаданные/настройки Vtiger,count,не переносится: используется как источник проектирования модели и настроек,предложено,проверено SQL 2026-09-29,,—
,vtiger_parenttabrel,tabid,,,,int,нет,95,,,—,—,метаданные/настройки Vtiger,count,не переносится: используется как источник проектирования модели и настроек,предложено,проверено SQL 2026-09-29,,—
,vtiger_parenttabrel,sequence,,,,int,нет,95,,,—,—,метаданные/настройки Vtiger,count,не переносится: используется как источник проектирования модели и настроек,предложено,проверено SQL 2026-09-29,,—
,vtiger_pay_type,pay_typeid,,,,int,нет,2,,,—,entityDefs options,справочник значений пикл-листа,count,переносится как опции enum в метаданных EspoCRM (фактически используемые значения — в source-inventory),предложено,проверено SQL 2026-09-29,,этап 04.x: справочник финансового модуля
,vtiger_pay_type,pay_type,,,,varchar(200),нет,2,,,—,entityDefs options,справочник значений пикл-листа,count,переносится как опции enum в метаданных EspoCRM (фактически используемые значения — в source-inventory),предложено,проверено SQL 2026-09-29,,этап 04.x: справочник финансового модуля
,vtiger_pay_type,presence,,,,int,нет,2,,,—,entityDefs options,справочник значений пикл-листа,count,переносится как опции enum в метаданных EspoCRM (фактически используемые значения — в source-inventory),предложено,проверено SQL 2026-09-29,,этап 04.x: справочник финансового модуля
,vtiger_pay_type,picklist_valueid,,,,int,нет,2,,,—,entityDefs options,справочник значений пикл-листа,count,переносится как опции enum в метаданных EspoCRM (фактически используемые значения — в source-inventory),предложено,проверено SQL 2026-09-29,,этап 04.x: справочник финансового модуля
,vtiger_pay_type,sortorderid,,,,int,нет,2,,,—,entityDefs options,справочник значений пикл-листа,count,переносится как опции enum в метаданных EspoCRM (фактически используемые значения — в source-inventory),предложено,проверено SQL 2026-09-29,,этап 04.x: справочник финансового модуля
,vtiger_pay_type,color,,,,varchar(10),нет,0,,,—,entityDefs options,справочник значений пикл-листа,count,переносится как опции enum в метаданных EspoCRM (фактически используемые значения — в source-inventory),предложено,проверено SQL 2026-09-29,,этап 04.x: справочник финансового модуля
,vtiger_pay_type_seq,id,,,,int,нет,1,,,—,—,последовательность,count,не переносится: счётчики EspoCRM свои; следующий номер документов задаётся настройкой нумерации,предложено,проверено SQL 2026-09-29,,—
,vtiger_payment_duration,payment_duration_id,,,,int,нет,5,,,—,entityDefs options,справочник значений пикл-листа,count,переносится как опции enum в метаданных EspoCRM (фактически используемые значения — в source-inventory),предложено,проверено SQL 2026-09-29,,"архив: исходные значения в vtigerData (enum не создаётся; периодичность заказов закончилась в 2016, D-15)"
,vtiger_payment_duration,payment_duration,,,,varchar(200),нет,5,,,—,entityDefs options,справочник значений пикл-листа,count,переносится как опции enum в метаданных EspoCRM (фактически используемые значения — в source-inventory),предложено,проверено SQL 2026-09-29,,"архив: исходные значения в vtigerData (enum не создаётся; периодичность заказов закончилась в 2016, D-15)"
,vtiger_payment_duration,sortorderid,,,,int,нет,5,,,—,entityDefs options,справочник значений пикл-листа,count,переносится как опции enum в метаданных EspoCRM (фактически используемые значения — в source-inventory),предложено,проверено SQL 2026-09-29,,"архив: исходные значения в vtigerData (enum не создаётся; периодичность заказов закончилась в 2016, D-15)"
,vtiger_payment_duration,presence,,,,int,нет,5,,,—,entityDefs options,справочник значений пикл-листа,count,переносится как опции enum в метаданных EspoCRM (фактически используемые значения — в source-inventory),предложено,проверено SQL 2026-09-29,,"архив: исходные значения в vtigerData (enum не создаётся; периодичность заказов закончилась в 2016, D-15)"
,vtiger_payment_duration,color,,,,varchar(10),нет,0,,,—,entityDefs options,справочник значений пикл-листа,count,переносится как опции enum в метаданных EspoCRM (фактически используемые значения — в source-inventory),предложено,проверено SQL 2026-09-29,,"архив: исходные значения в vtigerData (enum не создаётся; периодичность заказов закончилась в 2016, D-15)"
,vtiger_payment_duration_seq,id,,,,int,нет,1,,,—,—,последовательность,count,не переносится: счётчики EspoCRM свои; следующий номер документов задаётся настройкой нумерации,предложено,проверено SQL 2026-09-29,,—
,vtiger_pbxmanager,pbxmanagerid,,,,int,нет,1116,1116,1116,—,(ключ записи),первичный ключ модульной таблицы = crmid,count,перенос,предложено,проверено SQL 2026-09-29,,ключ записи → vtigerId
,vtiger_pbxmanager_gateway,id,,,,int,нет,1,,,—,—,интеграции/секреты,count,не переносится: секреты и состояние синхронизации; интеграции настраиваются заново,предложено,проверено SQL 2026-09-29,,—
,vtiger_pbxmanager_gateway,gateway,,,,varchar(20),нет,1,,,—,—,интеграции/секреты,count,не переносится: секреты и состояние синхронизации; интеграции настраиваются заново,предложено,проверено SQL 2026-09-29,,—
,vtiger_pbxmanager_gateway,parameters,,,,text,нет,1,,,—,—,интеграции/секреты,count,не переносится: секреты и состояние синхронизации; интеграции настраиваются заново,предложено,проверено SQL 2026-09-29,,—
,vtiger_pbxmanager_phonelookup,crmid,,,,int,нет,304,,,—,—,кэш/индексы,count,не переносится: производные данные,предложено,проверено SQL 2026-09-29,,—
,vtiger_pbxmanager_phonelookup,setype,,,,varchar(30),нет,304,,,—,—,кэш/индексы,count,не переносится: производные данные,предложено,проверено SQL 2026-09-29,,—
,vtiger_pbxmanager_phonelookup,fnumber,,,,varchar(100),нет,304,,,—,—,кэш/индексы,count,не переносится: производные данные,предложено,проверено SQL 2026-09-29,,—
,vtiger_pbxmanager_phonelookup,rnumber,,,,varchar(100),нет,304,,,—,—,кэш/индексы,count,не переносится: производные данные,предложено,проверено SQL 2026-09-29,,—
,vtiger_pbxmanager_phonelookup,fieldname,,,,varchar(50),нет,304,,,—,—,кэш/индексы,count,не переносится: производные данные,предложено,проверено SQL 2026-09-29,,—
,vtiger_pbxmanagercf,pbxmanagerid,,,,int,нет,1116,,,—,—,таблица кастомных полей без данных,count,только ключ записи; кастомных колонок с данными нет,предложено,проверено SQL 2026-09-29,,—
,vtiger_picklist,picklistid,,,,int,нет,60,,,—,—,метаданные/настройки Vtiger,count,не переносится: используется как источник проектирования модели и настроек,предложено,проверено SQL 2026-09-29,,—
,vtiger_picklist,name,,,,varchar(200),нет,60,,,—,—,метаданные/настройки Vtiger,count,не переносится: используется как источник проектирования модели и настроек,предложено,проверено SQL 2026-09-29,,—
,vtiger_picklist_seq,id,,,,int,нет,1,,,—,—,последовательность,count,не переносится: счётчики EspoCRM свои; следующий номер документов задаётся настройкой нумерации,предложено,проверено SQL 2026-09-29,,—
,vtiger_picklistvalues_seq,id,,,,int,нет,1,,,—,—,последовательность,count,не переносится: счётчики EspoCRM свои; следующий номер документов задаётся настройкой нумерации,предложено,проверено SQL 2026-09-29,,—
,vtiger_portal,portalid,,,,int,нет,2,,,—,—,метаданные/настройки Vtiger,count,не переносится: используется как источник проектирования модели и настроек,предложено,проверено SQL 2026-09-29,,—
,vtiger_portal,portalname,,,,varchar(200),нет,2,,,—,—,метаданные/настройки Vtiger,count,не переносится: используется как источник проектирования модели и настроек,предложено,проверено SQL 2026-09-29,,—
,vtiger_portal,portalurl,,,,varchar(255),нет,2,,,—,—,метаданные/настройки Vtiger,count,не переносится: используется как источник проектирования модели и настроек,предложено,проверено SQL 2026-09-29,,—
,vtiger_portal,sequence,,,,int,нет,2,,,—,—,метаданные/настройки Vtiger,count,не переносится: используется как источник проектирования модели и настроек,предложено,проверено SQL 2026-09-29,,—
,vtiger_portal,setdefault,,,,int,нет,2,,,—,—,метаданные/настройки Vtiger,count,не переносится: используется как источник проектирования модели и настроек,предложено,проверено SQL 2026-09-29,,—
,vtiger_portal,createdtime,,,,datetime,нет,2,,,—,—,метаданные/настройки Vtiger,count,не переносится: используется как источник проектирования модели и настроек,предложено,проверено SQL 2026-09-29,,—
,vtiger_portal_seq,id,,,,int,нет,1,,,—,—,последовательность,count,не переносится: счётчики EspoCRM свои; следующий номер документов задаётся настройкой нумерации,предложено,проверено SQL 2026-09-29,,—
,vtiger_postatus,postatusid,,,,int,нет,5,,,—,entityDefs options,справочник значений пикл-листа,count,переносится как опции enum в метаданных EspoCRM (фактически используемые значения — в source-inventory),предложено,проверено SQL 2026-09-29,,этап 04.x: справочник финансового модуля
,vtiger_postatus,postatus,,,,varchar(200),нет,5,,,—,entityDefs options,справочник значений пикл-листа,count,переносится как опции enum в метаданных EspoCRM (фактически используемые значения — в source-inventory),предложено,проверено SQL 2026-09-29,,этап 04.x: справочник финансового модуля
,vtiger_postatus,presence,,,,int,нет,5,,,—,entityDefs options,справочник значений пикл-листа,count,переносится как опции enum в метаданных EspoCRM (фактически используемые значения — в source-inventory),предложено,проверено SQL 2026-09-29,,этап 04.x: справочник финансового модуля
,vtiger_postatus,picklist_valueid,,,,int,нет,5,,,—,entityDefs options,справочник значений пикл-листа,count,переносится как опции enum в метаданных EspoCRM (фактически используемые значения — в source-inventory),предложено,проверено SQL 2026-09-29,,этап 04.x: справочник финансового модуля
,vtiger_postatus,sortorderid,,,,int,нет,5,,,—,entityDefs options,справочник значений пикл-листа,count,переносится как опции enum в метаданных EspoCRM (фактически используемые значения — в source-inventory),предложено,проверено SQL 2026-09-29,,этап 04.x: справочник финансового модуля
,vtiger_postatus,color,,,,varchar(10),нет,0,,,—,entityDefs options,справочник значений пикл-листа,count,переносится как опции enum в метаданных EspoCRM (фактически используемые значения — в source-inventory),предложено,проверено SQL 2026-09-29,,этап 04.x: справочник финансового модуля
,vtiger_postatus_seq,id,,,,int,нет,1,,,—,—,последовательность,count,не переносится: счётчики EspoCRM свои; следующий номер документов задаётся настройкой нумерации,предложено,проверено SQL 2026-09-29,,—
,vtiger_potential,potentialid,,,,int,нет,156,156,156,—,(ключ записи),первичный ключ модульной таблицы = crmid,count,перенос,предложено,проверено SQL 2026-09-29,,ключ записи → vtigerId
,vtiger_potential,currency,,,,varchar(20),нет,0,156,0,—,—,нет данных,count,пусто — данных нет,предложено,проверено SQL 2026-09-29,,—
,vtiger_potential,typeofrevenue,,,,varchar(50),нет,0,156,0,—,—,нет данных,count,пусто — данных нет,предложено,проверено SQL 2026-09-29,,—
,vtiger_potential,private,,,,int,нет,156,156,0,—,,служебное (0),count,исключено: служебное (0),предложено,проверено SQL 2026-09-29,,—
,vtiger_potential,productid,,,,int,нет,0,156,0,—,—,нет данных,count,пусто — данных нет,предложено,проверено SQL 2026-09-29,,—
,vtiger_potential,productversion,,,,varchar(50),нет,0,156,0,—,—,нет данных,count,пусто — данных нет,предложено,проверено SQL 2026-09-29,,—
,vtiger_potential,quotationref,,,,varchar(50),нет,0,156,0,—,—,нет данных,count,пусто — данных нет,предложено,проверено SQL 2026-09-29,,—
,vtiger_potential,partnercontact,,,,varchar(50),нет,0,156,0,—,—,нет данных,count,пусто — данных нет,предложено,проверено SQL 2026-09-29,,—
,vtiger_potential,remarks,,,,varchar(50),нет,0,156,0,—,—,нет данных,count,пусто — данных нет,предложено,проверено SQL 2026-09-29,,—
,vtiger_potential,runtimefee,,,,int,нет,156,156,0,—,,служебное (0),count,исключено: служебное (0),предложено,проверено SQL 2026-09-29,,—
,vtiger_potential,followupdate,,,,date,нет,0,156,0,—,—,нет данных,count,пусто — данных нет,предложено,проверено SQL 2026-09-29,,—
,vtiger_potential,evaluationstatus,,,,varchar(50),нет,0,156,0,—,—,нет данных,count,пусто — данных нет,предложено,проверено SQL 2026-09-29,,—
,vtiger_potential,description,,,,text,нет,0,156,0,—,—,нет данных,count,пусто — данных нет,предложено,проверено SQL 2026-09-29,,—
,vtiger_potential,forecastcategory,,,,int,нет,156,156,0,—,,служебное (0),count,исключено: служебное (0),предложено,проверено SQL 2026-09-29,,—
,vtiger_potential,outcomeanalysis,,,,int,нет,156,156,0,—,,служебное (0),count,исключено: служебное (0),предложено,проверено SQL 2026-09-29,,—
,vtiger_potential,converted,,,,int,нет,156,156,5,—,vtigerData.converted,bool,count,архив (только чтение),реализовано (этап 03),проверено SQL 2026-09-29,,ok: Opportunity.vtigerData jsonObject
,vtiger_potentialscf,potentialid,,,,int,нет,156,,,—,—,таблица кастомных полей без данных,count,только ключ записи; кастомных колонок с данными нет,предложено,проверено SQL 2026-09-29,,—
,vtiger_potstagehistory,historyid,,,,int,нет,9,,,—,—,история статусов,count,"не переносится (решение владельца, Q-27): остаётся в защищённом снимке",решено,проверено SQL 2026-09-29,,—
,vtiger_potstagehistory,potentialid,,,,int,нет,9,,,—,—,история статусов,count,"не переносится (решение владельца, Q-27): остаётся в защищённом снимке",решено,проверено SQL 2026-09-29,,—
,vtiger_potstagehistory,amount,,,,"decimal(10,0)",нет,9,,,—,—,история статусов,count,"не переносится (решение владельца, Q-27): остаётся в защищённом снимке",решено,проверено SQL 2026-09-29,,—
,vtiger_potstagehistory,stage,,,,varchar(100),нет,9,,,—,—,история статусов,count,"не переносится (решение владельца, Q-27): остаётся в защищённом снимке",решено,проверено SQL 2026-09-29,,—
,vtiger_potstagehistory,probability,,,,"decimal(7,3)",нет,9,,,—,—,история статусов,count,"не переносится (решение владельца, Q-27): остаётся в защищённом снимке",решено,проверено SQL 2026-09-29,,—
,vtiger_potstagehistory,expectedrevenue,,,,"decimal(10,0)",нет,9,,,—,—,история статусов,count,"не переносится (решение владельца, Q-27): остаётся в защищённом снимке",решено,проверено SQL 2026-09-29,,—
,vtiger_potstagehistory,closedate,,,,date,нет,9,,,—,—,история статусов,count,"не переносится (решение владельца, Q-27): остаётся в защищённом снимке",решено,проверено SQL 2026-09-29,,—
,vtiger_potstagehistory,lastmodified,,,,datetime,нет,9,,,—,—,история статусов,count,"не переносится (решение владельца, Q-27): остаётся в защищённом снимке",решено,проверено SQL 2026-09-29,,—
,vtiger_productcategory,productcategoryid,,,,int,нет,3,,,—,entityDefs options,справочник значений пикл-листа,count,переносится как опции enum в метаданных EspoCRM (фактически используемые значения — в source-inventory),предложено,проверено SQL 2026-09-29,,"не используется: поле без данных, служебное или модуль без записей"
,vtiger_productcategory,productcategory,,,,varchar(200),нет,3,,,—,entityDefs options,справочник значений пикл-листа,count,переносится как опции enum в метаданных EspoCRM (фактически используемые значения — в source-inventory),предложено,проверено SQL 2026-09-29,,"не используется: поле без данных, служебное или модуль без записей"
,vtiger_productcategory,presence,,,,int,нет,3,,,—,entityDefs options,справочник значений пикл-листа,count,переносится как опции enum в метаданных EspoCRM (фактически используемые значения — в source-inventory),предложено,проверено SQL 2026-09-29,,"не используется: поле без данных, служебное или модуль без записей"
,vtiger_productcategory,picklist_valueid,,,,int,нет,3,,,—,entityDefs options,справочник значений пикл-листа,count,переносится как опции enum в метаданных EspoCRM (фактически используемые значения — в source-inventory),предложено,проверено SQL 2026-09-29,,"не используется: поле без данных, служебное или модуль без записей"
,vtiger_productcategory,sortorderid,,,,int,нет,3,,,—,entityDefs options,справочник значений пикл-листа,count,переносится как опции enum в метаданных EspoCRM (фактически используемые значения — в source-inventory),предложено,проверено SQL 2026-09-29,,"не используется: поле без данных, служебное или модуль без записей"
,vtiger_productcategory,color,,,,varchar(10),нет,0,,,—,entityDefs options,справочник значений пикл-листа,count,переносится как опции enum в метаданных EspoCRM (фактически используемые значения — в source-inventory),предложено,проверено SQL 2026-09-29,,"не используется: поле без данных, служебное или модуль без записей"
,vtiger_productcategory_seq,id,,,,int,нет,1,,,—,—,последовательность,count,не переносится: счётчики EspoCRM свои; следующий номер документов задаётся настройкой нумерации,предложено,проверено SQL 2026-09-29,,—
,vtiger_productcf,productid,,,,int,нет,3,,,—,—,таблица кастомных полей без данных,count,только ключ записи; кастомных колонок с данными нет,предложено,проверено SQL 2026-09-29,,—
,vtiger_productcurrencyrel,productid,,,,int,нет,27,,,—,—,цены по валютам,count,"исключено: одна валюта, цена берётся из unit_price",предложено,проверено SQL 2026-09-29,,—
,vtiger_productcurrencyrel,currencyid,,,,int,нет,27,,,—,—,цены по валютам,count,"исключено: одна валюта, цена берётся из unit_price",предложено,проверено SQL 2026-09-29,,—
,vtiger_productcurrencyrel,converted_price,,,,"decimal(28,8)",нет,27,,,—,—,цены по валютам,count,"исключено: одна валюта, цена берётся из unit_price",предложено,проверено SQL 2026-09-29,,—
,vtiger_productcurrencyrel,actual_price,,,,"decimal(28,8)",нет,27,,,—,—,цены по валютам,count,"исключено: одна валюта, цена берётся из unit_price",предложено,проверено SQL 2026-09-29,,—
,vtiger_products,productid,,,,int,нет,3,3,3,—,(ключ записи),первичный ключ модульной таблицы = crmid,count,перенос,предложено,проверено SQL 2026-09-29,,ключ записи → vtigerId
,vtiger_products,weight,,,,"decimal(11,3)",нет,0,3,0,—,—,нет данных,count,пусто — данных нет,предложено,проверено SQL 2026-09-29,,—
,vtiger_products,pack_size,,,,int,нет,0,3,0,—,—,нет данных,count,пусто — данных нет,предложено,проверено SQL 2026-09-29,,—
,vtiger_products,cost_factor,,,,int,нет,0,3,0,—,—,нет данных,count,пусто — данных нет,предложено,проверено SQL 2026-09-29,,—
,vtiger_products,commissionmethod,,,,varchar(50),нет,0,3,0,—,—,нет данных,count,пусто — данных нет,предложено,проверено SQL 2026-09-29,,—
,vtiger_products,currency_id,,,,int,нет,3,3,3,—,,одна валюта,count,исключено: одна валюта,предложено,проверено SQL 2026-09-29,,—
,vtiger_products,is_subproducts_viewable,,,,int,нет,3,3,3,—,,служебное,count,исключено: служебное,предложено,проверено SQL 2026-09-29,,—
,vtiger_profile,profileid,,,,int,нет,11,,,—,Role/Team,ACL,count,не переносится как данные: права воспроизводятся ролями/командами EspoCRM по module-decisions.md,предложено,проверено SQL 2026-09-29,,—
,vtiger_profile,profilename,,,,varchar(50),нет,11,,,—,Role/Team,ACL,count,не переносится как данные: права воспроизводятся ролями/командами EspoCRM по module-decisions.md,предложено,проверено SQL 2026-09-29,,—
,vtiger_profile,description,,,,text,нет,7,,,—,Role/Team,ACL,count,не переносится как данные: права воспроизводятся ролями/командами EspoCRM по module-decisions.md,предложено,проверено SQL 2026-09-29,,—
,vtiger_profile,directly_related_to_role,,,,int,нет,11,,,—,Role/Team,ACL,count,не переносится как данные: права воспроизводятся ролями/командами EspoCRM по module-decisions.md,предложено,проверено SQL 2026-09-29,,—
,vtiger_profile2field,profileid,,,,int,нет,12279,,,—,Role/Team,ACL,count,не переносится как данные: права воспроизводятся ролями/командами EspoCRM по module-decisions.md,предложено,проверено SQL 2026-09-29,,—
,vtiger_profile2field,tabid,,,,int,нет,12279,,,—,Role/Team,ACL,count,не переносится как данные: права воспроизводятся ролями/командами EspoCRM по module-decisions.md,предложено,проверено SQL 2026-09-29,,—
,vtiger_profile2field,fieldid,,,,int,нет,12279,,,—,Role/Team,ACL,count,не переносится как данные: права воспроизводятся ролями/командами EspoCRM по module-decisions.md,предложено,проверено SQL 2026-09-29,,—
,vtiger_profile2field,visible,,,,int,нет,12279,,,—,Role/Team,ACL,count,не переносится как данные: права воспроизводятся ролями/командами EspoCRM по module-decisions.md,предложено,проверено SQL 2026-09-29,,—
,vtiger_profile2field,readonly,,,,int,нет,12279,,,—,Role/Team,ACL,count,не переносится как данные: права воспроизводятся ролями/командами EspoCRM по module-decisions.md,предложено,проверено SQL 2026-09-29,,—
,vtiger_profile2globalpermissions,profileid,,,,int,нет,22,,,—,Role/Team,ACL,count,не переносится как данные: права воспроизводятся ролями/командами EspoCRM по module-decisions.md,предложено,проверено SQL 2026-09-29,,—
,vtiger_profile2globalpermissions,globalactionid,,,,int,нет,22,,,—,Role/Team,ACL,count,не переносится как данные: права воспроизводятся ролями/командами EspoCRM по module-decisions.md,предложено,проверено SQL 2026-09-29,,—
,vtiger_profile2globalpermissions,globalactionpermission,,,,int,нет,22,,,—,Role/Team,ACL,count,не переносится как данные: права воспроизводятся ролями/командами EspoCRM по module-decisions.md,предложено,проверено SQL 2026-09-29,,—
,vtiger_profile2standardpermissions,profileid,,,,int,нет,2091,,,—,Role/Team,ACL,count,не переносится как данные: права воспроизводятся ролями/командами EspoCRM по module-decisions.md,предложено,проверено SQL 2026-09-29,,—
,vtiger_profile2standardpermissions,tabid,,,,int,нет,2091,,,—,Role/Team,ACL,count,не переносится как данные: права воспроизводятся ролями/командами EspoCRM по module-decisions.md,предложено,проверено SQL 2026-09-29,,—
,vtiger_profile2standardpermissions,operation,,,,int,нет,2091,,,—,Role/Team,ACL,count,не переносится как данные: права воспроизводятся ролями/командами EspoCRM по module-decisions.md,предложено,проверено SQL 2026-09-29,,—
,vtiger_profile2standardpermissions,permissions,,,,int,нет,2091,,,—,Role/Team,ACL,count,не переносится как данные: права воспроизводятся ролями/командами EspoCRM по module-decisions.md,предложено,проверено SQL 2026-09-29,,—
,vtiger_profile2tab,profileid,,,,int,нет,800,,,—,Role/Team,ACL,count,не переносится как данные: права воспроизводятся ролями/командами EspoCRM по module-decisions.md,предложено,проверено SQL 2026-09-29,,—
,vtiger_profile2tab,tabid,,,,int,нет,800,,,—,Role/Team,ACL,count,не переносится как данные: права воспроизводятся ролями/командами EspoCRM по module-decisions.md,предложено,проверено SQL 2026-09-29,,—
,vtiger_profile2tab,permissions,,,,int,нет,800,,,—,Role/Team,ACL,count,не переносится как данные: права воспроизводятся ролями/командами EspoCRM по module-decisions.md,предложено,проверено SQL 2026-09-29,,—
,vtiger_profile2utility,profileid,,,,int,нет,968,,,—,Role/Team,ACL,count,не переносится как данные: права воспроизводятся ролями/командами EspoCRM по module-decisions.md,предложено,проверено SQL 2026-09-29,,—
,vtiger_profile2utility,tabid,,,,int,нет,968,,,—,Role/Team,ACL,count,не переносится как данные: права воспроизводятся ролями/командами EspoCRM по module-decisions.md,предложено,проверено SQL 2026-09-29,,—
,vtiger_profile2utility,activityid,,,,int,нет,968,,,—,Role/Team,ACL,count,не переносится как данные: права воспроизводятся ролями/командами EspoCRM по module-decisions.md,предложено,проверено SQL 2026-09-29,,—
,vtiger_profile2utility,permission,,,,int,нет,968,,,—,Role/Team,ACL,count,не переносится как данные: права воспроизводятся ролями/командами EspoCRM по module-decisions.md,предложено,проверено SQL 2026-09-29,,—
,vtiger_profile_seq,id,,,,int,нет,1,,,—,—,последовательность,count,не переносится: счётчики EspoCRM свои; следующий номер документов задаётся настройкой нумерации,предложено,проверено SQL 2026-09-29,,—
,vtiger_progress,progressid,,,,int,нет,10,,,—,entityDefs options,справочник значений пикл-листа,count,переносится как опции enum в метаданных EspoCRM (фактически используемые значения — в source-inventory),реализовано (этап 03),проверено SQL 2026-09-29,,"ok: опции Project.progress (metadata/vtigerValueMap, D-19, Q-32)"
,vtiger_progress,progress,,,,varchar(200),нет,10,,,—,entityDefs options,справочник значений пикл-листа,count,переносится как опции enum в метаданных EspoCRM (фактически используемые значения — в source-inventory),реализовано (этап 03),проверено SQL 2026-09-29,,"ok: опции Project.progress (metadata/vtigerValueMap, D-19, Q-32)"
,vtiger_progress,presence,,,,int,нет,10,,,—,entityDefs options,справочник значений пикл-листа,count,переносится как опции enum в метаданных EspoCRM (фактически используемые значения — в source-inventory),реализовано (этап 03),проверено SQL 2026-09-29,,"ok: опции Project.progress (metadata/vtigerValueMap, D-19, Q-32)"
,vtiger_progress,picklist_valueid,,,,int,нет,10,,,—,entityDefs options,справочник значений пикл-листа,count,переносится как опции enum в метаданных EspoCRM (фактически используемые значения — в source-inventory),реализовано (этап 03),проверено SQL 2026-09-29,,"ok: опции Project.progress (metadata/vtigerValueMap, D-19, Q-32)"
,vtiger_progress,sortorderid,,,,int,нет,10,,,—,entityDefs options,справочник значений пикл-листа,count,переносится как опции enum в метаданных EspoCRM (фактически используемые значения — в source-inventory),реализовано (этап 03),проверено SQL 2026-09-29,,"ok: опции Project.progress (metadata/vtigerValueMap, D-19, Q-32)"
,vtiger_progress,color,,,,varchar(10),нет,0,,,—,entityDefs options,справочник значений пикл-листа,count,переносится как опции enum в метаданных EspoCRM (фактически используемые значения — в source-inventory),реализовано (этап 03),проверено SQL 2026-09-29,,"ok: опции Project.progress (metadata/vtigerValueMap, D-19, Q-32)"
,vtiger_progress_seq,id,,,,int,нет,1,,,—,—,последовательность,count,не переносится: счётчики EspoCRM свои; следующий номер документов задаётся настройкой нумерации,предложено,проверено SQL 2026-09-29,,—
,vtiger_project,projectid,,,,int,нет,54,54,54,—,(ключ записи),первичный ключ модульной таблицы = crmid,count,перенос,предложено,проверено SQL 2026-09-29,,ключ записи → vtigerId
,vtiger_projectcf,projectid,,,,int,нет,54,,,—,—,таблица кастомных полей без данных,count,только ключ записи; кастомных колонок с данными нет,предложено,проверено SQL 2026-09-29,,—
,vtiger_projectmilestonetype,projectmilestonetypeid,,,,int,нет,3,,,—,entityDefs options,справочник значений пикл-листа,count,переносится как опции enum в метаданных EspoCRM (фактически используемые значения — в source-inventory),предложено,проверено SQL 2026-09-29,,"не используется: поле без данных, служебное или модуль без записей"
,vtiger_projectmilestonetype,projectmilestonetype,,,,varchar(200),нет,3,,,—,entityDefs options,справочник значений пикл-листа,count,переносится как опции enum в метаданных EspoCRM (фактически используемые значения — в source-inventory),предложено,проверено SQL 2026-09-29,,"не используется: поле без данных, служебное или модуль без записей"
,vtiger_projectmilestonetype,presence,,,,int,нет,3,,,—,entityDefs options,справочник значений пикл-листа,count,переносится как опции enum в метаданных EspoCRM (фактически используемые значения — в source-inventory),предложено,проверено SQL 2026-09-29,,"не используется: поле без данных, служебное или модуль без записей"
,vtiger_projectmilestonetype,picklist_valueid,,,,int,нет,3,,,—,entityDefs options,справочник значений пикл-листа,count,переносится как опции enum в метаданных EspoCRM (фактически используемые значения — в source-inventory),предложено,проверено SQL 2026-09-29,,"не используется: поле без данных, служебное или модуль без записей"
,vtiger_projectmilestonetype,sortorderid,,,,int,нет,3,,,—,entityDefs options,справочник значений пикл-листа,count,переносится как опции enum в метаданных EspoCRM (фактически используемые значения — в source-inventory),предложено,проверено SQL 2026-09-29,,"не используется: поле без данных, служебное или модуль без записей"
,vtiger_projectmilestonetype,color,,,,varchar(10),нет,0,,,—,entityDefs options,справочник значений пикл-листа,count,переносится как опции enum в метаданных EspoCRM (фактически используемые значения — в source-inventory),предложено,проверено SQL 2026-09-29,,"не используется: поле без данных, служебное или модуль без записей"
,vtiger_projectmilestonetype_seq,id,,,,int,нет,1,,,—,—,последовательность,count,не переносится: счётчики EspoCRM свои; следующий номер документов задаётся настройкой нумерации,предложено,проверено SQL 2026-09-29,,—
,vtiger_projectpriority,projectpriorityid,,,,int,нет,3,,,—,entityDefs options,справочник значений пикл-листа,count,переносится как опции enum в метаданных EspoCRM (фактически используемые значения — в source-inventory),реализовано (этап 03),проверено SQL 2026-09-29,,"ok: опции Project.priority (metadata/vtigerValueMap, D-19, Q-32)"
,vtiger_projectpriority,projectpriority,,,,varchar(200),нет,3,,,—,entityDefs options,справочник значений пикл-листа,count,переносится как опции enum в метаданных EspoCRM (фактически используемые значения — в source-inventory),реализовано (этап 03),проверено SQL 2026-09-29,,"ok: опции Project.priority (metadata/vtigerValueMap, D-19, Q-32)"
,vtiger_projectpriority,presence,,,,int,нет,3,,,—,entityDefs options,справочник значений пикл-листа,count,переносится как опции enum в метаданных EspoCRM (фактически используемые значения — в source-inventory),реализовано (этап 03),проверено SQL 2026-09-29,,"ok: опции Project.priority (metadata/vtigerValueMap, D-19, Q-32)"
,vtiger_projectpriority,picklist_valueid,,,,int,нет,3,,,—,entityDefs options,справочник значений пикл-листа,count,переносится как опции enum в метаданных EspoCRM (фактически используемые значения — в source-inventory),реализовано (этап 03),проверено SQL 2026-09-29,,"ok: опции Project.priority (metadata/vtigerValueMap, D-19, Q-32)"
,vtiger_projectpriority,sortorderid,,,,int,нет,3,,,—,entityDefs options,справочник значений пикл-листа,count,переносится как опции enum в метаданных EspoCRM (фактически используемые значения — в source-inventory),реализовано (этап 03),проверено SQL 2026-09-29,,"ok: опции Project.priority (metadata/vtigerValueMap, D-19, Q-32)"
,vtiger_projectpriority,color,,,,varchar(10),нет,0,,,—,entityDefs options,справочник значений пикл-листа,count,переносится как опции enum в метаданных EspoCRM (фактически используемые значения — в source-inventory),реализовано (этап 03),проверено SQL 2026-09-29,,"ok: опции Project.priority (metadata/vtigerValueMap, D-19, Q-32)"
,vtiger_projectpriority_seq,id,,,,int,нет,1,,,—,—,последовательность,count,не переносится: счётчики EspoCRM свои; следующий номер документов задаётся настройкой нумерации,предложено,проверено SQL 2026-09-29,,—
,vtiger_projectstatus,projectstatusid,,,,int,нет,8,,,—,entityDefs options,справочник значений пикл-листа,count,переносится как опции enum в метаданных EspoCRM (фактически используемые значения — в source-inventory),реализовано (этап 03),проверено SQL 2026-09-29,,"ok: опции Project.status (metadata/vtigerValueMap, D-19, Q-32)"
,vtiger_projectstatus,projectstatus,,,,varchar(200),нет,8,,,—,entityDefs options,справочник значений пикл-листа,count,переносится как опции enum в метаданных EspoCRM (фактически используемые значения — в source-inventory),реализовано (этап 03),проверено SQL 2026-09-29,,"ok: опции Project.status (metadata/vtigerValueMap, D-19, Q-32)"
,vtiger_projectstatus,presence,,,,int,нет,8,,,—,entityDefs options,справочник значений пикл-листа,count,переносится как опции enum в метаданных EspoCRM (фактически используемые значения — в source-inventory),реализовано (этап 03),проверено SQL 2026-09-29,,"ok: опции Project.status (metadata/vtigerValueMap, D-19, Q-32)"
,vtiger_projectstatus,picklist_valueid,,,,int,нет,8,,,—,entityDefs options,справочник значений пикл-листа,count,переносится как опции enum в метаданных EspoCRM (фактически используемые значения — в source-inventory),реализовано (этап 03),проверено SQL 2026-09-29,,"ok: опции Project.status (metadata/vtigerValueMap, D-19, Q-32)"
,vtiger_projectstatus,sortorderid,,,,int,нет,8,,,—,entityDefs options,справочник значений пикл-листа,count,переносится как опции enum в метаданных EspoCRM (фактически используемые значения — в source-inventory),реализовано (этап 03),проверено SQL 2026-09-29,,"ok: опции Project.status (metadata/vtigerValueMap, D-19, Q-32)"
,vtiger_projectstatus,color,,,,varchar(10),нет,0,,,—,entityDefs options,справочник значений пикл-листа,count,переносится как опции enum в метаданных EspoCRM (фактически используемые значения — в source-inventory),реализовано (этап 03),проверено SQL 2026-09-29,,"ok: опции Project.status (metadata/vtigerValueMap, D-19, Q-32)"
,vtiger_projectstatus_seq,id,,,,int,нет,1,,,—,—,последовательность,count,не переносится: счётчики EspoCRM свои; следующий номер документов задаётся настройкой нумерации,предложено,проверено SQL 2026-09-29,,—
,vtiger_projecttask,projecttaskid,,,,int,нет,493,493,493,—,(ключ записи),первичный ключ модульной таблицы = crmid,count,перенос,предложено,проверено SQL 2026-09-29,,ключ записи → vtigerId
,vtiger_projecttask_status_color,status,,,,varchar(255),нет,5,,,—,—,настройка цветов статусов,count,не переносится: оформление задаётся в EspoCRM,предложено,проверено SQL 2026-09-29,,—
,vtiger_projecttask_status_color,defaultcolor,,,,varchar(50),нет,5,,,—,—,настройка цветов статусов,count,не переносится: оформление задаётся в EspoCRM,предложено,проверено SQL 2026-09-29,,—
,vtiger_projecttask_status_color,color,,,,varchar(50),нет,0,,,—,—,настройка цветов статусов,count,не переносится: оформление задаётся в EspoCRM,предложено,проверено SQL 2026-09-29,,—
,vtiger_projecttaskcf,projecttaskid,,,,int,нет,493,493,493,—,(ключ записи),первичный ключ модульной таблицы = crmid,count,перенос,предложено,проверено SQL 2026-09-29,,ключ записи → vtigerId
,vtiger_projecttaskpriority,projecttaskpriorityid,,,,int,нет,3,,,—,entityDefs options,справочник значений пикл-листа,count,переносится как опции enum в метаданных EspoCRM (фактически используемые значения — в source-inventory),реализовано (этап 03),проверено SQL 2026-09-29,,"ok: опции ProjectTask.priority (metadata/vtigerValueMap, D-19, Q-32)"
,vtiger_projecttaskpriority,projecttaskpriority,,,,varchar(200),нет,3,,,—,entityDefs options,справочник значений пикл-листа,count,переносится как опции enum в метаданных EspoCRM (фактически используемые значения — в source-inventory),реализовано (этап 03),проверено SQL 2026-09-29,,"ok: опции ProjectTask.priority (metadata/vtigerValueMap, D-19, Q-32)"
,vtiger_projecttaskpriority,presence,,,,int,нет,3,,,—,entityDefs options,справочник значений пикл-листа,count,переносится как опции enum в метаданных EspoCRM (фактически используемые значения — в source-inventory),реализовано (этап 03),проверено SQL 2026-09-29,,"ok: опции ProjectTask.priority (metadata/vtigerValueMap, D-19, Q-32)"
,vtiger_projecttaskpriority,picklist_valueid,,,,int,нет,3,,,—,entityDefs options,справочник значений пикл-листа,count,переносится как опции enum в метаданных EspoCRM (фактически используемые значения — в source-inventory),реализовано (этап 03),проверено SQL 2026-09-29,,"ok: опции ProjectTask.priority (metadata/vtigerValueMap, D-19, Q-32)"
,vtiger_projecttaskpriority,sortorderid,,,,int,нет,3,,,—,entityDefs options,справочник значений пикл-листа,count,переносится как опции enum в метаданных EspoCRM (фактически используемые значения — в source-inventory),реализовано (этап 03),проверено SQL 2026-09-29,,"ok: опции ProjectTask.priority (metadata/vtigerValueMap, D-19, Q-32)"
,vtiger_projecttaskpriority,color,,,,varchar(10),нет,0,,,—,entityDefs options,справочник значений пикл-листа,count,переносится как опции enum в метаданных EspoCRM (фактически используемые значения — в source-inventory),реализовано (этап 03),проверено SQL 2026-09-29,,"ok: опции ProjectTask.priority (metadata/vtigerValueMap, D-19, Q-32)"
,vtiger_projecttaskpriority_seq,id,,,,int,нет,1,,,—,—,последовательность,count,не переносится: счётчики EspoCRM свои; следующий номер документов задаётся настройкой нумерации,предложено,проверено SQL 2026-09-29,,—
,vtiger_projecttaskprogress,projecttaskprogressid,,,,int,нет,10,,,—,entityDefs options,справочник значений пикл-листа,count,переносится как опции enum в метаданных EspoCRM (фактически используемые значения — в source-inventory),реализовано (этап 03),проверено SQL 2026-09-29,,"ok: опции ProjectTask.progress (metadata/vtigerValueMap, D-19, Q-32)"
,vtiger_projecttaskprogress,projecttaskprogress,,,,varchar(200),нет,10,,,—,entityDefs options,справочник значений пикл-листа,count,переносится как опции enum в метаданных EspoCRM (фактически используемые значения — в source-inventory),реализовано (этап 03),проверено SQL 2026-09-29,,"ok: опции ProjectTask.progress (metadata/vtigerValueMap, D-19, Q-32)"
,vtiger_projecttaskprogress,presence,,,,int,нет,10,,,—,entityDefs options,справочник значений пикл-листа,count,переносится как опции enum в метаданных EspoCRM (фактически используемые значения — в source-inventory),реализовано (этап 03),проверено SQL 2026-09-29,,"ok: опции ProjectTask.progress (metadata/vtigerValueMap, D-19, Q-32)"
,vtiger_projecttaskprogress,picklist_valueid,,,,int,нет,10,,,—,entityDefs options,справочник значений пикл-листа,count,переносится как опции enum в метаданных EspoCRM (фактически используемые значения — в source-inventory),реализовано (этап 03),проверено SQL 2026-09-29,,"ok: опции ProjectTask.progress (metadata/vtigerValueMap, D-19, Q-32)"
,vtiger_projecttaskprogress,sortorderid,,,,int,нет,10,,,—,entityDefs options,справочник значений пикл-листа,count,переносится как опции enum в метаданных EspoCRM (фактически используемые значения — в source-inventory),реализовано (этап 03),проверено SQL 2026-09-29,,"ok: опции ProjectTask.progress (metadata/vtigerValueMap, D-19, Q-32)"
,vtiger_projecttaskprogress,color,,,,varchar(10),нет,0,,,—,entityDefs options,справочник значений пикл-листа,count,переносится как опции enum в метаданных EspoCRM (фактически используемые значения — в source-inventory),реализовано (этап 03),проверено SQL 2026-09-29,,"ok: опции ProjectTask.progress (metadata/vtigerValueMap, D-19, Q-32)"
,vtiger_projecttaskprogress_seq,id,,,,int,нет,1,,,—,—,последовательность,count,не переносится: счётчики EspoCRM свои; следующий номер документов задаётся настройкой нумерации,предложено,проверено SQL 2026-09-29,,—
,vtiger_projecttaskstatus,projecttaskstatusid,,,,int,нет,5,,,—,entityDefs options,справочник значений пикл-листа,count,переносится как опции enum в метаданных EspoCRM (фактически используемые значения — в source-inventory),реализовано (этап 03),проверено SQL 2026-09-29,,"ok: опции ProjectTask.status (metadata/vtigerValueMap, D-19, Q-32)"
,vtiger_projecttaskstatus,projecttaskstatus,,,,varchar(200),нет,5,,,—,entityDefs options,справочник значений пикл-листа,count,переносится как опции enum в метаданных EspoCRM (фактически используемые значения — в source-inventory),реализовано (этап 03),проверено SQL 2026-09-29,,"ok: опции ProjectTask.status (metadata/vtigerValueMap, D-19, Q-32)"
,vtiger_projecttaskstatus,presence,,,,int,нет,5,,,—,entityDefs options,справочник значений пикл-листа,count,переносится как опции enum в метаданных EspoCRM (фактически используемые значения — в source-inventory),реализовано (этап 03),проверено SQL 2026-09-29,,"ok: опции ProjectTask.status (metadata/vtigerValueMap, D-19, Q-32)"
,vtiger_projecttaskstatus,picklist_valueid,,,,int,нет,5,,,—,entityDefs options,справочник значений пикл-листа,count,переносится как опции enum в метаданных EspoCRM (фактически используемые значения — в source-inventory),реализовано (этап 03),проверено SQL 2026-09-29,,"ok: опции ProjectTask.status (metadata/vtigerValueMap, D-19, Q-32)"
,vtiger_projecttaskstatus,sortorderid,,,,int,нет,5,,,—,entityDefs options,справочник значений пикл-листа,count,переносится как опции enum в метаданных EspoCRM (фактически используемые значения — в source-inventory),реализовано (этап 03),проверено SQL 2026-09-29,,"ok: опции ProjectTask.status (metadata/vtigerValueMap, D-19, Q-32)"
,vtiger_projecttaskstatus,color,,,,varchar(10),нет,0,,,—,entityDefs options,справочник значений пикл-листа,count,переносится как опции enum в метаданных EspoCRM (фактически используемые значения — в source-inventory),реализовано (этап 03),проверено SQL 2026-09-29,,"ok: опции ProjectTask.status (metadata/vtigerValueMap, D-19, Q-32)"
,vtiger_projecttaskstatus_seq,id,,,,int,нет,1,,,—,—,последовательность,count,не переносится: счётчики EspoCRM свои; следующий номер документов задаётся настройкой нумерации,предложено,проверено SQL 2026-09-29,,—
,vtiger_projecttasktype,projecttasktypeid,,,,int,нет,3,,,—,entityDefs options,справочник значений пикл-листа,count,переносится как опции enum в метаданных EspoCRM (фактически используемые значения — в source-inventory),реализовано (этап 03),проверено SQL 2026-09-29,,"ok: опции ProjectTask.type (metadata/vtigerValueMap, D-19, Q-32)"
,vtiger_projecttasktype,projecttasktype,,,,varchar(200),нет,3,,,—,entityDefs options,справочник значений пикл-листа,count,переносится как опции enum в метаданных EspoCRM (фактически используемые значения — в source-inventory),реализовано (этап 03),проверено SQL 2026-09-29,,"ok: опции ProjectTask.type (metadata/vtigerValueMap, D-19, Q-32)"
,vtiger_projecttasktype,presence,,,,int,нет,3,,,—,entityDefs options,справочник значений пикл-листа,count,переносится как опции enum в метаданных EspoCRM (фактически используемые значения — в source-inventory),реализовано (этап 03),проверено SQL 2026-09-29,,"ok: опции ProjectTask.type (metadata/vtigerValueMap, D-19, Q-32)"
,vtiger_projecttasktype,picklist_valueid,,,,int,нет,3,,,—,entityDefs options,справочник значений пикл-листа,count,переносится как опции enum в метаданных EspoCRM (фактически используемые значения — в source-inventory),реализовано (этап 03),проверено SQL 2026-09-29,,"ok: опции ProjectTask.type (metadata/vtigerValueMap, D-19, Q-32)"
,vtiger_projecttasktype,sortorderid,,,,int,нет,3,,,—,entityDefs options,справочник значений пикл-листа,count,переносится как опции enum в метаданных EspoCRM (фактически используемые значения — в source-inventory),реализовано (этап 03),проверено SQL 2026-09-29,,"ok: опции ProjectTask.type (metadata/vtigerValueMap, D-19, Q-32)"
,vtiger_projecttasktype,color,,,,varchar(10),нет,0,,,—,entityDefs options,справочник значений пикл-листа,count,переносится как опции enum в метаданных EspoCRM (фактически используемые значения — в source-inventory),реализовано (этап 03),проверено SQL 2026-09-29,,"ok: опции ProjectTask.type (metadata/vtigerValueMap, D-19, Q-32)"
,vtiger_projecttasktype_seq,id,,,,int,нет,1,,,—,—,последовательность,count,не переносится: счётчики EspoCRM свои; следующий номер документов задаётся настройкой нумерации,предложено,проверено SQL 2026-09-29,,—
,vtiger_projecttype,projecttypeid,,,,int,нет,3,,,—,entityDefs options,справочник значений пикл-листа,count,переносится как опции enum в метаданных EspoCRM (фактически используемые значения — в source-inventory),реализовано (этап 03),проверено SQL 2026-09-29,,"ok: опции Project.type (metadata/vtigerValueMap, D-19, Q-32)"
,vtiger_projecttype,projecttype,,,,varchar(200),нет,3,,,—,entityDefs options,справочник значений пикл-листа,count,переносится как опции enum в метаданных EspoCRM (фактически используемые значения — в source-inventory),реализовано (этап 03),проверено SQL 2026-09-29,,"ok: опции Project.type (metadata/vtigerValueMap, D-19, Q-32)"
,vtiger_projecttype,presence,,,,int,нет,3,,,—,entityDefs options,справочник значений пикл-листа,count,переносится как опции enum в метаданных EspoCRM (фактически используемые значения — в source-inventory),реализовано (этап 03),проверено SQL 2026-09-29,,"ok: опции Project.type (metadata/vtigerValueMap, D-19, Q-32)"
,vtiger_projecttype,picklist_valueid,,,,int,нет,3,,,—,entityDefs options,справочник значений пикл-листа,count,переносится как опции enum в метаданных EspoCRM (фактически используемые значения — в source-inventory),реализовано (этап 03),проверено SQL 2026-09-29,,"ok: опции Project.type (metadata/vtigerValueMap, D-19, Q-32)"
,vtiger_projecttype,sortorderid,,,,int,нет,3,,,—,entityDefs options,справочник значений пикл-листа,count,переносится как опции enum в метаданных EspoCRM (фактически используемые значения — в source-inventory),реализовано (этап 03),проверено SQL 2026-09-29,,"ok: опции Project.type (metadata/vtigerValueMap, D-19, Q-32)"
,vtiger_projecttype,color,,,,varchar(10),нет,0,,,—,entityDefs options,справочник значений пикл-листа,count,переносится как опции enum в метаданных EspoCRM (фактически используемые значения — в source-inventory),реализовано (этап 03),проверено SQL 2026-09-29,,"ok: опции Project.type (metadata/vtigerValueMap, D-19, Q-32)"
,vtiger_projecttype_seq,id,,,,int,нет,1,,,—,—,последовательность,count,не переносится: счётчики EspoCRM свои; следующий номер документов задаётся настройкой нумерации,предложено,проверено SQL 2026-09-29,,—
,vtiger_quotes,quoteid,,,,int,нет,24,24,24,—,(ключ записи),первичный ключ модульной таблицы = crmid,count,перенос,предложено,проверено SQL 2026-09-29,,ключ записи → vtigerId
,vtiger_quotes,type,,,,varchar(100),нет,0,24,0,—,—,нет данных,count,пусто — данных нет,предложено,проверено SQL 2026-09-29,,—
,vtiger_quotes,compound_taxes_info,,,,text,нет,24,24,24,—,vtigerData.compound_taxes_info,JSON,count,архив (только чтение),реализовано (этап 04.2),проверено SQL 2026-09-29,,ok: Quote.vtigerData jsonObject
,vtiger_quotesbillads,quotebilladdressid,,,,int,нет,24,24,24,—,(ключ записи),первичный ключ модульной таблицы = crmid,count,перенос,предложено,проверено SQL 2026-09-29,,ключ записи → vtigerId
,vtiger_quotescf,quoteid,,,,int,нет,24,24,24,—,(ключ записи),первичный ключ модульной таблицы = crmid,count,перенос,предложено,проверено SQL 2026-09-29,,ключ записи → vtigerId
,vtiger_quotesshipads,quoteshipaddressid,,,,int,нет,24,24,24,—,(ключ записи),первичный ключ модульной таблицы = crmid,count,перенос,предложено,проверено SQL 2026-09-29,,ключ записи → vtigerId
,vtiger_quotestage,quotestageid,,,,int,нет,9,,,—,entityDefs options,справочник значений пикл-листа,count,переносится как опции enum в метаданных EspoCRM (фактически используемые значения — в source-inventory),реализовано (этап 04.2),проверено SQL 2026-09-29,,"ok: опции Quote.status (metadata/vtigerValueMap, D-19, Q-32)"
,vtiger_quotestage,quotestage,,,,varchar(200),нет,9,,,—,entityDefs options,справочник значений пикл-листа,count,переносится как опции enum в метаданных EspoCRM (фактически используемые значения — в source-inventory),реализовано (этап 04.2),проверено SQL 2026-09-29,,"ok: опции Quote.status (metadata/vtigerValueMap, D-19, Q-32)"
,vtiger_quotestage,presence,,,,int,нет,9,,,—,entityDefs options,справочник значений пикл-листа,count,переносится как опции enum в метаданных EspoCRM (фактически используемые значения — в source-inventory),реализовано (этап 04.2),проверено SQL 2026-09-29,,"ok: опции Quote.status (metadata/vtigerValueMap, D-19, Q-32)"
,vtiger_quotestage,picklist_valueid,,,,int,нет,9,,,—,entityDefs options,справочник значений пикл-листа,count,переносится как опции enum в метаданных EspoCRM (фактически используемые значения — в source-inventory),реализовано (этап 04.2),проверено SQL 2026-09-29,,"ok: опции Quote.status (metadata/vtigerValueMap, D-19, Q-32)"
,vtiger_quotestage,sortorderid,,,,int,нет,9,,,—,entityDefs options,справочник значений пикл-листа,count,переносится как опции enum в метаданных EspoCRM (фактически используемые значения — в source-inventory),реализовано (этап 04.2),проверено SQL 2026-09-29,,"ok: опции Quote.status (metadata/vtigerValueMap, D-19, Q-32)"
,vtiger_quotestage,color,,,,varchar(10),нет,0,,,—,entityDefs options,справочник значений пикл-листа,count,переносится как опции enum в метаданных EspoCRM (фактически используемые значения — в source-inventory),реализовано (этап 04.2),проверено SQL 2026-09-29,,"ok: опции Quote.status (metadata/vtigerValueMap, D-19, Q-32)"
,vtiger_quotestage_seq,id,,,,int,нет,1,,,—,—,последовательность,count,не переносится: счётчики EspoCRM свои; следующий номер документов задаётся настройкой нумерации,предложено,проверено SQL 2026-09-29,,—
,vtiger_quotingtool,id,,,,int,нет,1,,,—,Template (собств.),шаблоны,count,переносится как спецификация (print-forms.md); реализация собственным кодом,предложено,проверено SQL 2026-09-29,,этап 05 (печатные формы)
,vtiger_quotingtool,filename,,,,varchar(100),нет,1,,,—,Template (собств.),шаблоны,count,переносится как спецификация (print-forms.md); реализация собственным кодом,предложено,проверено SQL 2026-09-29,,этап 05 (печатные формы)
,vtiger_quotingtool,module,,,,varchar(255),нет,1,,,—,Template (собств.),шаблоны,count,переносится как спецификация (print-forms.md); реализация собственным кодом,предложено,проверено SQL 2026-09-29,,этап 05 (печатные формы)
,vtiger_quotingtool,body,,,,longtext,нет,1,,,—,Template (собств.),шаблоны,count,переносится как спецификация (print-forms.md); реализация собственным кодом,предложено,проверено SQL 2026-09-29,,этап 05 (печатные формы)
,vtiger_quotingtool,header,,,,text,нет,0,,,—,Template (собств.),шаблоны,count,переносится как спецификация (print-forms.md); реализация собственным кодом,предложено,проверено SQL 2026-09-29,,этап 05 (печатные формы)
,vtiger_quotingtool,content,,,,longtext,нет,1,,,—,Template (собств.),шаблоны,count,переносится как спецификация (print-forms.md); реализация собственным кодом,предложено,проверено SQL 2026-09-29,,этап 05 (печатные формы)
,vtiger_quotingtool,footer,,,,text,нет,0,,,—,Template (собств.),шаблоны,count,переносится как спецификация (print-forms.md); реализация собственным кодом,предложено,проверено SQL 2026-09-29,,этап 05 (печатные формы)
,vtiger_quotingtool,anwidget,,,,tinyint,нет,1,,,—,Template (собств.),шаблоны,count,переносится как спецификация (print-forms.md); реализация собственным кодом,предложено,проверено SQL 2026-09-29,,этап 05 (печатные формы)
,vtiger_quotingtool,description,,,,text,нет,0,,,—,Template (собств.),шаблоны,count,переносится как спецификация (print-forms.md); реализация собственным кодом,предложено,проверено SQL 2026-09-29,,этап 05 (печатные формы)
,vtiger_quotingtool,deleted,,,,int,нет,1,,,—,Template (собств.),шаблоны,count,переносится как спецификация (print-forms.md); реализация собственным кодом,предложено,проверено SQL 2026-09-29,,этап 05 (печатные формы)
,vtiger_quotingtool,created,,,,datetime,нет,1,,,—,Template (собств.),шаблоны,count,переносится как спецификация (print-forms.md); реализация собственным кодом,предложено,проверено SQL 2026-09-29,,этап 05 (печатные формы)
,vtiger_quotingtool,updated,,,,datetime,нет,1,,,—,Template (собств.),шаблоны,count,переносится как спецификация (print-forms.md); реализация собственным кодом,предложено,проверено SQL 2026-09-29,,этап 05 (печатные формы)
,vtiger_quotingtool,email_subject,,,,varchar(255),нет,0,,,—,Template (собств.),шаблоны,count,переносится как спецификация (print-forms.md); реализация собственным кодом,предложено,проверено SQL 2026-09-29,,этап 05 (печатные формы)
,vtiger_quotingtool,email_content,,,,text,нет,0,,,—,Template (собств.),шаблоны,count,переносится как спецификация (print-forms.md); реализация собственным кодом,предложено,проверено SQL 2026-09-29,,этап 05 (печатные формы)
,vtiger_quotingtool,mapping_fields,,,,text,нет,0,,,—,Template (собств.),шаблоны,count,переносится как спецификация (print-forms.md); реализация собственным кодом,предложено,проверено SQL 2026-09-29,,этап 05 (печатные формы)
,vtiger_quotingtool,attachments,,,,text,нет,0,,,—,Template (собств.),шаблоны,count,переносится как спецификация (print-forms.md); реализация собственным кодом,предложено,проверено SQL 2026-09-29,,этап 05 (печатные формы)
,vtiger_quotingtool,is_active,,,,int,нет,1,,,—,Template (собств.),шаблоны,count,переносится как спецификация (print-forms.md); реализация собственным кодом,предложено,проверено SQL 2026-09-29,,этап 05 (печатные формы)
,vtiger_quotingtool,createnewrecords,,,,int,нет,1,,,—,Template (собств.),шаблоны,count,переносится как спецификация (print-forms.md); реализация собственным кодом,предложено,проверено SQL 2026-09-29,,этап 05 (печатные формы)
,vtiger_quotingtool,linkproposal,,,,varchar(250),нет,0,,,—,Template (собств.),шаблоны,count,переносится как спецификация (print-forms.md); реализация собственным кодом,предложено,проверено SQL 2026-09-29,,этап 05 (печатные формы)
,vtiger_quotingtool_histories,id,,,,int unsigned,нет,1,,,—,Template (собств.),шаблоны,count,переносится как спецификация (print-forms.md); реализация собственным кодом,предложено,проверено SQL 2026-09-29,,этап 05 (печатные формы)
,vtiger_quotingtool_histories,created,,,,datetime,нет,1,,,—,Template (собств.),шаблоны,count,переносится как спецификация (print-forms.md); реализация собственным кодом,предложено,проверено SQL 2026-09-29,,этап 05 (печатные формы)
,vtiger_quotingtool_histories,updated,,,,datetime,нет,1,,,—,Template (собств.),шаблоны,count,переносится как спецификация (print-forms.md); реализация собственным кодом,предложено,проверено SQL 2026-09-29,,этап 05 (печатные формы)
,vtiger_quotingtool_histories,deleted,,,,tinyint(1),нет,1,,,—,Template (собств.),шаблоны,count,переносится как спецификация (print-forms.md); реализация собственным кодом,предложено,проверено SQL 2026-09-29,,этап 05 (печатные формы)
,vtiger_quotingtool_histories,template_id,,,,int unsigned,нет,1,,,—,Template (собств.),шаблоны,count,переносится как спецификация (print-forms.md); реализация собственным кодом,предложено,проверено SQL 2026-09-29,,этап 05 (печатные формы)
,vtiger_quotingtool_histories,body,,,,longtext,нет,1,,,—,Template (собств.),шаблоны,count,переносится как спецификация (print-forms.md); реализация собственным кодом,предложено,проверено SQL 2026-09-29,,этап 05 (печатные формы)
,vtiger_quotingtool_settings,id,,,,int unsigned,нет,1,,,—,Template (собств.),шаблоны,count,переносится как спецификация (print-forms.md); реализация собственным кодом,предложено,проверено SQL 2026-09-29,,этап 05 (печатные формы)
,vtiger_quotingtool_settings,template_id,,,,int unsigned,нет,1,,,—,Template (собств.),шаблоны,count,переносится как спецификация (print-forms.md); реализация собственным кодом,предложено,проверено SQL 2026-09-29,,этап 05 (печатные формы)
,vtiger_quotingtool_settings,created,,,,datetime,нет,1,,,—,Template (собств.),шаблоны,count,переносится как спецификация (print-forms.md); реализация собственным кодом,предложено,проверено SQL 2026-09-29,,этап 05 (печатные формы)
,vtiger_quotingtool_settings,updated,,,,datetime,нет,1,,,—,Template (собств.),шаблоны,count,переносится как спецификация (print-forms.md); реализация собственным кодом,предложено,проверено SQL 2026-09-29,,этап 05 (печатные формы)
,vtiger_quotingtool_settings,description,,,,text,нет,0,,,—,Template (собств.),шаблоны,count,переносится как спецификация (print-forms.md); реализация собственным кодом,предложено,проверено SQL 2026-09-29,,этап 05 (печатные формы)
,vtiger_quotingtool_settings,label_decline,,,,varchar(255),нет,1,,,—,Template (собств.),шаблоны,count,переносится как спецификация (print-forms.md); реализация собственным кодом,предложено,проверено SQL 2026-09-29,,этап 05 (печатные формы)
,vtiger_quotingtool_settings,label_accept,,,,varchar(255),нет,1,,,—,Template (собств.),шаблоны,count,переносится как спецификация (print-forms.md); реализация собственным кодом,предложено,проверено SQL 2026-09-29,,этап 05 (печатные формы)
,vtiger_quotingtool_settings,background,,,,text,нет,1,,,—,Template (собств.),шаблоны,count,переносится как спецификация (print-forms.md); реализация собственным кодом,предложено,проверено SQL 2026-09-29,,этап 05 (печатные формы)
,vtiger_quotingtool_settings,expire_in_days,,,,int,нет,1,,,—,Template (собств.),шаблоны,count,переносится как спецификация (print-forms.md); реализация собственным кодом,предложено,проверено SQL 2026-09-29,,этап 05 (печатные формы)
,vtiger_rating,rating_id,,,,int,нет,9,,,—,entityDefs options,справочник значений пикл-листа,count,переносится как опции enum в метаданных EspoCRM (фактически используемые значения — в source-inventory),реализовано (этап 03),проверено SQL 2026-09-29,,"ok: опции Account.cRating (metadata/vtigerValueMap, D-19, Q-32)"
,vtiger_rating,rating,,,,varchar(200),нет,9,,,—,entityDefs options,справочник значений пикл-листа,count,переносится как опции enum в метаданных EspoCRM (фактически используемые значения — в source-inventory),реализовано (этап 03),проверено SQL 2026-09-29,,"ok: опции Account.cRating (metadata/vtigerValueMap, D-19, Q-32)"
,vtiger_rating,presence,,,,int,нет,9,,,—,entityDefs options,справочник значений пикл-листа,count,переносится как опции enum в метаданных EspoCRM (фактически используемые значения — в source-inventory),реализовано (этап 03),проверено SQL 2026-09-29,,"ok: опции Account.cRating (metadata/vtigerValueMap, D-19, Q-32)"
,vtiger_rating,picklist_valueid,,,,int,нет,9,,,—,entityDefs options,справочник значений пикл-листа,count,переносится как опции enum в метаданных EspoCRM (фактически используемые значения — в source-inventory),реализовано (этап 03),проверено SQL 2026-09-29,,"ok: опции Account.cRating (metadata/vtigerValueMap, D-19, Q-32)"
,vtiger_rating,sortorderid,,,,int,нет,9,,,—,entityDefs options,справочник значений пикл-листа,count,переносится как опции enum в метаданных EspoCRM (фактически используемые значения — в source-inventory),реализовано (этап 03),проверено SQL 2026-09-29,,"ok: опции Account.cRating (metadata/vtigerValueMap, D-19, Q-32)"
,vtiger_rating,color,,,,varchar(10),нет,0,,,—,entityDefs options,справочник значений пикл-листа,count,переносится как опции enum в метаданных EspoCRM (фактически используемые значения — в source-inventory),реализовано (этап 03),проверено SQL 2026-09-29,,"ok: опции Account.cRating (metadata/vtigerValueMap, D-19, Q-32)"
,vtiger_rating_seq,id,,,,int,нет,1,,,—,—,последовательность,count,не переносится: счётчики EspoCRM свои; следующий номер документов задаётся настройкой нумерации,предложено,проверено SQL 2026-09-29,,—
,vtiger_recurring_frequency,recurring_frequency_id,,,,int,нет,6,,,—,entityDefs options,справочник значений пикл-листа,count,переносится как опции enum в метаданных EspoCRM (фактически используемые значения — в source-inventory),предложено,проверено SQL 2026-09-29,,"архив: исходные значения в vtigerData (enum не создаётся; периодичность заказов закончилась в 2016, D-15)"
,vtiger_recurring_frequency,recurring_frequency,,,,varchar(200),нет,6,,,—,entityDefs options,справочник значений пикл-листа,count,переносится как опции enum в метаданных EspoCRM (фактически используемые значения — в source-inventory),предложено,проверено SQL 2026-09-29,,"архив: исходные значения в vtigerData (enum не создаётся; периодичность заказов закончилась в 2016, D-15)"
,vtiger_recurring_frequency,sortorderid,,,,int,нет,6,,,—,entityDefs options,справочник значений пикл-листа,count,переносится как опции enum в метаданных EspoCRM (фактически используемые значения — в source-inventory),предложено,проверено SQL 2026-09-29,,"архив: исходные значения в vtigerData (enum не создаётся; периодичность заказов закончилась в 2016, D-15)"
,vtiger_recurring_frequency,presence,,,,int,нет,6,,,—,entityDefs options,справочник значений пикл-листа,count,переносится как опции enum в метаданных EspoCRM (фактически используемые значения — в source-inventory),предложено,проверено SQL 2026-09-29,,"архив: исходные значения в vtigerData (enum не создаётся; периодичность заказов закончилась в 2016, D-15)"
,vtiger_recurring_frequency,color,,,,varchar(10),нет,0,,,—,entityDefs options,справочник значений пикл-листа,count,переносится как опции enum в метаданных EspoCRM (фактически используемые значения — в source-inventory),предложено,проверено SQL 2026-09-29,,"архив: исходные значения в vtigerData (enum не создаётся; периодичность заказов закончилась в 2016, D-15)"
,vtiger_recurring_frequency_seq,id,,,,int,нет,1,,,—,—,последовательность,count,не переносится: счётчики EspoCRM свои; следующий номер документов задаётся настройкой нумерации,предложено,проверено SQL 2026-09-29,,—
,vtiger_recurringtype,recurringeventid,,,,int,нет,4,,,—,entityDefs options,справочник значений пикл-листа,count,переносится как опции enum в метаданных EspoCRM (фактически используемые значения — в source-inventory),предложено,проверено SQL 2026-09-29,,"не используется: поле без данных, служебное или модуль без записей"
,vtiger_recurringtype,recurringtype,,,,varchar(200),нет,4,,,—,entityDefs options,справочник значений пикл-листа,count,переносится как опции enum в метаданных EspoCRM (фактически используемые значения — в source-inventory),предложено,проверено SQL 2026-09-29,,"не используется: поле без данных, служебное или модуль без записей"
,vtiger_recurringtype,sortorderid,,,,int,нет,4,,,—,entityDefs options,справочник значений пикл-листа,count,переносится как опции enum в метаданных EspoCRM (фактически используемые значения — в source-inventory),предложено,проверено SQL 2026-09-29,,"не используется: поле без данных, служебное или модуль без записей"
,vtiger_recurringtype,presence,,,,int,нет,4,,,—,entityDefs options,справочник значений пикл-листа,count,переносится как опции enum в метаданных EspoCRM (фактически используемые значения — в source-inventory),предложено,проверено SQL 2026-09-29,,"не используется: поле без данных, служебное или модуль без записей"
,vtiger_recurringtype,color,,,,varchar(10),нет,0,,,—,entityDefs options,справочник значений пикл-листа,count,переносится как опции enum в метаданных EspoCRM (фактически используемые значения — в source-inventory),предложено,проверено SQL 2026-09-29,,"не используется: поле без данных, служебное или модуль без записей"
,vtiger_recurringtype_seq,id,,,,int,нет,1,,,—,—,последовательность,count,не переносится: счётчики EspoCRM свои; следующий номер документов задаётся настройкой нумерации,предложено,проверено SQL 2026-09-29,,—
,vtiger_relatedlists,relation_id,,,,int,нет,249,,,—,—,метаданные/настройки Vtiger,count,не переносится: используется как источник проектирования модели и настроек,предложено,проверено SQL 2026-09-29,,—
,vtiger_relatedlists,tabid,,,,int,нет,249,,,—,—,метаданные/настройки Vtiger,count,не переносится: используется как источник проектирования модели и настроек,предложено,проверено SQL 2026-09-29,,—
,vtiger_relatedlists,related_tabid,,,,int,нет,249,,,—,—,метаданные/настройки Vtiger,count,не переносится: используется как источник проектирования модели и настроек,предложено,проверено SQL 2026-09-29,,—
,vtiger_relatedlists,name,,,,varchar(100),нет,249,,,—,—,метаданные/настройки Vtiger,count,не переносится: используется как источник проектирования модели и настроек,предложено,проверено SQL 2026-09-29,,—
,vtiger_relatedlists,sequence,,,,int,нет,249,,,—,—,метаданные/настройки Vtiger,count,не переносится: используется как источник проектирования модели и настроек,предложено,проверено SQL 2026-09-29,,—
,vtiger_relatedlists,label,,,,varchar(100),нет,249,,,—,—,метаданные/настройки Vtiger,count,не переносится: используется как источник проектирования модели и настроек,предложено,проверено SQL 2026-09-29,,—
,vtiger_relatedlists,presence,,,,int,нет,249,,,—,—,метаданные/настройки Vtiger,count,не переносится: используется как источник проектирования модели и настроек,предложено,проверено SQL 2026-09-29,,—
,vtiger_relatedlists,actions,,,,varchar(50),нет,159,,,—,—,метаданные/настройки Vtiger,count,не переносится: используется как источник проектирования модели и настроек,предложено,проверено SQL 2026-09-29,,—
,vtiger_relatedlists,relationfieldid,,,,int,нет,148,,,—,—,метаданные/настройки Vtiger,count,не переносится: используется как источник проектирования модели и настроек,предложено,проверено SQL 2026-09-29,,—
,vtiger_relatedlists,source,,,,varchar(25),нет,0,,,—,—,метаданные/настройки Vtiger,count,не переносится: используется как источник проектирования модели и настроек,предложено,проверено SQL 2026-09-29,,—
,vtiger_relatedlists,relationtype,,,,varchar(10),нет,181,,,—,—,метаданные/настройки Vtiger,count,не переносится: используется как источник проектирования модели и настроек,предложено,проверено SQL 2026-09-29,,—
,vtiger_relatedlists_rb,entityid,,,,int,нет,28,,,—,—,метаданные/настройки Vtiger,count,не переносится: используется как источник проектирования модели и настроек,предложено,проверено SQL 2026-09-29,,—
,vtiger_relatedlists_rb,action,,,,varchar(50),нет,28,,,—,—,метаданные/настройки Vtiger,count,не переносится: используется как источник проектирования модели и настроек,предложено,проверено SQL 2026-09-29,,—
,vtiger_relatedlists_rb,rel_table,,,,varchar(200),нет,28,,,—,—,метаданные/настройки Vtiger,count,не переносится: используется как источник проектирования модели и настроек,предложено,проверено SQL 2026-09-29,,—
,vtiger_relatedlists_rb,rel_column,,,,varchar(200),нет,28,,,—,—,метаданные/настройки Vtiger,count,не переносится: используется как источник проектирования модели и настроек,предложено,проверено SQL 2026-09-29,,—
,vtiger_relatedlists_rb,ref_column,,,,varchar(200),нет,28,,,—,—,метаданные/настройки Vtiger,count,не переносится: используется как источник проектирования модели и настроек,предложено,проверено SQL 2026-09-29,,—
,vtiger_relatedlists_rb,related_crm_ids,,,,text,нет,20,,,—,—,метаданные/настройки Vtiger,count,не переносится: используется как источник проектирования модели и настроек,предложено,проверено SQL 2026-09-29,,—
,vtiger_relatedlists_seq,id,,,,int,нет,1,,,—,—,последовательность,count,не переносится: счётчики EspoCRM свои; следующий номер документов задаётся настройкой нумерации,предложено,проверено SQL 2026-09-29,,—
,vtiger_relcriteria,queryid,,,,int,нет,15,,,—,—,отчёты,count,"не переносится: отчёты не нужны (решение владельца, Q-16)",решено,проверено SQL 2026-09-29,,—
,vtiger_relcriteria,columnindex,,,,int,нет,15,,,—,—,отчёты,count,"не переносится: отчёты не нужны (решение владельца, Q-16)",решено,проверено SQL 2026-09-29,,—
,vtiger_relcriteria,columnname,,,,varchar(250),нет,15,,,—,—,отчёты,count,"не переносится: отчёты не нужны (решение владельца, Q-16)",решено,проверено SQL 2026-09-29,,—
,vtiger_relcriteria,comparator,,,,varchar(20),нет,15,,,—,—,отчёты,count,"не переносится: отчёты не нужны (решение владельца, Q-16)",решено,проверено SQL 2026-09-29,,—
,vtiger_relcriteria,value,,,,varchar(512),нет,8,,,—,—,отчёты,count,"не переносится: отчёты не нужны (решение владельца, Q-16)",решено,проверено SQL 2026-09-29,,—
,vtiger_relcriteria,groupid,,,,int,нет,15,,,—,—,отчёты,count,"не переносится: отчёты не нужны (решение владельца, Q-16)",решено,проверено SQL 2026-09-29,,—
,vtiger_relcriteria,column_condition,,,,varchar(256),нет,13,,,—,—,отчёты,count,"не переносится: отчёты не нужны (решение владельца, Q-16)",решено,проверено SQL 2026-09-29,,—
,vtiger_relcriteria_grouping,groupid,,,,int,нет,13,,,—,—,отчёты,count,"не переносится: отчёты не нужны (решение владельца, Q-16)",решено,проверено SQL 2026-09-29,,—
,vtiger_relcriteria_grouping,queryid,,,,int,нет,13,,,—,—,отчёты,count,"не переносится: отчёты не нужны (решение владельца, Q-16)",решено,проверено SQL 2026-09-29,,—
,vtiger_relcriteria_grouping,group_condition,,,,varchar(256),нет,3,,,—,—,отчёты,count,"не переносится: отчёты не нужны (решение владельца, Q-16)",решено,проверено SQL 2026-09-29,,—
,vtiger_relcriteria_grouping,condition_expression,,,,text,нет,13,,,—,—,отчёты,count,"не переносится: отчёты не нужны (решение владельца, Q-16)",решено,проверено SQL 2026-09-29,,—
,vtiger_reminder_interval,reminder_intervalid,,,,int,нет,15,,,—,—,пользовательские настройки,count,не переносится: настройки Preferences EspoCRM,предложено,проверено SQL 2026-09-29,,—
,vtiger_reminder_interval,reminder_interval,,,,varchar(200),нет,15,,,—,—,пользовательские настройки,count,не переносится: настройки Preferences EspoCRM,предложено,проверено SQL 2026-09-29,,—
,vtiger_reminder_interval,sortorderid,,,,int,нет,15,,,—,—,пользовательские настройки,count,не переносится: настройки Preferences EspoCRM,предложено,проверено SQL 2026-09-29,,—
,vtiger_reminder_interval,presence,,,,int,нет,15,,,—,—,пользовательские настройки,count,не переносится: настройки Preferences EspoCRM,предложено,проверено SQL 2026-09-29,,—
,vtiger_reminder_interval_seq,id,,,,int,нет,1,,,—,—,последовательность,count,не переносится: счётчики EspoCRM свои; следующий номер документов задаётся настройкой нумерации,предложено,проверено SQL 2026-09-29,,—
,vtiger_report,reportid,,,,int,нет,28,,,—,—,отчёты,count,"не переносится: отчёты не нужны (решение владельца, Q-16)",решено,проверено SQL 2026-09-29,,—
,vtiger_report,folderid,,,,int,нет,28,,,—,—,отчёты,count,"не переносится: отчёты не нужны (решение владельца, Q-16)",решено,проверено SQL 2026-09-29,,—
,vtiger_report,reportname,,,,varchar(100),нет,28,,,—,—,отчёты,count,"не переносится: отчёты не нужны (решение владельца, Q-16)",решено,проверено SQL 2026-09-29,,—
,vtiger_report,description,,,,varchar(250),нет,27,,,—,—,отчёты,count,"не переносится: отчёты не нужны (решение владельца, Q-16)",решено,проверено SQL 2026-09-29,,—
,vtiger_report,reporttype,,,,varchar(50),нет,28,,,—,—,отчёты,count,"не переносится: отчёты не нужны (решение владельца, Q-16)",решено,проверено SQL 2026-09-29,,—
,vtiger_report,queryid,,,,int,нет,28,,,—,—,отчёты,count,"не переносится: отчёты не нужны (решение владельца, Q-16)",решено,проверено SQL 2026-09-29,,—
,vtiger_report,state,,,,varchar(50),нет,28,,,—,—,отчёты,count,"не переносится: отчёты не нужны (решение владельца, Q-16)",решено,проверено SQL 2026-09-29,,—
,vtiger_report,customizable,,,,int,нет,28,,,—,—,отчёты,count,"не переносится: отчёты не нужны (решение владельца, Q-16)",решено,проверено SQL 2026-09-29,,—
,vtiger_report,category,,,,int,нет,28,,,—,—,отчёты,count,"не переносится: отчёты не нужны (решение владельца, Q-16)",решено,проверено SQL 2026-09-29,,—
,vtiger_report,owner,,,,int,нет,28,,,—,—,отчёты,count,"не переносится: отчёты не нужны (решение владельца, Q-16)",решено,проверено SQL 2026-09-29,,—
,vtiger_report,sharingtype,,,,varchar(200),нет,28,,,—,—,отчёты,count,"не переносится: отчёты не нужны (решение владельца, Q-16)",решено,проверено SQL 2026-09-29,,—
,vtiger_reportdatefilter,datefilterid,,,,int,нет,2,,,—,—,отчёты,count,"не переносится: отчёты не нужны (решение владельца, Q-16)",решено,проверено SQL 2026-09-29,,—
,vtiger_reportdatefilter,datecolumnname,,,,varchar(250),нет,2,,,—,—,отчёты,count,"не переносится: отчёты не нужны (решение владельца, Q-16)",решено,проверено SQL 2026-09-29,,—
,vtiger_reportdatefilter,datefilter,,,,varchar(250),нет,2,,,—,—,отчёты,count,"не переносится: отчёты не нужны (решение владельца, Q-16)",решено,проверено SQL 2026-09-29,,—
,vtiger_reportdatefilter,startdate,,,,date,нет,2,,,—,—,отчёты,count,"не переносится: отчёты не нужны (решение владельца, Q-16)",решено,проверено SQL 2026-09-29,,—
,vtiger_reportdatefilter,enddate,,,,date,нет,2,,,—,—,отчёты,count,"не переносится: отчёты не нужны (решение владельца, Q-16)",решено,проверено SQL 2026-09-29,,—
,vtiger_reportfilters,filterid,,,,int,нет,3,,,—,—,отчёты,count,"не переносится: отчёты не нужны (решение владельца, Q-16)",решено,проверено SQL 2026-09-29,,—
,vtiger_reportfilters,name,,,,varchar(200),нет,3,,,—,—,отчёты,count,"не переносится: отчёты не нужны (решение владельца, Q-16)",решено,проверено SQL 2026-09-29,,—
,vtiger_reportfolder,folderid,,,,int,нет,13,,,—,—,отчёты,count,"не переносится: отчёты не нужны (решение владельца, Q-16)",решено,проверено SQL 2026-09-29,,—
,vtiger_reportfolder,foldername,,,,varchar(100),нет,13,,,—,—,отчёты,count,"не переносится: отчёты не нужны (решение владельца, Q-16)",решено,проверено SQL 2026-09-29,,—
,vtiger_reportfolder,description,,,,varchar(250),нет,13,,,—,—,отчёты,count,"не переносится: отчёты не нужны (решение владельца, Q-16)",решено,проверено SQL 2026-09-29,,—
,vtiger_reportfolder,state,,,,varchar(50),нет,13,,,—,—,отчёты,count,"не переносится: отчёты не нужны (решение владельца, Q-16)",решено,проверено SQL 2026-09-29,,—
,vtiger_reportmodules,reportmodulesid,,,,int,нет,28,,,—,—,отчёты,count,"не переносится: отчёты не нужны (решение владельца, Q-16)",решено,проверено SQL 2026-09-29,,—
,vtiger_reportmodules,primarymodule,,,,varchar(100),нет,28,,,—,—,отчёты,count,"не переносится: отчёты не нужны (решение владельца, Q-16)",решено,проверено SQL 2026-09-29,,—
,vtiger_reportmodules,secondarymodules,,,,varchar(250),нет,10,,,—,—,отчёты,count,"не переносится: отчёты не нужны (решение владельца, Q-16)",решено,проверено SQL 2026-09-29,,—
,vtiger_reportsortcol,sortcolid,,,,int,нет,13,,,—,—,отчёты,count,"не переносится: отчёты не нужны (решение владельца, Q-16)",решено,проверено SQL 2026-09-29,,—
,vtiger_reportsortcol,reportid,,,,int,нет,13,,,—,—,отчёты,count,"не переносится: отчёты не нужны (решение владельца, Q-16)",решено,проверено SQL 2026-09-29,,—
,vtiger_reportsortcol,columnname,,,,varchar(250),нет,13,,,—,—,отчёты,count,"не переносится: отчёты не нужны (решение владельца, Q-16)",решено,проверено SQL 2026-09-29,,—
,vtiger_reportsortcol,sortorder,,,,varchar(250),нет,4,,,—,—,отчёты,count,"не переносится: отчёты не нужны (решение владельца, Q-16)",решено,проверено SQL 2026-09-29,,—
,vtiger_reportsummary,reportsummaryid,,,,int,нет,8,,,—,—,отчёты,count,"не переносится: отчёты не нужны (решение владельца, Q-16)",решено,проверено SQL 2026-09-29,,—
,vtiger_reportsummary,summarytype,,,,int,нет,8,,,—,—,отчёты,count,"не переносится: отчёты не нужны (решение владельца, Q-16)",решено,проверено SQL 2026-09-29,,—
,vtiger_reportsummary,columnname,,,,varchar(250),нет,8,,,—,—,отчёты,count,"не переносится: отчёты не нужны (решение владельца, Q-16)",решено,проверено SQL 2026-09-29,,—
,vtiger_role,roleid,,,,varchar(255),нет,11,,,—,Role/Team,ACL,count,не переносится как данные: права воспроизводятся ролями/командами EspoCRM по module-decisions.md,предложено,проверено SQL 2026-09-29,,—
,vtiger_role,rolename,,,,varchar(200),нет,11,,,—,Role/Team,ACL,count,не переносится как данные: права воспроизводятся ролями/командами EspoCRM по module-decisions.md,предложено,проверено SQL 2026-09-29,,—
,vtiger_role,parentrole,,,,varchar(255),нет,11,,,—,Role/Team,ACL,count,не переносится как данные: права воспроизводятся ролями/командами EspoCRM по module-decisions.md,предложено,проверено SQL 2026-09-29,,—
,vtiger_role,depth,,,,int,нет,11,,,—,Role/Team,ACL,count,не переносится как данные: права воспроизводятся ролями/командами EspoCRM по module-decisions.md,предложено,проверено SQL 2026-09-29,,—
,vtiger_role,allowassignedrecordsto,,,,int,нет,11,,,—,Role/Team,ACL,count,не переносится как данные: права воспроизводятся ролями/командами EspoCRM по module-decisions.md,предложено,проверено SQL 2026-09-29,,—
,vtiger_role2picklist,roleid,,,,varchar(255),нет,4407,,,—,Role/Team,ACL,count,не переносится как данные: права воспроизводятся ролями/командами EspoCRM по module-decisions.md,предложено,проверено SQL 2026-09-29,,—
,vtiger_role2picklist,picklistvalueid,,,,int,нет,4407,,,—,Role/Team,ACL,count,не переносится как данные: права воспроизводятся ролями/командами EspoCRM по module-decisions.md,предложено,проверено SQL 2026-09-29,,—
,vtiger_role2picklist,picklistid,,,,int,нет,4407,,,—,Role/Team,ACL,count,не переносится как данные: права воспроизводятся ролями/командами EspoCRM по module-decisions.md,предложено,проверено SQL 2026-09-29,,—
,vtiger_role2picklist,sortid,,,,int,нет,4407,,,—,Role/Team,ACL,count,не переносится как данные: права воспроизводятся ролями/командами EspoCRM по module-decisions.md,предложено,проверено SQL 2026-09-29,,—
,vtiger_role2profile,roleid,,,,varchar(255),нет,11,,,—,Role/Team,ACL,count,не переносится как данные: права воспроизводятся ролями/командами EspoCRM по module-decisions.md,предложено,проверено SQL 2026-09-29,,—
,vtiger_role2profile,profileid,,,,int,нет,11,,,—,Role/Team,ACL,count,не переносится как данные: права воспроизводятся ролями/командами EspoCRM по module-decisions.md,предложено,проверено SQL 2026-09-29,,—
,vtiger_role_seq,id,,,,int,нет,1,,,—,—,последовательность,count,не переносится: счётчики EspoCRM свои; следующий номер документов задаётся настройкой нумерации,предложено,проверено SQL 2026-09-29,,—
,vtiger_room_type,room_typeid,,,,int,нет,3,,,—,entityDefs options,справочник значений пикл-листа,count,переносится как опции enum в метаданных EspoCRM (фактически используемые значения — в source-inventory),предложено,проверено SQL 2026-09-29,,"не используется: поле без данных, служебное или модуль без записей"
,vtiger_room_type,room_type,,,,varchar(200),нет,3,,,—,entityDefs options,справочник значений пикл-листа,count,переносится как опции enum в метаданных EspoCRM (фактически используемые значения — в source-inventory),предложено,проверено SQL 2026-09-29,,"не используется: поле без данных, служебное или модуль без записей"
,vtiger_room_type,presence,,,,int,нет,3,,,—,entityDefs options,справочник значений пикл-листа,count,переносится как опции enum в метаданных EspoCRM (фактически используемые значения — в source-inventory),предложено,проверено SQL 2026-09-29,,"не используется: поле без данных, служебное или модуль без записей"
,vtiger_room_type,picklist_valueid,,,,int,нет,3,,,—,entityDefs options,справочник значений пикл-листа,count,переносится как опции enum в метаданных EspoCRM (фактически используемые значения — в source-inventory),предложено,проверено SQL 2026-09-29,,"не используется: поле без данных, служебное или модуль без записей"
,vtiger_room_type,sortorderid,,,,int,нет,3,,,—,entityDefs options,справочник значений пикл-листа,count,переносится как опции enum в метаданных EspoCRM (фактически используемые значения — в source-inventory),предложено,проверено SQL 2026-09-29,,"не используется: поле без данных, служебное или модуль без записей"
,vtiger_room_type,color,,,,varchar(10),нет,0,,,—,entityDefs options,справочник значений пикл-листа,count,переносится как опции enum в метаданных EspoCRM (фактически используемые значения — в source-inventory),предложено,проверено SQL 2026-09-29,,"не используется: поле без данных, служебное или модуль без записей"
,vtiger_room_type_seq,id,,,,int,нет,1,,,—,—,последовательность,count,не переносится: счётчики EspoCRM свои; следующий номер документов задаётся настройкой нумерации,предложено,проверено SQL 2026-09-29,,—
,vtiger_rowheight,rowheightid,,,,int,нет,3,,,—,—,пользовательские настройки,count,не переносится: настройки Preferences EspoCRM,предложено,проверено SQL 2026-09-29,,—
,vtiger_rowheight,rowheight,,,,varchar(200),нет,3,,,—,—,пользовательские настройки,count,не переносится: настройки Preferences EspoCRM,предложено,проверено SQL 2026-09-29,,—
,vtiger_rowheight,sortorderid,,,,int,нет,3,,,—,—,пользовательские настройки,count,не переносится: настройки Preferences EspoCRM,предложено,проверено SQL 2026-09-29,,—
,vtiger_rowheight,presence,,,,int,нет,3,,,—,—,пользовательские настройки,count,не переносится: настройки Preferences EspoCRM,предложено,проверено SQL 2026-09-29,,—
,vtiger_rowheight_seq,id,,,,int,нет,1,,,—,—,последовательность,count,не переносится: счётчики EspoCRM свои; следующий номер документов задаётся настройкой нумерации,предложено,проверено SQL 2026-09-29,,—
,vtiger_sales_stage,sales_stage_id,,,,int,нет,10,,,—,entityDefs options,справочник значений пикл-листа,count,переносится как опции enum в метаданных EspoCRM (фактически используемые значения — в source-inventory),реализовано (этап 03),проверено SQL 2026-09-29,,"ok: опции Opportunity.stage (metadata/vtigerValueMap, D-19, Q-32)"
,vtiger_sales_stage,sales_stage,,,,varchar(200),нет,10,,,—,entityDefs options,справочник значений пикл-листа,count,переносится как опции enum в метаданных EspoCRM (фактически используемые значения — в source-inventory),реализовано (этап 03),проверено SQL 2026-09-29,,"ok: опции Opportunity.stage (metadata/vtigerValueMap, D-19, Q-32)"
,vtiger_sales_stage,presence,,,,int,нет,10,,,—,entityDefs options,справочник значений пикл-листа,count,переносится как опции enum в метаданных EspoCRM (фактически используемые значения — в source-inventory),реализовано (этап 03),проверено SQL 2026-09-29,,"ok: опции Opportunity.stage (metadata/vtigerValueMap, D-19, Q-32)"
,vtiger_sales_stage,picklist_valueid,,,,int,нет,10,,,—,entityDefs options,справочник значений пикл-листа,count,переносится как опции enum в метаданных EspoCRM (фактически используемые значения — в source-inventory),реализовано (этап 03),проверено SQL 2026-09-29,,"ok: опции Opportunity.stage (metadata/vtigerValueMap, D-19, Q-32)"
,vtiger_sales_stage,sortorderid,,,,int,нет,10,,,—,entityDefs options,справочник значений пикл-листа,count,переносится как опции enum в метаданных EspoCRM (фактически используемые значения — в source-inventory),реализовано (этап 03),проверено SQL 2026-09-29,,"ok: опции Opportunity.stage (metadata/vtigerValueMap, D-19, Q-32)"
,vtiger_sales_stage,color,,,,varchar(10),нет,0,,,—,entityDefs options,справочник значений пикл-листа,count,переносится как опции enum в метаданных EspoCRM (фактически используемые значения — в source-inventory),реализовано (этап 03),проверено SQL 2026-09-29,,"ok: опции Opportunity.stage (metadata/vtigerValueMap, D-19, Q-32)"
,vtiger_sales_stage_seq,id,,,,int,нет,1,,,—,—,последовательность,count,не переносится: счётчики EspoCRM свои; следующий номер документов задаётся настройкой нумерации,предложено,проверено SQL 2026-09-29,,—
,vtiger_salesmanactivityrel,smid,,,,int,нет,186,,,—,links EspoCRM,связь,count,переносится как связь (см. relations.csv),предложено,проверено SQL 2026-09-29,,связь — проверяется в relations.csv
,vtiger_salesmanactivityrel,activityid,,,,int,нет,186,,,—,links EspoCRM,связь,count,переносится как связь (см. relations.csv),предложено,проверено SQL 2026-09-29,,связь — проверяется в relations.csv
,vtiger_salesmanattachmentsrel,smid,,,,int,нет,1,,,—,links EspoCRM,связь,count,переносится как связь (см. relations.csv),предложено,проверено SQL 2026-09-29,,связь — проверяется в relations.csv
,vtiger_salesmanattachmentsrel,attachmentsid,,,,int,нет,1,,,—,links EspoCRM,связь,count,переносится как связь (см. relations.csv),предложено,проверено SQL 2026-09-29,,связь — проверяется в relations.csv
,vtiger_salesorder,salesorderid,,,,int,нет,14,14,14,—,(ключ записи),первичный ключ модульной таблицы = crmid,count,перенос,предложено,проверено SQL 2026-09-29,,ключ записи → vtigerId
,vtiger_salesorder,vendorterms,,,,varchar(100),нет,0,14,0,—,—,нет данных,count,пусто — данных нет,предложено,проверено SQL 2026-09-29,,—
,vtiger_salesorder,vendorid,,,,int,нет,0,14,0,—,—,нет данных,count,пусто — данных нет,предложено,проверено SQL 2026-09-29,,—
,vtiger_salesorder,type,,,,varchar(100),нет,0,14,0,—,—,нет данных,count,пусто — данных нет,предложено,проверено SQL 2026-09-29,,—
,vtiger_salesorder,compound_taxes_info,,,,text,нет,14,14,14,—,vtigerData.compound_taxes_info,JSON,count,архив (только чтение),реализовано (этап 04.2),проверено SQL 2026-09-29,,ok: SalesOrder.vtigerData jsonObject
,vtiger_salesordercf,salesorderid,,,,int,нет,14,14,14,—,(ключ записи),первичный ключ модульной таблицы = crmid,count,перенос,предложено,проверено SQL 2026-09-29,,ключ записи → vtigerId
,vtiger_salutationtype,salutationid,,,,int,нет,13,,,—,entityDefs options,справочник значений пикл-листа,count,переносится как опции enum в метаданных EspoCRM (фактически используемые значения — в source-inventory),реализовано (этап 03),проверено SQL 2026-09-29,,"ok: опции Contact.salutationName, Lead.salutationName (metadata/vtigerValueMap, D-19, Q-32)"
,vtiger_salutationtype,salutationtype,,,,varchar(200),нет,13,,,—,entityDefs options,справочник значений пикл-листа,count,переносится как опции enum в метаданных EspoCRM (фактически используемые значения — в source-inventory),реализовано (этап 03),проверено SQL 2026-09-29,,"ok: опции Contact.salutationName, Lead.salutationName (metadata/vtigerValueMap, D-19, Q-32)"
,vtiger_salutationtype,presence,,,,int,нет,13,,,—,entityDefs options,справочник значений пикл-листа,count,переносится как опции enum в метаданных EspoCRM (фактически используемые значения — в source-inventory),реализовано (этап 03),проверено SQL 2026-09-29,,"ok: опции Contact.salutationName, Lead.salutationName (metadata/vtigerValueMap, D-19, Q-32)"
,vtiger_salutationtype,picklist_valueid,,,,int,нет,13,,,—,entityDefs options,справочник значений пикл-листа,count,переносится как опции enum в метаданных EspoCRM (фактически используемые значения — в source-inventory),реализовано (этап 03),проверено SQL 2026-09-29,,"ok: опции Contact.salutationName, Lead.salutationName (metadata/vtigerValueMap, D-19, Q-32)"
,vtiger_salutationtype,sortorderid,,,,int,нет,13,,,—,entityDefs options,справочник значений пикл-листа,count,переносится как опции enum в метаданных EspoCRM (фактически используемые значения — в source-inventory),реализовано (этап 03),проверено SQL 2026-09-29,,"ok: опции Contact.salutationName, Lead.salutationName (metadata/vtigerValueMap, D-19, Q-32)"
,vtiger_salutationtype,color,,,,varchar(10),нет,0,,,—,entityDefs options,справочник значений пикл-листа,count,переносится как опции enum в метаданных EspoCRM (фактически используемые значения — в source-inventory),реализовано (этап 03),проверено SQL 2026-09-29,,"ok: опции Contact.salutationName, Lead.salutationName (metadata/vtigerValueMap, D-19, Q-32)"
,vtiger_salutationtype_seq,id,,,,int,нет,1,,,—,—,последовательность,count,не переносится: счётчики EspoCRM свои; следующий номер документов задаётся настройкой нумерации,предложено,проверено SQL 2026-09-29,,—
,vtiger_seactivityrel,activityid,,,,int,нет,260,109,109,—,(ключ записи),первичный ключ модульной таблицы = crmid,count,перенос,предложено,проверено SQL 2026-09-29,,ключ записи → vtigerId
,vtiger_seactivityrel_seq,id,,,,int,нет,1,,,—,—,последовательность,count,не переносится: счётчики EspoCRM свои; следующий номер документов задаётся настройкой нумерации,предложено,проверено SQL 2026-09-29,,—
,vtiger_seattachmentsrel,crmid,,,,int,нет,203,,,—,links EspoCRM,связь,count,переносится как связь (см. relations.csv),предложено,проверено SQL 2026-09-29,,связь — проверяется в relations.csv
,vtiger_seattachmentsrel,attachmentsid,,,,int,нет,203,,,—,links EspoCRM,связь,count,переносится как связь (см. relations.csv),предложено,проверено SQL 2026-09-29,,связь — проверяется в relations.csv
,vtiger_selectcolumn,queryid,,,,int,нет,172,,,—,—,отчёты,count,"не переносится: отчёты не нужны (решение владельца, Q-16)",решено,проверено SQL 2026-09-29,,—
,vtiger_selectcolumn,columnindex,,,,int,нет,172,,,—,—,отчёты,count,"не переносится: отчёты не нужны (решение владельца, Q-16)",решено,проверено SQL 2026-09-29,,—
,vtiger_selectcolumn,columnname,,,,varchar(250),нет,172,,,—,—,отчёты,count,"не переносится: отчёты не нужны (решение владельца, Q-16)",решено,проверено SQL 2026-09-29,,—
,vtiger_selectquery,queryid,,,,int,нет,28,,,—,—,отчёты,count,"не переносится: отчёты не нужны (решение владельца, Q-16)",решено,проверено SQL 2026-09-29,,—
,vtiger_selectquery,startindex,,,,int,нет,28,,,—,—,отчёты,count,"не переносится: отчёты не нужны (решение владельца, Q-16)",решено,проверено SQL 2026-09-29,,—
,vtiger_selectquery,numofobjects,,,,int,нет,28,,,—,—,отчёты,count,"не переносится: отчёты не нужны (решение владельца, Q-16)",решено,проверено SQL 2026-09-29,,—
,vtiger_selectquery_seq,id,,,,int,нет,1,,,—,—,последовательность,count,не переносится: счётчики EspoCRM свои; следующий номер документов задаётся настройкой нумерации,предложено,проверено SQL 2026-09-29,,—
,vtiger_senotesrel,crmid,,,,int,нет,233,,,—,links EspoCRM,связь,count,переносится как связь (см. relations.csv),предложено,проверено SQL 2026-09-29,,связь — проверяется в relations.csv
,vtiger_senotesrel,notesid,,,,int,нет,233,,,—,links EspoCRM,связь,count,переносится как связь (см. relations.csv),предложено,проверено SQL 2026-09-29,,связь — проверяется в relations.csv
,vtiger_service,serviceid,,,,int,нет,25,25,25,—,(ключ записи),первичный ключ модульной таблицы = crmid,count,перенос,предложено,проверено SQL 2026-09-29,,ключ записи → vtigerId
,vtiger_service,currency_id,,,,int,нет,25,25,25,—,,одна валюта,count,исключено: одна валюта,предложено,проверено SQL 2026-09-29,,—
,vtiger_service_usageunit,service_usageunitid,,,,int,нет,6,,,—,entityDefs options,справочник значений пикл-листа,count,переносится как опции enum в метаданных EspoCRM (фактически используемые значения — в source-inventory),реализовано (этап 03),проверено SQL 2026-09-29,,"ok: опции Product.unit (metadata/vtigerValueMap, D-19, Q-32)"
,vtiger_service_usageunit,service_usageunit,,,,varchar(200),нет,6,,,—,entityDefs options,справочник значений пикл-листа,count,переносится как опции enum в метаданных EspoCRM (фактически используемые значения — в source-inventory),реализовано (этап 03),проверено SQL 2026-09-29,,"ok: опции Product.unit (metadata/vtigerValueMap, D-19, Q-32)"
,vtiger_service_usageunit,presence,,,,int,нет,6,,,—,entityDefs options,справочник значений пикл-листа,count,переносится как опции enum в метаданных EspoCRM (фактически используемые значения — в source-inventory),реализовано (этап 03),проверено SQL 2026-09-29,,"ok: опции Product.unit (metadata/vtigerValueMap, D-19, Q-32)"
,vtiger_service_usageunit,picklist_valueid,,,,int,нет,6,,,—,entityDefs options,справочник значений пикл-листа,count,переносится как опции enum в метаданных EspoCRM (фактически используемые значения — в source-inventory),реализовано (этап 03),проверено SQL 2026-09-29,,"ok: опции Product.unit (metadata/vtigerValueMap, D-19, Q-32)"
,vtiger_service_usageunit,sortorderid,,,,int,нет,6,,,—,entityDefs options,справочник значений пикл-листа,count,переносится как опции enum в метаданных EspoCRM (фактически используемые значения — в source-inventory),реализовано (этап 03),проверено SQL 2026-09-29,,"ok: опции Product.unit (metadata/vtigerValueMap, D-19, Q-32)"
,vtiger_service_usageunit,color,,,,varchar(10),нет,0,,,—,entityDefs options,справочник значений пикл-листа,count,переносится как опции enum в метаданных EspoCRM (фактически используемые значения — в source-inventory),реализовано (этап 03),проверено SQL 2026-09-29,,"ok: опции Product.unit (metadata/vtigerValueMap, D-19, Q-32)"
,vtiger_service_usageunit_seq,id,,,,int,нет,1,,,—,—,последовательность,count,не переносится: счётчики EspoCRM свои; следующий номер документов задаётся настройкой нумерации,предложено,проверено SQL 2026-09-29,,—
,vtiger_servicecategory,servicecategoryid,,,,int,нет,10,,,—,entityDefs options,справочник значений пикл-листа,count,переносится как опции enum в метаданных EspoCRM (фактически используемые значения — в source-inventory),реализовано (этап 03),проверено SQL 2026-09-29,,"ok: опции Product.category (metadata/vtigerValueMap, D-19, Q-32)"
,vtiger_servicecategory,servicecategory,,,,varchar(200),нет,10,,,—,entityDefs options,справочник значений пикл-листа,count,переносится как опции enum в метаданных EspoCRM (фактически используемые значения — в source-inventory),реализовано (этап 03),проверено SQL 2026-09-29,,"ok: опции Product.category (metadata/vtigerValueMap, D-19, Q-32)"
,vtiger_servicecategory,presence,,,,int,нет,10,,,—,entityDefs options,справочник значений пикл-листа,count,переносится как опции enum в метаданных EspoCRM (фактически используемые значения — в source-inventory),реализовано (этап 03),проверено SQL 2026-09-29,,"ok: опции Product.category (metadata/vtigerValueMap, D-19, Q-32)"
,vtiger_servicecategory,picklist_valueid,,,,int,нет,10,,,—,entityDefs options,справочник значений пикл-листа,count,переносится как опции enum в метаданных EspoCRM (фактически используемые значения — в source-inventory),реализовано (этап 03),проверено SQL 2026-09-29,,"ok: опции Product.category (metadata/vtigerValueMap, D-19, Q-32)"
,vtiger_servicecategory,sortorderid,,,,int,нет,10,,,—,entityDefs options,справочник значений пикл-листа,count,переносится как опции enum в метаданных EspoCRM (фактически используемые значения — в source-inventory),реализовано (этап 03),проверено SQL 2026-09-29,,"ok: опции Product.category (metadata/vtigerValueMap, D-19, Q-32)"
,vtiger_servicecategory,color,,,,varchar(10),нет,0,,,—,entityDefs options,справочник значений пикл-листа,count,переносится как опции enum в метаданных EspoCRM (фактически используемые значения — в source-inventory),реализовано (этап 03),проверено SQL 2026-09-29,,"ok: опции Product.category (metadata/vtigerValueMap, D-19, Q-32)"
,vtiger_servicecategory_seq,id,,,,int,нет,1,,,—,—,последовательность,count,не переносится: счётчики EspoCRM свои; следующий номер документов задаётся настройкой нумерации,предложено,проверено SQL 2026-09-29,,—
,vtiger_servicecf,serviceid,,,,int,нет,25,25,25,—,(ключ записи),первичный ключ модульной таблицы = crmid,count,перенос,предложено,проверено SQL 2026-09-29,,ключ записи → vtigerId
,vtiger_servicecontracts,servicecontractsid,,,,int,нет,1,1,1,—,(ключ записи),первичный ключ модульной таблицы = crmid,count,перенос,предложено,проверено SQL 2026-09-29,,ключ записи → vtigerId
,vtiger_servicecontractscf,servicecontractsid,,,,int,нет,1,,,—,—,таблица кастомных полей без данных,count,только ключ записи; кастомных колонок с данными нет,предложено,проверено SQL 2026-09-29,,—
,vtiger_settings_blocks,blockid,,,,int,нет,10,,,—,—,метаданные/настройки Vtiger,count,не переносится: используется как источник проектирования модели и настроек,предложено,проверено SQL 2026-09-29,,—
,vtiger_settings_blocks,label,,,,varchar(250),нет,10,,,—,—,метаданные/настройки Vtiger,count,не переносится: используется как источник проектирования модели и настроек,предложено,проверено SQL 2026-09-29,,—
,vtiger_settings_blocks,sequence,,,,int,нет,10,,,—,—,метаданные/настройки Vtiger,count,не переносится: используется как источник проектирования модели и настроек,предложено,проверено SQL 2026-09-29,,—
,vtiger_settings_blocks_seq,id,,,,int,нет,1,,,—,—,последовательность,count,не переносится: счётчики EspoCRM свои; следующий номер документов задаётся настройкой нумерации,предложено,проверено SQL 2026-09-29,,—
,vtiger_settings_field,fieldid,,,,int,нет,46,,,—,—,метаданные/настройки Vtiger,count,не переносится: используется как источник проектирования модели и настроек,предложено,проверено SQL 2026-09-29,,—
,vtiger_settings_field,blockid,,,,int,нет,46,,,—,—,метаданные/настройки Vtiger,count,не переносится: используется как источник проектирования модели и настроек,предложено,проверено SQL 2026-09-29,,—
,vtiger_settings_field,name,,,,varchar(250),нет,46,,,—,—,метаданные/настройки Vtiger,count,не переносится: используется как источник проектирования модели и настроек,предложено,проверено SQL 2026-09-29,,—
,vtiger_settings_field,iconpath,,,,varchar(300),нет,33,,,—,—,метаданные/настройки Vtiger,count,не переносится: используется как источник проектирования модели и настроек,предложено,проверено SQL 2026-09-29,,—
,vtiger_settings_field,description,,,,text,нет,43,,,—,—,метаданные/настройки Vtiger,count,не переносится: используется как источник проектирования модели и настроек,предложено,проверено SQL 2026-09-29,,—
,vtiger_settings_field,linkto,,,,text,нет,46,,,—,—,метаданные/настройки Vtiger,count,не переносится: используется как источник проектирования модели и настроек,предложено,проверено SQL 2026-09-29,,—
,vtiger_settings_field,sequence,,,,int,нет,46,,,—,—,метаданные/настройки Vtiger,count,не переносится: используется как источник проектирования модели и настроек,предложено,проверено SQL 2026-09-29,,—
,vtiger_settings_field,active,,,,int,нет,46,,,—,—,метаданные/настройки Vtiger,count,не переносится: используется как источник проектирования модели и настроек,предложено,проверено SQL 2026-09-29,,—
,vtiger_settings_field,pinned,,,,int,нет,46,,,—,—,метаданные/настройки Vtiger,count,не переносится: используется как источник проектирования модели и настроек,предложено,проверено SQL 2026-09-29,,—
,vtiger_settings_field_seq,id,,,,int,нет,1,,,—,—,последовательность,count,не переносится: счётчики EspoCRM свои; следующий номер документов задаётся настройкой нумерации,предложено,проверено SQL 2026-09-29,,—
,vtiger_shippingtaxinfo,taxid,,,,int,нет,1,,,—,config,финансовые настройки,count,"переносится как конфигурация (валюта RUB, НДС 18% исторически)",предложено,проверено SQL 2026-09-29,,"настройки EspoCRM (валюта RUB, D-37)"
,vtiger_shippingtaxinfo,taxname,,,,varchar(50),нет,1,,,—,config,финансовые настройки,count,"переносится как конфигурация (валюта RUB, НДС 18% исторически)",предложено,проверено SQL 2026-09-29,,"настройки EspoCRM (валюта RUB, D-37)"
,vtiger_shippingtaxinfo,taxlabel,,,,varchar(50),нет,1,,,—,config,финансовые настройки,count,"переносится как конфигурация (валюта RUB, НДС 18% исторически)",предложено,проверено SQL 2026-09-29,,"настройки EspoCRM (валюта RUB, D-37)"
,vtiger_shippingtaxinfo,percentage,,,,"decimal(7,3)",нет,1,,,—,config,финансовые настройки,count,"переносится как конфигурация (валюта RUB, НДС 18% исторически)",предложено,проверено SQL 2026-09-29,,"настройки EspoCRM (валюта RUB, D-37)"
,vtiger_shippingtaxinfo,deleted,,,,int,нет,1,,,—,config,финансовые настройки,count,"переносится как конфигурация (валюта RUB, НДС 18% исторически)",предложено,проверено SQL 2026-09-29,,"настройки EspoCRM (валюта RUB, D-37)"
,vtiger_shippingtaxinfo,method,,,,varchar(10),нет,1,,,—,config,финансовые настройки,count,"переносится как конфигурация (валюта RUB, НДС 18% исторически)",предложено,проверено SQL 2026-09-29,,"настройки EspoCRM (валюта RUB, D-37)"
,vtiger_shippingtaxinfo,type,,,,varchar(10),нет,1,,,—,config,финансовые настройки,count,"переносится как конфигурация (валюта RUB, НДС 18% исторически)",предложено,проверено SQL 2026-09-29,,"настройки EspoCRM (валюта RUB, D-37)"
,vtiger_shippingtaxinfo,compoundon,,,,varchar(400),нет,1,,,—,config,финансовые настройки,count,"переносится как конфигурация (валюта RUB, НДС 18% исторически)",предложено,проверено SQL 2026-09-29,,"настройки EspoCRM (валюта RUB, D-37)"
,vtiger_shippingtaxinfo,regions,,,,text,нет,1,,,—,config,финансовые настройки,count,"переносится как конфигурация (валюта RUB, НДС 18% исторически)",предложено,проверено SQL 2026-09-29,,"настройки EspoCRM (валюта RUB, D-37)"
,vtiger_shippingtaxinfo_seq,id,,,,int,нет,1,,,—,—,последовательность,count,не переносится: счётчики EspoCRM свои; следующий номер документов задаётся настройкой нумерации,предложено,проверено SQL 2026-09-29,,—
,vtiger_signedrecord_status,signedrecord_statusid,,,,int,нет,2,,,—,entityDefs options,справочник значений пикл-листа,count,переносится как опции enum в метаданных EspoCRM (фактически используемые значения — в source-inventory),предложено,проверено SQL 2026-09-29,,"не используется: поле без данных, служебное или модуль без записей"
,vtiger_signedrecord_status,signedrecord_status,,,,varchar(200),нет,2,,,—,entityDefs options,справочник значений пикл-листа,count,переносится как опции enum в метаданных EspoCRM (фактически используемые значения — в source-inventory),предложено,проверено SQL 2026-09-29,,"не используется: поле без данных, служебное или модуль без записей"
,vtiger_signedrecord_status,sortorderid,,,,int,нет,2,,,—,entityDefs options,справочник значений пикл-листа,count,переносится как опции enum в метаданных EspoCRM (фактически используемые значения — в source-inventory),предложено,проверено SQL 2026-09-29,,"не используется: поле без данных, служебное или модуль без записей"
,vtiger_signedrecord_status,presence,,,,int,нет,2,,,—,entityDefs options,справочник значений пикл-листа,count,переносится как опции enum в метаданных EspoCRM (фактически используемые значения — в source-inventory),предложено,проверено SQL 2026-09-29,,"не используется: поле без данных, служебное или модуль без записей"
,vtiger_signedrecord_status,color,,,,varchar(10),нет,0,,,—,entityDefs options,справочник значений пикл-листа,count,переносится как опции enum в метаданных EspoCRM (фактически используемые значения — в source-inventory),предложено,проверено SQL 2026-09-29,,"не используется: поле без данных, служебное или модуль без записей"
,vtiger_signedrecord_status_seq,id,,,,int,нет,1,,,—,—,последовательность,count,не переносится: счётчики EspoCRM свои; следующий номер документов задаётся настройкой нумерации,предложено,проверено SQL 2026-09-29,,—
,vtiger_signedrecord_type,signedrecord_typeid,,,,int,нет,2,,,—,entityDefs options,справочник значений пикл-листа,count,переносится как опции enum в метаданных EspoCRM (фактически используемые значения — в source-inventory),предложено,проверено SQL 2026-09-29,,"не используется: поле без данных, служебное или модуль без записей"
,vtiger_signedrecord_type,signedrecord_type,,,,varchar(200),нет,2,,,—,entityDefs options,справочник значений пикл-листа,count,переносится как опции enum в метаданных EspoCRM (фактически используемые значения — в source-inventory),предложено,проверено SQL 2026-09-29,,"не используется: поле без данных, служебное или модуль без записей"
,vtiger_signedrecord_type,sortorderid,,,,int,нет,2,,,—,entityDefs options,справочник значений пикл-листа,count,переносится как опции enum в метаданных EspoCRM (фактически используемые значения — в source-inventory),предложено,проверено SQL 2026-09-29,,"не используется: поле без данных, служебное или модуль без записей"
,vtiger_signedrecord_type,presence,,,,int,нет,2,,,—,entityDefs options,справочник значений пикл-листа,count,переносится как опции enum в метаданных EspoCRM (фактически используемые значения — в source-inventory),предложено,проверено SQL 2026-09-29,,"не используется: поле без данных, служебное или модуль без записей"
,vtiger_signedrecord_type,color,,,,varchar(10),нет,2,,,—,entityDefs options,справочник значений пикл-листа,count,переносится как опции enum в метаданных EspoCRM (фактически используемые значения — в source-inventory),предложено,проверено SQL 2026-09-29,,"не используется: поле без данных, служебное или модуль без записей"
,vtiger_signedrecord_type_seq,id,,,,int,нет,1,,,—,—,последовательность,count,не переносится: счётчики EspoCRM свои; следующий номер документов задаётся настройкой нумерации,предложено,проверено SQL 2026-09-29,,—
,vtiger_sobillads,sobilladdressid,,,,int,нет,14,14,14,—,(ключ записи),первичный ключ модульной таблицы = crmid,count,перенос,предложено,проверено SQL 2026-09-29,,ключ записи → vtigerId
,vtiger_soshipads,soshipaddressid,,,,int,нет,14,14,14,—,(ключ записи),первичный ключ модульной таблицы = crmid,count,перенос,предложено,проверено SQL 2026-09-29,,ключ записи → vtigerId
,vtiger_sostatus,sostatusid,,,,int,нет,6,,,—,entityDefs options,справочник значений пикл-листа,count,переносится как опции enum в метаданных EspoCRM (фактически используемые значения — в source-inventory),реализовано (этап 04.2),проверено SQL 2026-09-29,,"ok: опции SalesOrder.status (metadata/vtigerValueMap, D-19, Q-32)"
,vtiger_sostatus,sostatus,,,,varchar(200),нет,6,,,—,entityDefs options,справочник значений пикл-листа,count,переносится как опции enum в метаданных EspoCRM (фактически используемые значения — в source-inventory),реализовано (этап 04.2),проверено SQL 2026-09-29,,"ok: опции SalesOrder.status (metadata/vtigerValueMap, D-19, Q-32)"
,vtiger_sostatus,presence,,,,int,нет,6,,,—,entityDefs options,справочник значений пикл-листа,count,переносится как опции enum в метаданных EspoCRM (фактически используемые значения — в source-inventory),реализовано (этап 04.2),проверено SQL 2026-09-29,,"ok: опции SalesOrder.status (metadata/vtigerValueMap, D-19, Q-32)"
,vtiger_sostatus,picklist_valueid,,,,int,нет,6,,,—,entityDefs options,справочник значений пикл-листа,count,переносится как опции enum в метаданных EspoCRM (фактически используемые значения — в source-inventory),реализовано (этап 04.2),проверено SQL 2026-09-29,,"ok: опции SalesOrder.status (metadata/vtigerValueMap, D-19, Q-32)"
,vtiger_sostatus,sortorderid,,,,int,нет,6,,,—,entityDefs options,справочник значений пикл-листа,count,переносится как опции enum в метаданных EspoCRM (фактически используемые значения — в source-inventory),реализовано (этап 04.2),проверено SQL 2026-09-29,,"ok: опции SalesOrder.status (metadata/vtigerValueMap, D-19, Q-32)"
,vtiger_sostatus,color,,,,varchar(10),нет,0,,,—,entityDefs options,справочник значений пикл-листа,count,переносится как опции enum в метаданных EspoCRM (фактически используемые значения — в source-inventory),реализовано (этап 04.2),проверено SQL 2026-09-29,,"ok: опции SalesOrder.status (metadata/vtigerValueMap, D-19, Q-32)"
,vtiger_sostatus_seq,id,,,,int,нет,1,,,—,—,последовательность,count,не переносится: счётчики EspoCRM свои; следующий номер документов задаётся настройкой нумерации,предложено,проверено SQL 2026-09-29,,—
,vtiger_sp_act,actid,,,,int,нет,405,404,404,—,(ключ записи),первичный ключ модульной таблицы = crmid,count,перенос,предложено,проверено SQL 2026-09-29,,ключ записи → vtigerId
,vtiger_sp_act,shipping,,,,varchar(100),нет,0,404,0,—,—,нет данных,count,пусто — данных нет,предложено,проверено SQL 2026-09-29,,—
,vtiger_sp_act,compound_taxes_info,,,,text,нет,405,404,404,—,vtigerData.compound_taxes_info,JSON,count,архив (только чтение),предложено,проверено SQL 2026-09-29,,этап 04.5
,vtiger_sp_actbillads,actbilladdressid,,,,int,нет,405,404,404,—,(ключ записи),первичный ключ модульной таблицы = crmid,count,перенос,предложено,проверено SQL 2026-09-29,,ключ записи → vtigerId
,vtiger_sp_actcf,actid,,,,int,нет,405,,,—,—,таблица кастомных полей без данных,count,только ключ записи; кастомных колонок с данными нет,предложено,проверено SQL 2026-09-29,,—
,vtiger_sp_actshipads,actshipaddressid,,,,int,нет,405,404,404,—,(ключ записи),первичный ключ модульной таблицы = crmid,count,перенос,предложено,проверено SQL 2026-09-29,,ключ записи → vtigerId
,vtiger_sp_actstatus,sp_actstatusid,,,,int,нет,4,,,—,entityDefs options,справочник значений пикл-листа,count,переносится как опции enum в метаданных EspoCRM (фактически используемые значения — в source-inventory),предложено,проверено SQL 2026-09-29,,этап 04.x: справочник финансового модуля
,vtiger_sp_actstatus,sp_actstatus,,,,varchar(200),нет,4,,,—,entityDefs options,справочник значений пикл-листа,count,переносится как опции enum в метаданных EspoCRM (фактически используемые значения — в source-inventory),предложено,проверено SQL 2026-09-29,,этап 04.x: справочник финансового модуля
,vtiger_sp_actstatus,presence,,,,int,нет,4,,,—,entityDefs options,справочник значений пикл-листа,count,переносится как опции enum в метаданных EspoCRM (фактически используемые значения — в source-inventory),предложено,проверено SQL 2026-09-29,,этап 04.x: справочник финансового модуля
,vtiger_sp_actstatus,picklist_valueid,,,,int,нет,4,,,—,entityDefs options,справочник значений пикл-листа,count,переносится как опции enum в метаданных EspoCRM (фактически используемые значения — в source-inventory),предложено,проверено SQL 2026-09-29,,этап 04.x: справочник финансового модуля
,vtiger_sp_actstatus,sortorderid,,,,int,нет,4,,,—,entityDefs options,справочник значений пикл-листа,count,переносится как опции enum в метаданных EspoCRM (фактически используемые значения — в source-inventory),предложено,проверено SQL 2026-09-29,,этап 04.x: справочник финансового модуля
,vtiger_sp_actstatus,color,,,,varchar(10),нет,0,,,—,entityDefs options,справочник значений пикл-листа,count,переносится как опции enum в метаданных EspoCRM (фактически используемые значения — в source-inventory),предложено,проверено SQL 2026-09-29,,этап 04.x: справочник финансового модуля
,vtiger_sp_actstatus_seq,id,,,,int,нет,1,,,—,—,последовательность,count,не переносится: счётчики EspoCRM свои; следующий номер документов задаётся настройкой нумерации,предложено,проверено SQL 2026-09-29,,—
,vtiger_sp_actstatushistory,historyid,,,,int,нет,51,,,—,—,история статусов,count,"не переносится (решение владельца, Q-27): остаётся в защищённом снимке",решено,проверено SQL 2026-09-29,,—
,vtiger_sp_actstatushistory,actid,,,,int,нет,51,,,—,—,история статусов,count,"не переносится (решение владельца, Q-27): остаётся в защищённом снимке",решено,проверено SQL 2026-09-29,,—
,vtiger_sp_actstatushistory,accountname,,,,varchar(100),нет,0,,,—,—,история статусов,count,"не переносится (решение владельца, Q-27): остаётся в защищённом снимке",решено,проверено SQL 2026-09-29,,—
,vtiger_sp_actstatushistory,total,,,,"decimal(10,0)",нет,16,,,—,—,история статусов,count,"не переносится (решение владельца, Q-27): остаётся в защищённом снимке",решено,проверено SQL 2026-09-29,,—
,vtiger_sp_actstatushistory,sp_actstatus,,,,varchar(200),нет,51,,,—,—,история статусов,count,"не переносится (решение владельца, Q-27): остаётся в защищённом снимке",решено,проверено SQL 2026-09-29,,—
,vtiger_sp_actstatushistory,lastmodified,,,,datetime,нет,51,,,—,—,история статусов,count,"не переносится (решение владельца, Q-27): остаётся в защищённом снимке",решено,проверено SQL 2026-09-29,,—
,vtiger_sp_actstatushistory_seq,id,,,,int,нет,1,,,—,—,последовательность,count,не переносится: счётчики EspoCRM свои; следующий номер документов задаётся настройкой нумерации,предложено,проверено SQL 2026-09-29,,—
,vtiger_sp_blocks_configuration_seq,id,,,,int,нет,1,,,—,—,последовательность,count,не переносится: счётчики EspoCRM свои; следующий номер документов задаётся настройкой нумерации,предложено,проверено SQL 2026-09-29,,—
,vtiger_sp_callpopup,popupid,,,,int,нет,210,210,210,—,(ключ записи),первичный ключ модульной таблицы = crmid,count,перенос,предложено,проверено SQL 2026-09-29,,ключ записи → vtigerId
,vtiger_sp_callpopup_last_call,last_call_id,,,,int,нет,1,,,—,—,кэш/индексы,count,не переносится: производные данные,предложено,проверено SQL 2026-09-29,,—
,vtiger_sp_callpopupcf,popupid,,,,int,нет,210,,,—,—,таблица кастомных полей без данных,count,только ключ записи; кастомных колонок с данными нет,предложено,проверено SQL 2026-09-29,,—
,vtiger_sp_consignment,consignmentid,,,,int,нет,1,1,1,—,(ключ записи),первичный ключ модульной таблицы = crmid,count,перенос,предложено,проверено SQL 2026-09-29,,ключ записи → vtigerId
,vtiger_sp_consignment,shipping,,,,varchar(100),нет,0,1,0,—,—,нет данных,count,пусто — данных нет,предложено,проверено SQL 2026-09-29,,—
,vtiger_sp_consignment,compound_taxes_info,,,,text,нет,1,1,1,—,VtigerArchive.data,JSON,count,перенос,реализовано (этап 03),проверено SQL 2026-09-29,,ok: VtigerArchive.data jsonObject
,vtiger_sp_consignmentbillads,consignmentbilladdressid,,,,int,нет,1,1,1,—,(ключ записи),первичный ключ модульной таблицы = crmid,count,перенос,предложено,проверено SQL 2026-09-29,,ключ записи → vtigerId
,vtiger_sp_consignmentcf,consignmentid,,,,int,нет,1,,,—,—,таблица кастомных полей без данных,count,только ключ записи; кастомных колонок с данными нет,предложено,проверено SQL 2026-09-29,,—
,vtiger_sp_consignmentshipads,consignmentshipaddressid,,,,int,нет,1,1,1,—,(ключ записи),первичный ключ модульной таблицы = crmid,count,перенос,предложено,проверено SQL 2026-09-29,,ключ записи → vtigerId
,vtiger_sp_consignmentstatus,sp_consignmentstatusid,,,,int,нет,2,,,—,entityDefs options,справочник значений пикл-листа,count,переносится как опции enum в метаданных EspoCRM (фактически используемые значения — в source-inventory),предложено,проверено SQL 2026-09-29,,архив: исходные значения в VtigerArchive.data (enum не создаётся)
,vtiger_sp_consignmentstatus,sp_consignmentstatus,,,,varchar(200),нет,2,,,—,entityDefs options,справочник значений пикл-листа,count,переносится как опции enum в метаданных EspoCRM (фактически используемые значения — в source-inventory),предложено,проверено SQL 2026-09-29,,архив: исходные значения в VtigerArchive.data (enum не создаётся)
,vtiger_sp_consignmentstatus,presence,,,,int,нет,2,,,—,entityDefs options,справочник значений пикл-листа,count,переносится как опции enum в метаданных EspoCRM (фактически используемые значения — в source-inventory),предложено,проверено SQL 2026-09-29,,архив: исходные значения в VtigerArchive.data (enum не создаётся)
,vtiger_sp_consignmentstatus,picklist_valueid,,,,int,нет,2,,,—,entityDefs options,справочник значений пикл-листа,count,переносится как опции enum в метаданных EspoCRM (фактически используемые значения — в source-inventory),предложено,проверено SQL 2026-09-29,,архив: исходные значения в VtigerArchive.data (enum не создаётся)
,vtiger_sp_consignmentstatus,sortorderid,,,,int,нет,2,,,—,entityDefs options,справочник значений пикл-листа,count,переносится как опции enum в метаданных EspoCRM (фактически используемые значения — в source-inventory),предложено,проверено SQL 2026-09-29,,архив: исходные значения в VtigerArchive.data (enum не создаётся)
,vtiger_sp_consignmentstatus,color,,,,varchar(10),нет,0,,,—,entityDefs options,справочник значений пикл-листа,count,переносится как опции enum в метаданных EspoCRM (фактически используемые значения — в source-inventory),предложено,проверено SQL 2026-09-29,,архив: исходные значения в VtigerArchive.data (enum не создаётся)
,vtiger_sp_consignmentstatus_seq,id,,,,int,нет,1,,,—,—,последовательность,count,не переносится: счётчики EspoCRM свои; следующий номер документов задаётся настройкой нумерации,предложено,проверено SQL 2026-09-29,,—
,vtiger_sp_convert_popup_mapping,id,,,,int,нет,3,,,—,—,настройка SPCallPopup,count,не переносится,предложено,проверено SQL 2026-09-29,,—
,vtiger_sp_convert_popup_mapping,popupfid,,,,int,нет,3,,,—,—,настройка SPCallPopup,count,не переносится,предложено,проверено SQL 2026-09-29,,—
,vtiger_sp_convert_popup_mapping,leadfid,,,,int,нет,3,,,—,—,настройка SPCallPopup,count,не переносится,предложено,проверено SQL 2026-09-29,,—
,vtiger_sp_convert_popup_mapping,contactfid,,,,int,нет,3,,,—,—,настройка SPCallPopup,count,не переносится,предложено,проверено SQL 2026-09-29,,—
,vtiger_sp_convert_popup_mapping,accountfid,,,,int,нет,3,,,—,—,настройка SPCallPopup,count,не переносится,предложено,проверено SQL 2026-09-29,,—
,vtiger_sp_convert_popup_mapping,editable,,,,int,нет,3,,,—,—,настройка SPCallPopup,count,не переносится,предложено,проверено SQL 2026-09-29,,—
,vtiger_sp_socialconnector_providers,id,,,,int,нет,2,,,—,—,интеграции/секреты,count,не переносится: секреты и состояние синхронизации; интеграции настраиваются заново,предложено,проверено SQL 2026-09-29,,—
,vtiger_sp_socialconnector_providers,provider_name,,,,varchar(45),нет,2,,,—,—,интеграции/секреты,count,не переносится: секреты и состояние синхронизации; интеграции настраиваются заново,предложено,проверено SQL 2026-09-29,,—
,vtiger_sp_socialconnector_providers,provider_domen,,,,varchar(45),нет,2,,,—,—,интеграции/секреты,count,не переносится: секреты и состояние синхронизации; интеграции настраиваются заново,предложено,проверено SQL 2026-09-29,,—
,vtiger_sp_socialconnector_settings,key,,,,varchar(255),нет,5,,,—,—,интеграции/секреты,count,не переносится: секреты и состояние синхронизации; интеграции настраиваются заново,предложено,проверено SQL 2026-09-29,,—
,vtiger_sp_socialconnector_settings,value,,,,varchar(255),нет,0,,,—,—,интеграции/секреты,count,не переносится: секреты и состояние синхронизации; интеграции настраиваются заново,предложено,проверено SQL 2026-09-29,,—
,vtiger_sp_voip_default_provider,default_provider,,,,varchar(255),нет,1,,,—,—,интеграции/секреты,count,не переносится: секреты и состояние синхронизации; интеграции настраиваются заново,предложено,проверено SQL 2026-09-29,,—
,vtiger_sp_voipintegration_options,name,,,,varchar(255),нет,1,,,—,—,интеграции/секреты,count,не переносится: секреты и состояние синхронизации; интеграции настраиваются заново,предложено,проверено SQL 2026-09-29,,—
,vtiger_sp_voipintegration_options,value,,,,varchar(255),нет,1,,,—,—,интеграции/секреты,count,не переносится: секреты и состояние синхронизации; интеграции настраиваются заново,предложено,проверено SQL 2026-09-29,,—
,vtiger_sp_voipintegration_settings,id,,,,int,нет,42,,,—,—,интеграции/секреты,count,не переносится: секреты и состояние синхронизации; интеграции настраиваются заново,предложено,проверено SQL 2026-09-29,,—
,vtiger_sp_voipintegration_settings,provider_name,,,,varchar(255),нет,42,,,—,—,интеграции/секреты,count,не переносится: секреты и состояние синхронизации; интеграции настраиваются заново,предложено,проверено SQL 2026-09-29,,—
,vtiger_sp_voipintegration_settings,field_name,,,,varchar(255),нет,42,,,—,—,интеграции/секреты,count,не переносится: секреты и состояние синхронизации; интеграции настраиваются заново,предложено,проверено SQL 2026-09-29,,—
,vtiger_sp_voipintegration_settings,field_label,,,,varchar(255),нет,42,,,—,—,интеграции/секреты,count,не переносится: секреты и состояние синхронизации; интеграции настраиваются заново,предложено,проверено SQL 2026-09-29,,—
,vtiger_sp_voipintegration_settings,field_value,,,,varchar(255),нет,9,,,—,—,интеграции/секреты,count,не переносится: секреты и состояние синхронизации; интеграции настраиваются заново,предложено,проверено SQL 2026-09-29,,—
,vtiger_spcompany,spcompanyid,,,,int,нет,2,,,—,LegalEntity,справочник юрлиц SalesPlatform,count,"не переносится как опции: 'Default' и 'По умолчанию' — одно юрлицо, одна запись LegalEntity (D-04)",контракт (этап 04.1),проверено SQL 2026-09-29,,—
,vtiger_spcompany,spcompany,,,,varchar(200),нет,2,,,—,LegalEntity,справочник юрлиц SalesPlatform,count,"не переносится как опции: 'Default' и 'По умолчанию' — одно юрлицо, одна запись LegalEntity (D-04)",контракт (этап 04.1),проверено SQL 2026-09-29,,—
,vtiger_spcompany,presence,,,,int,нет,2,,,—,LegalEntity,справочник юрлиц SalesPlatform,count,"не переносится как опции: 'Default' и 'По умолчанию' — одно юрлицо, одна запись LegalEntity (D-04)",контракт (этап 04.1),проверено SQL 2026-09-29,,—
,vtiger_spcompany,picklist_valueid,,,,int,нет,2,,,—,LegalEntity,справочник юрлиц SalesPlatform,count,"не переносится как опции: 'Default' и 'По умолчанию' — одно юрлицо, одна запись LegalEntity (D-04)",контракт (этап 04.1),проверено SQL 2026-09-29,,—
,vtiger_spcompany,sortorderid,,,,int,нет,2,,,—,LegalEntity,справочник юрлиц SalesPlatform,count,"не переносится как опции: 'Default' и 'По умолчанию' — одно юрлицо, одна запись LegalEntity (D-04)",контракт (этап 04.1),проверено SQL 2026-09-29,,—
,vtiger_spcompany,color,,,,varchar(10),нет,0,,,—,LegalEntity,справочник юрлиц SalesPlatform,count,"не переносится как опции: 'Default' и 'По умолчанию' — одно юрлицо, одна запись LegalEntity (D-04)",контракт (этап 04.1),проверено SQL 2026-09-29,,—
,vtiger_spcompany_seq,id,,,,int,нет,1,,,—,—,последовательность,count,не переносится: счётчики EspoCRM свои; следующий номер документов задаётся настройкой нумерации,предложено,проверено SQL 2026-09-29,,—
,vtiger_spstatus,spstatusid,,,,int,нет,4,,,—,entityDefs options,справочник значений пикл-листа,count,переносится как опции enum в метаданных EspoCRM (фактически используемые значения — в source-inventory),предложено,проверено SQL 2026-09-29,,этап 04.x: справочник финансового модуля
,vtiger_spstatus,spstatus,,,,varchar(200),нет,4,,,—,entityDefs options,справочник значений пикл-листа,count,переносится как опции enum в метаданных EspoCRM (фактически используемые значения — в source-inventory),предложено,проверено SQL 2026-09-29,,этап 04.x: справочник финансового модуля
,vtiger_spstatus,presence,,,,int,нет,4,,,—,entityDefs options,справочник значений пикл-листа,count,переносится как опции enum в метаданных EspoCRM (фактически используемые значения — в source-inventory),предложено,проверено SQL 2026-09-29,,этап 04.x: справочник финансового модуля
,vtiger_spstatus,picklist_valueid,,,,int,нет,4,,,—,entityDefs options,справочник значений пикл-листа,count,переносится как опции enum в метаданных EspoCRM (фактически используемые значения — в source-inventory),предложено,проверено SQL 2026-09-29,,этап 04.x: справочник финансового модуля
,vtiger_spstatus,sortorderid,,,,int,нет,4,,,—,entityDefs options,справочник значений пикл-листа,count,переносится как опции enum в метаданных EspoCRM (фактически используемые значения — в source-inventory),предложено,проверено SQL 2026-09-29,,этап 04.x: справочник финансового модуля
,vtiger_spstatus,color,,,,varchar(10),нет,0,,,—,entityDefs options,справочник значений пикл-листа,count,переносится как опции enum в метаданных EspoCRM (фактически используемые значения — в source-inventory),предложено,проверено SQL 2026-09-29,,этап 04.x: справочник финансового модуля
,vtiger_spstatus_seq,id,,,,int,нет,1,,,—,—,последовательность,count,не переносится: счётчики EspoCRM свои; следующий номер документов задаётся настройкой нумерации,предложено,проверено SQL 2026-09-29,,—
,vtiger_start_hour,start_hourid,,,,int,нет,24,,,—,—,пользовательские настройки,count,не переносится: настройки Preferences EspoCRM,предложено,проверено SQL 2026-09-29,,—
,vtiger_start_hour,start_hour,,,,varchar(200),нет,24,,,—,—,пользовательские настройки,count,не переносится: настройки Preferences EspoCRM,предложено,проверено SQL 2026-09-29,,—
,vtiger_start_hour,sortorderid,,,,int,нет,24,,,—,—,пользовательские настройки,count,не переносится: настройки Preferences EspoCRM,предложено,проверено SQL 2026-09-29,,—
,vtiger_start_hour,presence,,,,int,нет,24,,,—,—,пользовательские настройки,count,не переносится: настройки Preferences EspoCRM,предложено,проверено SQL 2026-09-29,,—
,vtiger_start_hour_seq,id,,,,int,нет,1,,,—,—,последовательность,count,не переносится: счётчики EspoCRM свои; следующий номер документов задаётся настройкой нумерации,предложено,проверено SQL 2026-09-29,,—
,vtiger_status,statusid,,,,int,нет,2,,,—,entityDefs options,справочник значений пикл-листа,count,переносится как опции enum в метаданных EspoCRM (фактически используемые значения — в source-inventory),предложено,проверено SQL 2026-09-29,,статус пользователя → User.isActive
,vtiger_status,status,,,,varchar(200),нет,2,,,—,entityDefs options,справочник значений пикл-листа,count,переносится как опции enum в метаданных EspoCRM (фактически используемые значения — в source-inventory),предложено,проверено SQL 2026-09-29,,статус пользователя → User.isActive
,vtiger_status,presence,,,,int,нет,2,,,—,entityDefs options,справочник значений пикл-листа,count,переносится как опции enum в метаданных EspoCRM (фактически используемые значения — в source-inventory),предложено,проверено SQL 2026-09-29,,статус пользователя → User.isActive
,vtiger_status,picklist_valueid,,,,int,нет,2,,,—,entityDefs options,справочник значений пикл-листа,count,переносится как опции enum в метаданных EspoCRM (фактически используемые значения — в source-inventory),предложено,проверено SQL 2026-09-29,,статус пользователя → User.isActive
,vtiger_status_seq,id,,,,int,нет,1,,,—,—,последовательность,count,не переносится: счётчики EspoCRM свои; следующий номер документов задаётся настройкой нумерации,предложено,проверено SQL 2026-09-29,,—
,vtiger_systems,id,,,,int,нет,1,,,—,—,метаданные/настройки Vtiger,count,не переносится: используется как источник проектирования модели и настроек,предложено,проверено SQL 2026-09-29,,—
,vtiger_systems,server,,,,varchar(100),нет,1,,,—,—,метаданные/настройки Vtiger,count,не переносится: используется как источник проектирования модели и настроек,предложено,проверено SQL 2026-09-29,,—
,vtiger_systems,server_port,,,,int,нет,1,,,—,—,метаданные/настройки Vtiger,count,не переносится: используется как источник проектирования модели и настроек,предложено,проверено SQL 2026-09-29,,—
,vtiger_systems,server_username,,,,varchar(100),нет,1,,,—,—,метаданные/настройки Vtiger,count,не переносится: используется как источник проектирования модели и настроек,предложено,проверено SQL 2026-09-29,,—
,vtiger_systems,server_password,,,,varchar(100),нет,1,,,—,—,метаданные/настройки Vtiger,count,не переносится: используется как источник проектирования модели и настроек,предложено,проверено SQL 2026-09-29,,—
,vtiger_systems,server_type,,,,varchar(20),нет,1,,,—,—,метаданные/настройки Vtiger,count,не переносится: используется как источник проектирования модели и настроек,предложено,проверено SQL 2026-09-29,,—
,vtiger_systems,smtp_auth,,,,varchar(5),нет,1,,,—,—,метаданные/настройки Vtiger,count,не переносится: используется как источник проектирования модели и настроек,предложено,проверено SQL 2026-09-29,,—
,vtiger_systems,server_path,,,,varchar(256),нет,0,,,—,—,метаданные/настройки Vtiger,count,не переносится: используется как источник проектирования модели и настроек,предложено,проверено SQL 2026-09-29,,—
,vtiger_systems,from_email_field,,,,varchar(50),нет,1,,,—,—,метаданные/настройки Vtiger,count,не переносится: используется как источник проектирования модели и настроек,предложено,проверено SQL 2026-09-29,,—
,vtiger_systems,server_tls,,,,varchar(20),нет,1,,,—,—,метаданные/настройки Vtiger,count,не переносится: используется как источник проектирования модели и настроек,предложено,проверено SQL 2026-09-29,,—
,vtiger_systems,from_name,,,,varchar(200),нет,1,,,—,—,метаданные/настройки Vtiger,count,не переносится: используется как источник проектирования модели и настроек,предложено,проверено SQL 2026-09-29,,—
,vtiger_systems,use_sendmail,,,,varchar(5),нет,0,,,—,—,метаданные/настройки Vtiger,count,не переносится: используется как источник проектирования модели и настроек,предложено,проверено SQL 2026-09-29,,—
,vtiger_systems,use_mail_account,,,,varchar(5),нет,1,,,—,—,метаданные/настройки Vtiger,count,не переносится: используется как источник проектирования модели и настроек,предложено,проверено SQL 2026-09-29,,—
,vtiger_systems_seq,id,,,,int,нет,1,,,—,—,последовательность,count,не переносится: счётчики EspoCRM свои; следующий номер документов задаётся настройкой нумерации,предложено,проверено SQL 2026-09-29,,—
,vtiger_tab,tabid,,,,int,нет,106,,,—,—,метаданные/настройки Vtiger,count,не переносится: используется как источник проектирования модели и настроек,предложено,проверено SQL 2026-09-29,,—
,vtiger_tab,name,,,,varchar(25),нет,106,,,—,—,метаданные/настройки Vtiger,count,не переносится: используется как источник проектирования модели и настроек,предложено,проверено SQL 2026-09-29,,—
,vtiger_tab,presence,,,,int,нет,106,,,—,—,метаданные/настройки Vtiger,count,не переносится: используется как источник проектирования модели и настроек,предложено,проверено SQL 2026-09-29,,—
,vtiger_tab,tabsequence,,,,int,нет,106,,,—,—,метаданные/настройки Vtiger,count,не переносится: используется как источник проектирования модели и настроек,предложено,проверено SQL 2026-09-29,,—
,vtiger_tab,tablabel,,,,varchar(100),нет,106,,,—,—,метаданные/настройки Vtiger,count,не переносится: используется как источник проектирования модели и настроек,предложено,проверено SQL 2026-09-29,,—
,vtiger_tab,modifiedby,,,,int,нет,0,,,—,—,метаданные/настройки Vtiger,count,не переносится: используется как источник проектирования модели и настроек,предложено,проверено SQL 2026-09-29,,—
,vtiger_tab,modifiedtime,,,,int,нет,0,,,—,—,метаданные/настройки Vtiger,count,не переносится: используется как источник проектирования модели и настроек,предложено,проверено SQL 2026-09-29,,—
,vtiger_tab,customized,,,,int,нет,106,,,—,—,метаданные/настройки Vtiger,count,не переносится: используется как источник проектирования модели и настроек,предложено,проверено SQL 2026-09-29,,—
,vtiger_tab,ownedby,,,,int,нет,106,,,—,—,метаданные/настройки Vtiger,count,не переносится: используется как источник проектирования модели и настроек,предложено,проверено SQL 2026-09-29,,—
,vtiger_tab,isentitytype,,,,int,нет,106,,,—,—,метаданные/настройки Vtiger,count,не переносится: используется как источник проектирования модели и настроек,предложено,проверено SQL 2026-09-29,,—
,vtiger_tab,trial,,,,int,нет,106,,,—,—,метаданные/настройки Vtiger,count,не переносится: используется как источник проектирования модели и настроек,предложено,проверено SQL 2026-09-29,,—
,vtiger_tab,version,,,,varchar(10),нет,80,,,—,—,метаданные/настройки Vtiger,count,не переносится: используется как источник проектирования модели и настроек,предложено,проверено SQL 2026-09-29,,—
,vtiger_tab,parent,,,,varchar(30),нет,47,,,—,—,метаданные/настройки Vtiger,count,не переносится: используется как источник проектирования модели и настроек,предложено,проверено SQL 2026-09-29,,—
,vtiger_tab,source,,,,varchar(255),нет,47,,,—,—,метаданные/настройки Vtiger,count,не переносится: используется как источник проектирования модели и настроек,предложено,проверено SQL 2026-09-29,,—
,vtiger_tab,issyncable,,,,tinyint(1),нет,106,,,—,—,метаданные/настройки Vtiger,count,не переносится: используется как источник проектирования модели и настроек,предложено,проверено SQL 2026-09-29,,—
,vtiger_tab,allowduplicates,,,,tinyint(1),нет,106,,,—,—,метаданные/настройки Vtiger,count,не переносится: используется как источник проектирования модели и настроек,предложено,проверено SQL 2026-09-29,,—
,vtiger_tab,sync_action_for_duplicates,,,,int,нет,106,,,—,—,метаданные/настройки Vtiger,count,не переносится: используется как источник проектирования модели и настроек,предложено,проверено SQL 2026-09-29,,—
,vtiger_tab_info,tabid,,,,int,нет,146,,,—,—,метаданные/настройки Vtiger,count,не переносится: используется как источник проектирования модели и настроек,предложено,проверено SQL 2026-09-29,,—
,vtiger_tab_info,prefname,,,,varchar(256),нет,146,,,—,—,метаданные/настройки Vtiger,count,не переносится: используется как источник проектирования модели и настроек,предложено,проверено SQL 2026-09-29,,—
,vtiger_tab_info,prefvalue,,,,varchar(256),нет,146,,,—,—,метаданные/настройки Vtiger,count,не переносится: используется как источник проектирования модели и настроек,предложено,проверено SQL 2026-09-29,,—
,vtiger_taskpriority,taskpriorityid,,,,int,нет,3,,,—,entityDefs options,справочник значений пикл-листа,count,переносится как опции enum в метаданных EspoCRM (фактически используемые значения — в source-inventory),реализовано (этап 03),проверено SQL 2026-09-29,,"ok: опции Task.priority (metadata/vtigerValueMap, D-19, Q-32)"
,vtiger_taskpriority,taskpriority,,,,varchar(200),нет,3,,,—,entityDefs options,справочник значений пикл-листа,count,переносится как опции enum в метаданных EspoCRM (фактически используемые значения — в source-inventory),реализовано (этап 03),проверено SQL 2026-09-29,,"ok: опции Task.priority (metadata/vtigerValueMap, D-19, Q-32)"
,vtiger_taskpriority,presence,,,,int,нет,3,,,—,entityDefs options,справочник значений пикл-листа,count,переносится как опции enum в метаданных EspoCRM (фактически используемые значения — в source-inventory),реализовано (этап 03),проверено SQL 2026-09-29,,"ok: опции Task.priority (metadata/vtigerValueMap, D-19, Q-32)"
,vtiger_taskpriority,picklist_valueid,,,,int,нет,3,,,—,entityDefs options,справочник значений пикл-листа,count,переносится как опции enum в метаданных EspoCRM (фактически используемые значения — в source-inventory),реализовано (этап 03),проверено SQL 2026-09-29,,"ok: опции Task.priority (metadata/vtigerValueMap, D-19, Q-32)"
,vtiger_taskpriority,sortorderid,,,,int,нет,3,,,—,entityDefs options,справочник значений пикл-листа,count,переносится как опции enum в метаданных EspoCRM (фактически используемые значения — в source-inventory),реализовано (этап 03),проверено SQL 2026-09-29,,"ok: опции Task.priority (metadata/vtigerValueMap, D-19, Q-32)"
,vtiger_taskpriority,color,,,,varchar(10),нет,0,,,—,entityDefs options,справочник значений пикл-листа,count,переносится как опции enum в метаданных EspoCRM (фактически используемые значения — в source-inventory),реализовано (этап 03),проверено SQL 2026-09-29,,"ok: опции Task.priority (metadata/vtigerValueMap, D-19, Q-32)"
,vtiger_taskpriority_seq,id,,,,int,нет,1,,,—,—,последовательность,count,не переносится: счётчики EspoCRM свои; следующий номер документов задаётся настройкой нумерации,предложено,проверено SQL 2026-09-29,,—
,vtiger_taskstatus,taskstatusid,,,,int,нет,6,,,—,entityDefs options,справочник значений пикл-листа,count,переносится как опции enum в метаданных EspoCRM (фактически используемые значения — в source-inventory),реализовано (этап 03),проверено SQL 2026-09-29,,"ok: опции Task.status (metadata/vtigerValueMap, D-19, Q-32)"
,vtiger_taskstatus,taskstatus,,,,varchar(200),нет,6,,,—,entityDefs options,справочник значений пикл-листа,count,переносится как опции enum в метаданных EspoCRM (фактически используемые значения — в source-inventory),реализовано (этап 03),проверено SQL 2026-09-29,,"ok: опции Task.status (metadata/vtigerValueMap, D-19, Q-32)"
,vtiger_taskstatus,presence,,,,int,нет,6,,,—,entityDefs options,справочник значений пикл-листа,count,переносится как опции enum в метаданных EspoCRM (фактически используемые значения — в source-inventory),реализовано (этап 03),проверено SQL 2026-09-29,,"ok: опции Task.status (metadata/vtigerValueMap, D-19, Q-32)"
,vtiger_taskstatus,picklist_valueid,,,,int,нет,6,,,—,entityDefs options,справочник значений пикл-листа,count,переносится как опции enum в метаданных EspoCRM (фактически используемые значения — в source-inventory),реализовано (этап 03),проверено SQL 2026-09-29,,"ok: опции Task.status (metadata/vtigerValueMap, D-19, Q-32)"
,vtiger_taskstatus,sortorderid,,,,int,нет,6,,,—,entityDefs options,справочник значений пикл-листа,count,переносится как опции enum в метаданных EspoCRM (фактически используемые значения — в source-inventory),реализовано (этап 03),проверено SQL 2026-09-29,,"ok: опции Task.status (metadata/vtigerValueMap, D-19, Q-32)"
,vtiger_taskstatus,color,,,,varchar(10),нет,0,,,—,entityDefs options,справочник значений пикл-листа,count,переносится как опции enum в метаданных EspoCRM (фактически используемые значения — в source-inventory),реализовано (этап 03),проверено SQL 2026-09-29,,"ok: опции Task.status (metadata/vtigerValueMap, D-19, Q-32)"
,vtiger_taskstatus_seq,id,,,,int,нет,1,,,—,—,последовательность,count,не переносится: счётчики EspoCRM свои; следующий номер документов задаётся настройкой нумерации,предложено,проверено SQL 2026-09-29,,—
,vtiger_taxclass,taxclassid,,,,int,нет,2,,,—,config,финансовые настройки,count,"переносится как конфигурация (валюта RUB, НДС 18% исторически)",предложено,проверено SQL 2026-09-29,,"настройки EspoCRM (валюта RUB, D-37)"
,vtiger_taxclass,taxclass,,,,varchar(200),нет,2,,,—,config,финансовые настройки,count,"переносится как конфигурация (валюта RUB, НДС 18% исторически)",предложено,проверено SQL 2026-09-29,,"настройки EspoCRM (валюта RUB, D-37)"
,vtiger_taxclass,sortorderid,,,,int,нет,2,,,—,config,финансовые настройки,count,"переносится как конфигурация (валюта RUB, НДС 18% исторически)",предложено,проверено SQL 2026-09-29,,"настройки EspoCRM (валюта RUB, D-37)"
,vtiger_taxclass,presence,,,,int,нет,2,,,—,config,финансовые настройки,count,"переносится как конфигурация (валюта RUB, НДС 18% исторически)",предложено,проверено SQL 2026-09-29,,"настройки EspoCRM (валюта RUB, D-37)"
,vtiger_taxclass_seq,id,,,,int,нет,1,,,—,—,последовательность,count,не переносится: счётчики EspoCRM свои; следующий номер документов задаётся настройкой нумерации,предложено,проверено SQL 2026-09-29,,—
,vtiger_ticketcategories,ticketcategories_id,,,,int,нет,3,,,—,entityDefs options,справочник значений пикл-листа,count,переносится как опции enum в метаданных EspoCRM (фактически используемые значения — в source-inventory),реализовано (этап 03),проверено SQL 2026-09-29,,"ok: опции Case.type (metadata/vtigerValueMap, D-19, Q-32)"
,vtiger_ticketcategories,ticketcategories,,,,varchar(200),нет,3,,,—,entityDefs options,справочник значений пикл-листа,count,переносится как опции enum в метаданных EspoCRM (фактически используемые значения — в source-inventory),реализовано (этап 03),проверено SQL 2026-09-29,,"ok: опции Case.type (metadata/vtigerValueMap, D-19, Q-32)"
,vtiger_ticketcategories,presence,,,,int,нет,3,,,—,entityDefs options,справочник значений пикл-листа,count,переносится как опции enum в метаданных EspoCRM (фактически используемые значения — в source-inventory),реализовано (этап 03),проверено SQL 2026-09-29,,"ok: опции Case.type (metadata/vtigerValueMap, D-19, Q-32)"
,vtiger_ticketcategories,picklist_valueid,,,,int,нет,3,,,—,entityDefs options,справочник значений пикл-листа,count,переносится как опции enum в метаданных EspoCRM (фактически используемые значения — в source-inventory),реализовано (этап 03),проверено SQL 2026-09-29,,"ok: опции Case.type (metadata/vtigerValueMap, D-19, Q-32)"
,vtiger_ticketcategories,sortorderid,,,,int,нет,3,,,—,entityDefs options,справочник значений пикл-листа,count,переносится как опции enum в метаданных EspoCRM (фактически используемые значения — в source-inventory),реализовано (этап 03),проверено SQL 2026-09-29,,"ok: опции Case.type (metadata/vtigerValueMap, D-19, Q-32)"
,vtiger_ticketcategories,color,,,,varchar(10),нет,0,,,—,entityDefs options,справочник значений пикл-листа,count,переносится как опции enum в метаданных EspoCRM (фактически используемые значения — в source-inventory),реализовано (этап 03),проверено SQL 2026-09-29,,"ok: опции Case.type (metadata/vtigerValueMap, D-19, Q-32)"
,vtiger_ticketcategories_seq,id,,,,int,нет,1,,,—,—,последовательность,count,не переносится: счётчики EspoCRM свои; следующий номер документов задаётся настройкой нумерации,предложено,проверено SQL 2026-09-29,,—
,vtiger_ticketcf,ticketid,,,,int,нет,59,45,45,—,(ключ записи),первичный ключ модульной таблицы = crmid,count,перенос,предложено,проверено SQL 2026-09-29,,ключ записи → vtigerId
,vtiger_ticketpriorities,ticketpriorities_id,,,,int,нет,4,,,—,entityDefs options,справочник значений пикл-листа,count,переносится как опции enum в метаданных EspoCRM (фактически используемые значения — в source-inventory),реализовано (этап 03),проверено SQL 2026-09-29,,"ok: опции Case.priority (metadata/vtigerValueMap, D-19, Q-32)"
,vtiger_ticketpriorities,ticketpriorities,,,,varchar(200),нет,4,,,—,entityDefs options,справочник значений пикл-листа,count,переносится как опции enum в метаданных EspoCRM (фактически используемые значения — в source-inventory),реализовано (этап 03),проверено SQL 2026-09-29,,"ok: опции Case.priority (metadata/vtigerValueMap, D-19, Q-32)"
,vtiger_ticketpriorities,presence,,,,int,нет,4,,,—,entityDefs options,справочник значений пикл-листа,count,переносится как опции enum в метаданных EspoCRM (фактически используемые значения — в source-inventory),реализовано (этап 03),проверено SQL 2026-09-29,,"ok: опции Case.priority (metadata/vtigerValueMap, D-19, Q-32)"
,vtiger_ticketpriorities,picklist_valueid,,,,int,нет,4,,,—,entityDefs options,справочник значений пикл-листа,count,переносится как опции enum в метаданных EspoCRM (фактически используемые значения — в source-inventory),реализовано (этап 03),проверено SQL 2026-09-29,,"ok: опции Case.priority (metadata/vtigerValueMap, D-19, Q-32)"
,vtiger_ticketpriorities,sortorderid,,,,int,нет,4,,,—,entityDefs options,справочник значений пикл-листа,count,переносится как опции enum в метаданных EspoCRM (фактически используемые значения — в source-inventory),реализовано (этап 03),проверено SQL 2026-09-29,,"ok: опции Case.priority (metadata/vtigerValueMap, D-19, Q-32)"
,vtiger_ticketpriorities,color,,,,varchar(10),нет,0,,,—,entityDefs options,справочник значений пикл-листа,count,переносится как опции enum в метаданных EspoCRM (фактически используемые значения — в source-inventory),реализовано (этап 03),проверено SQL 2026-09-29,,"ok: опции Case.priority (metadata/vtigerValueMap, D-19, Q-32)"
,vtiger_ticketpriorities_seq,id,,,,int,нет,1,,,—,—,последовательность,count,не переносится: счётчики EspoCRM свои; следующий номер документов задаётся настройкой нумерации,предложено,проверено SQL 2026-09-29,,—
,vtiger_ticketseverities,ticketseverities_id,,,,int,нет,5,,,—,entityDefs options,справочник значений пикл-листа,count,переносится как опции enum в метаданных EspoCRM (фактически используемые значения — в source-inventory),реализовано (этап 03),проверено SQL 2026-09-29,,"ok: опции Case.cSeverity (metadata/vtigerValueMap, D-19, Q-32)"
,vtiger_ticketseverities,ticketseverities,,,,varchar(200),нет,5,,,—,entityDefs options,справочник значений пикл-листа,count,переносится как опции enum в метаданных EspoCRM (фактически используемые значения — в source-inventory),реализовано (этап 03),проверено SQL 2026-09-29,,"ok: опции Case.cSeverity (metadata/vtigerValueMap, D-19, Q-32)"
,vtiger_ticketseverities,presence,,,,int,нет,5,,,—,entityDefs options,справочник значений пикл-листа,count,переносится как опции enum в метаданных EspoCRM (фактически используемые значения — в source-inventory),реализовано (этап 03),проверено SQL 2026-09-29,,"ok: опции Case.cSeverity (metadata/vtigerValueMap, D-19, Q-32)"
,vtiger_ticketseverities,picklist_valueid,,,,int,нет,5,,,—,entityDefs options,справочник значений пикл-листа,count,переносится как опции enum в метаданных EspoCRM (фактически используемые значения — в source-inventory),реализовано (этап 03),проверено SQL 2026-09-29,,"ok: опции Case.cSeverity (metadata/vtigerValueMap, D-19, Q-32)"
,vtiger_ticketseverities,sortorderid,,,,int,нет,5,,,—,entityDefs options,справочник значений пикл-листа,count,переносится как опции enum в метаданных EspoCRM (фактически используемые значения — в source-inventory),реализовано (этап 03),проверено SQL 2026-09-29,,"ok: опции Case.cSeverity (metadata/vtigerValueMap, D-19, Q-32)"
,vtiger_ticketseverities,color,,,,varchar(10),нет,0,,,—,entityDefs options,справочник значений пикл-листа,count,переносится как опции enum в метаданных EspoCRM (фактически используемые значения — в source-inventory),реализовано (этап 03),проверено SQL 2026-09-29,,"ok: опции Case.cSeverity (metadata/vtigerValueMap, D-19, Q-32)"
,vtiger_ticketseverities_seq,id,,,,int,нет,1,,,—,—,последовательность,count,не переносится: счётчики EspoCRM свои; следующий номер документов задаётся настройкой нумерации,предложено,проверено SQL 2026-09-29,,—
,vtiger_ticketstatus,ticketstatus_id,,,,int,нет,4,,,—,entityDefs options,справочник значений пикл-листа,count,переносится как опции enum в метаданных EspoCRM (фактически используемые значения — в source-inventory),реализовано (этап 03),проверено SQL 2026-09-29,,"ok: опции Case.status (metadata/vtigerValueMap, D-19, Q-32)"
,vtiger_ticketstatus,ticketstatus,,,,varchar(200),нет,4,,,—,entityDefs options,справочник значений пикл-листа,count,переносится как опции enum в метаданных EspoCRM (фактически используемые значения — в source-inventory),реализовано (этап 03),проверено SQL 2026-09-29,,"ok: опции Case.status (metadata/vtigerValueMap, D-19, Q-32)"
,vtiger_ticketstatus,presence,,,,int,нет,4,,,—,entityDefs options,справочник значений пикл-листа,count,переносится как опции enum в метаданных EspoCRM (фактически используемые значения — в source-inventory),реализовано (этап 03),проверено SQL 2026-09-29,,"ok: опции Case.status (metadata/vtigerValueMap, D-19, Q-32)"
,vtiger_ticketstatus,picklist_valueid,,,,int,нет,4,,,—,entityDefs options,справочник значений пикл-листа,count,переносится как опции enum в метаданных EspoCRM (фактически используемые значения — в source-inventory),реализовано (этап 03),проверено SQL 2026-09-29,,"ok: опции Case.status (metadata/vtigerValueMap, D-19, Q-32)"
,vtiger_ticketstatus,sortorderid,,,,int,нет,4,,,—,entityDefs options,справочник значений пикл-листа,count,переносится как опции enum в метаданных EspoCRM (фактически используемые значения — в source-inventory),реализовано (этап 03),проверено SQL 2026-09-29,,"ok: опции Case.status (metadata/vtigerValueMap, D-19, Q-32)"
,vtiger_ticketstatus,color,,,,varchar(10),нет,0,,,—,entityDefs options,справочник значений пикл-листа,count,переносится как опции enum в метаданных EspoCRM (фактически используемые значения — в source-inventory),реализовано (этап 03),проверено SQL 2026-09-29,,"ok: опции Case.status (metadata/vtigerValueMap, D-19, Q-32)"
,vtiger_ticketstatus_seq,id,,,,int,нет,1,,,—,—,последовательность,count,не переносится: счётчики EspoCRM свои; следующий номер документов задаётся настройкой нумерации,предложено,проверено SQL 2026-09-29,,—
,vtiger_time_zone,time_zoneid,,,,int,нет,97,,,—,—,пользовательские настройки,count,не переносится: настройки Preferences EspoCRM,предложено,проверено SQL 2026-09-29,,—
,vtiger_time_zone,time_zone,,,,varchar(200),нет,97,,,—,—,пользовательские настройки,count,не переносится: настройки Preferences EspoCRM,предложено,проверено SQL 2026-09-29,,—
,vtiger_time_zone,sortorderid,,,,int,нет,97,,,—,—,пользовательские настройки,count,не переносится: настройки Preferences EspoCRM,предложено,проверено SQL 2026-09-29,,—
,vtiger_time_zone,presence,,,,int,нет,97,,,—,—,пользовательские настройки,count,не переносится: настройки Preferences EspoCRM,предложено,проверено SQL 2026-09-29,,—
,vtiger_time_zone_seq,id,,,,int,нет,1,,,—,—,последовательность,count,не переносится: счётчики EspoCRM свои; следующий номер документов задаётся настройкой нумерации,предложено,проверено SQL 2026-09-29,,—
,vtiger_tmp_read_user_sharing_per,userid,,,,int,нет,9,,,—,Role/Team,ACL,count,не переносится как данные: права воспроизводятся ролями/командами EspoCRM по module-decisions.md,предложено,проверено SQL 2026-09-29,,—
,vtiger_tmp_read_user_sharing_per,tabid,,,,int,нет,9,,,—,Role/Team,ACL,count,не переносится как данные: права воспроизводятся ролями/командами EspoCRM по module-decisions.md,предложено,проверено SQL 2026-09-29,,—
,vtiger_tmp_read_user_sharing_per,shareduserid,,,,int,нет,9,,,—,Role/Team,ACL,count,не переносится как данные: права воспроизводятся ролями/командами EspoCRM по module-decisions.md,предложено,проверено SQL 2026-09-29,,—
,vtiger_tmp_write_user_sharing_per,userid,,,,int,нет,9,,,—,Role/Team,ACL,count,не переносится как данные: права воспроизводятся ролями/командами EspoCRM по module-decisions.md,предложено,проверено SQL 2026-09-29,,—
,vtiger_tmp_write_user_sharing_per,tabid,,,,int,нет,9,,,—,Role/Team,ACL,count,не переносится как данные: права воспроизводятся ролями/командами EspoCRM по module-decisions.md,предложено,проверено SQL 2026-09-29,,—
,vtiger_tmp_write_user_sharing_per,shareduserid,,,,int,нет,9,,,—,Role/Team,ACL,count,не переносится как данные: права воспроизводятся ролями/командами EspoCRM по module-decisions.md,предложено,проверено SQL 2026-09-29,,—
,vtiger_tracking_unit,tracking_unitid,,,,int,нет,3,,,—,entityDefs options,справочник значений пикл-листа,count,переносится как опции enum в метаданных EspoCRM (фактически используемые значения — в source-inventory),предложено,проверено SQL 2026-09-29,,архив: исходные значения в VtigerArchive.data (enum не создаётся)
,vtiger_tracking_unit,tracking_unit,,,,varchar(200),нет,3,,,—,entityDefs options,справочник значений пикл-листа,count,переносится как опции enum в метаданных EspoCRM (фактически используемые значения — в source-inventory),предложено,проверено SQL 2026-09-29,,архив: исходные значения в VtigerArchive.data (enum не создаётся)
,vtiger_tracking_unit,presence,,,,int,нет,3,,,—,entityDefs options,справочник значений пикл-листа,count,переносится как опции enum в метаданных EspoCRM (фактически используемые значения — в source-inventory),предложено,проверено SQL 2026-09-29,,архив: исходные значения в VtigerArchive.data (enum не создаётся)
,vtiger_tracking_unit,picklist_valueid,,,,int,нет,3,,,—,entityDefs options,справочник значений пикл-листа,count,переносится как опции enum в метаданных EspoCRM (фактически используемые значения — в source-inventory),предложено,проверено SQL 2026-09-29,,архив: исходные значения в VtigerArchive.data (enum не создаётся)
,vtiger_tracking_unit,sortorderid,,,,int,нет,3,,,—,entityDefs options,справочник значений пикл-листа,count,переносится как опции enum в метаданных EspoCRM (фактически используемые значения — в source-inventory),предложено,проверено SQL 2026-09-29,,архив: исходные значения в VtigerArchive.data (enum не создаётся)
,vtiger_tracking_unit,color,,,,varchar(10),нет,0,,,—,entityDefs options,справочник значений пикл-листа,count,переносится как опции enum в метаданных EspoCRM (фактически используемые значения — в source-inventory),предложено,проверено SQL 2026-09-29,,архив: исходные значения в VtigerArchive.data (enum не создаётся)
,vtiger_tracking_unit_seq,id,,,,int,нет,1,,,—,—,последовательность,count,не переносится: счётчики EspoCRM свои; следующий номер документов задаётся настройкой нумерации,предложено,проверено SQL 2026-09-29,,—
,vtiger_troubletickets,ticketid,,,,int,нет,59,45,45,—,(ключ записи),первичный ключ модульной таблицы = crmid,count,перенос,предложено,проверено SQL 2026-09-29,,ключ записи → vtigerId
,vtiger_troubletickets,groupname,,,,varchar(100),нет,0,45,0,—,—,нет данных,count,пусто — данных нет,предложено,проверено SQL 2026-09-29,,—
,vtiger_troubletickets,version_id,,,,int,нет,0,45,0,—,—,нет данных,count,пусто — данных нет,предложено,проверено SQL 2026-09-29,,—
,vtiger_tw_status,tw_statusid,,,,int,нет,2,,,—,entityDefs options,справочник значений пикл-листа,count,переносится как опции enum в метаданных EspoCRM (фактически используемые значения — в source-inventory),предложено,проверено SQL 2026-09-29,,"не используется: поле без данных, служебное или модуль без записей"
,vtiger_tw_status,tw_status,,,,varchar(200),нет,2,,,—,entityDefs options,справочник значений пикл-листа,count,переносится как опции enum в метаданных EspoCRM (фактически используемые значения — в source-inventory),предложено,проверено SQL 2026-09-29,,"не используется: поле без данных, служебное или модуль без записей"
,vtiger_tw_status,presence,,,,int,нет,2,,,—,entityDefs options,справочник значений пикл-листа,count,переносится как опции enum в метаданных EspoCRM (фактически используемые значения — в source-inventory),предложено,проверено SQL 2026-09-29,,"не используется: поле без данных, служебное или модуль без записей"
,vtiger_tw_status,picklist_valueid,,,,int,нет,2,,,—,entityDefs options,справочник значений пикл-листа,count,переносится как опции enum в метаданных EspoCRM (фактически используемые значения — в source-inventory),предложено,проверено SQL 2026-09-29,,"не используется: поле без данных, служебное или модуль без записей"
,vtiger_tw_status,sortorderid,,,,int,нет,2,,,—,entityDefs options,справочник значений пикл-листа,count,переносится как опции enum в метаданных EspoCRM (фактически используемые значения — в source-inventory),предложено,проверено SQL 2026-09-29,,"не используется: поле без данных, служебное или модуль без записей"
,vtiger_tw_status,color,,,,varchar(10),нет,0,,,—,entityDefs options,справочник значений пикл-листа,count,переносится как опции enum в метаданных EspoCRM (фактически используемые значения — в source-inventory),предложено,проверено SQL 2026-09-29,,"не используется: поле без данных, служебное или модуль без записей"
,vtiger_tw_status_seq,id,,,,int,нет,1,,,—,—,последовательность,count,не переносится: счётчики EspoCRM свои; следующий номер документов задаётся настройкой нумерации,предложено,проверено SQL 2026-09-29,,—
,vtiger_type,typeid,,,,int,нет,2,,,—,entityDefs options,справочник значений пикл-листа,count,переносится как опции enum в метаданных EspoCRM (фактически используемые значения — в source-inventory),предложено,проверено SQL 2026-09-29,,архив: исходные значения в VtigerArchive.data (enum не создаётся)
,vtiger_type,type,,,,varchar(200),нет,2,,,—,entityDefs options,справочник значений пикл-листа,count,переносится как опции enum в метаданных EspoCRM (фактически используемые значения — в source-inventory),предложено,проверено SQL 2026-09-29,,архив: исходные значения в VtigerArchive.data (enum не создаётся)
,vtiger_type,presence,,,,int,нет,2,,,—,entityDefs options,справочник значений пикл-листа,count,переносится как опции enum в метаданных EspoCRM (фактически используемые значения — в source-inventory),предложено,проверено SQL 2026-09-29,,архив: исходные значения в VtigerArchive.data (enum не создаётся)
,vtiger_type,picklist_valueid,,,,int,нет,2,,,—,entityDefs options,справочник значений пикл-листа,count,переносится как опции enum в метаданных EspoCRM (фактически используемые значения — в source-inventory),предложено,проверено SQL 2026-09-29,,архив: исходные значения в VtigerArchive.data (enum не создаётся)
,vtiger_type,sortorderid,,,,int,нет,2,,,—,entityDefs options,справочник значений пикл-листа,count,переносится как опции enum в метаданных EspoCRM (фактически используемые значения — в source-inventory),предложено,проверено SQL 2026-09-29,,архив: исходные значения в VtigerArchive.data (enum не создаётся)
,vtiger_type,color,,,,varchar(10),нет,0,,,—,entityDefs options,справочник значений пикл-листа,count,переносится как опции enum в метаданных EspoCRM (фактически используемые значения — в source-inventory),предложено,проверено SQL 2026-09-29,,архив: исходные значения в VtigerArchive.data (enum не создаётся)
,vtiger_type_payment,type_paymentid,,,,int,нет,2,,,—,entityDefs options,справочник значений пикл-листа,count,переносится как опции enum в метаданных EspoCRM (фактически используемые значения — в source-inventory),предложено,проверено SQL 2026-09-29,,этап 04.x: справочник финансового модуля
,vtiger_type_payment,type_payment,,,,varchar(200),нет,2,,,—,entityDefs options,справочник значений пикл-листа,count,переносится как опции enum в метаданных EspoCRM (фактически используемые значения — в source-inventory),предложено,проверено SQL 2026-09-29,,этап 04.x: справочник финансового модуля
,vtiger_type_payment,presence,,,,int,нет,2,,,—,entityDefs options,справочник значений пикл-листа,count,переносится как опции enum в метаданных EspoCRM (фактически используемые значения — в source-inventory),предложено,проверено SQL 2026-09-29,,этап 04.x: справочник финансового модуля
,vtiger_type_payment,picklist_valueid,,,,int,нет,2,,,—,entityDefs options,справочник значений пикл-листа,count,переносится как опции enum в метаданных EspoCRM (фактически используемые значения — в source-inventory),предложено,проверено SQL 2026-09-29,,этап 04.x: справочник финансового модуля
,vtiger_type_payment,sortorderid,,,,int,нет,2,,,—,entityDefs options,справочник значений пикл-листа,count,переносится как опции enum в метаданных EspoCRM (фактически используемые значения — в source-inventory),предложено,проверено SQL 2026-09-29,,этап 04.x: справочник финансового модуля
,vtiger_type_payment,color,,,,varchar(10),нет,0,,,—,entityDefs options,справочник значений пикл-листа,count,переносится как опции enum в метаданных EspoCRM (фактически используемые значения — в source-inventory),предложено,проверено SQL 2026-09-29,,этап 04.x: справочник финансового модуля
,vtiger_type_payment_seq,id,,,,int,нет,1,,,—,—,последовательность,count,не переносится: счётчики EspoCRM свои; следующий номер документов задаётся настройкой нумерации,предложено,проверено SQL 2026-09-29,,—
,vtiger_type_seq,id,,,,int,нет,1,,,—,—,последовательность,count,не переносится: счётчики EspoCRM свои; следующий номер документов задаётся настройкой нумерации,предложено,проверено SQL 2026-09-29,,—
,vtiger_usageunit,usageunitid,,,,int,нет,16,,,—,entityDefs options,справочник значений пикл-листа,count,переносится как опции enum в метаданных EspoCRM (фактически используемые значения — в source-inventory),реализовано (этап 03),проверено SQL 2026-09-29,,"ok: опции Product.unit (metadata/vtigerValueMap, D-19, Q-32)"
,vtiger_usageunit,usageunit,,,,varchar(200),нет,16,,,—,entityDefs options,справочник значений пикл-листа,count,переносится как опции enum в метаданных EspoCRM (фактически используемые значения — в source-inventory),реализовано (этап 03),проверено SQL 2026-09-29,,"ok: опции Product.unit (metadata/vtigerValueMap, D-19, Q-32)"
,vtiger_usageunit,presence,,,,int,нет,16,,,—,entityDefs options,справочник значений пикл-листа,count,переносится как опции enum в метаданных EspoCRM (фактически используемые значения — в source-inventory),реализовано (этап 03),проверено SQL 2026-09-29,,"ok: опции Product.unit (metadata/vtigerValueMap, D-19, Q-32)"
,vtiger_usageunit,picklist_valueid,,,,int,нет,16,,,—,entityDefs options,справочник значений пикл-листа,count,переносится как опции enum в метаданных EspoCRM (фактически используемые значения — в source-inventory),реализовано (этап 03),проверено SQL 2026-09-29,,"ok: опции Product.unit (metadata/vtigerValueMap, D-19, Q-32)"
,vtiger_usageunit,sortorderid,,,,int,нет,16,,,—,entityDefs options,справочник значений пикл-листа,count,переносится как опции enum в метаданных EspoCRM (фактически используемые значения — в source-inventory),реализовано (этап 03),проверено SQL 2026-09-29,,"ok: опции Product.unit (metadata/vtigerValueMap, D-19, Q-32)"
,vtiger_usageunit,color,,,,varchar(10),нет,0,,,—,entityDefs options,справочник значений пикл-листа,count,переносится как опции enum в метаданных EspoCRM (фактически используемые значения — в source-inventory),реализовано (этап 03),проверено SQL 2026-09-29,,"ok: опции Product.unit (metadata/vtigerValueMap, D-19, Q-32)"
,vtiger_usageunit_seq,id,,,,int,нет,1,,,—,—,последовательность,count,не переносится: счётчики EspoCRM свои; следующий номер документов задаётся настройкой нумерации,предложено,проверено SQL 2026-09-29,,—
,vtiger_user2role,userid,,,,int,нет,7,,,—,(ключ записи),первичный ключ модульной таблицы = crmid,count,перенос,предложено,проверено SQL 2026-09-29,,ключ записи → vtigerId
,vtiger_user_module_preferences,userid,,,,int,нет,5,,,—,—,метаданные/настройки Vtiger,count,не переносится: используется как источник проектирования модели и настроек,предложено,проверено SQL 2026-09-29,,—
,vtiger_user_module_preferences,tabid,,,,int,нет,5,,,—,—,метаданные/настройки Vtiger,count,не переносится: используется как источник проектирования модели и настроек,предложено,проверено SQL 2026-09-29,,—
,vtiger_user_module_preferences,default_cvid,,,,int,нет,5,,,—,—,метаданные/настройки Vtiger,count,не переносится: используется как источник проектирования модели и настроек,предложено,проверено SQL 2026-09-29,,—
,vtiger_users,id,,,,int,нет,7,,,—,(ключ записи),первичный ключ модульной таблицы = crmid,count,перенос,предложено,проверено SQL 2026-09-29,,ключ записи → vtigerId
,vtiger_users,user_hash,,,,varchar(32),нет,7,,,—,,исключено: секрет,count,исключено: исключено: секрет,предложено,проверено SQL 2026-09-29,,—
,vtiger_users,cal_color,,,,varchar(25),нет,7,,,—,,исключено: UI,count,исключено: исключено: UI,предложено,проверено SQL 2026-09-29,,—
,vtiger_users,date_entered,,,,timestamp,нет,7,,,—,createdAt,datetime,count,перенос,реализовано (этап 03),проверено SQL 2026-09-29,,ok: User.createdAt datetime
,vtiger_users,date_modified,,,,datetime,нет,0,,,—,—,нет данных,count,пусто — данных нет,предложено,проверено SQL 2026-09-29,,—
,vtiger_users,modified_user_id,,,,varchar(36),нет,0,,,—,—,нет данных,count,пусто — данных нет,предложено,проверено SQL 2026-09-29,,—
,vtiger_users,user_preferences,,,,text,нет,0,,,—,—,нет данных,count,пусто — данных нет,предложено,проверено SQL 2026-09-29,,—
,vtiger_users,tz,,,,varchar(30),нет,0,,,—,—,нет данных,count,пусто — данных нет,предложено,проверено SQL 2026-09-29,,—
,vtiger_users,holidays,,,,varchar(60),нет,0,,,—,—,нет данных,count,пусто — данных нет,предложено,проверено SQL 2026-09-29,,—
,vtiger_users,namedays,,,,varchar(60),нет,0,,,—,—,нет данных,count,пусто — данных нет,предложено,проверено SQL 2026-09-29,,—
,vtiger_users,workdays,,,,varchar(30),нет,0,,,—,—,нет данных,count,пусто — данных нет,предложено,проверено SQL 2026-09-29,,—
,vtiger_users,weekstart,,,,int,нет,0,,,—,—,нет данных,count,пусто — данных нет,предложено,проверено SQL 2026-09-29,,—
,vtiger_users,deleted,,,,int,нет,7,,,—,,служебное (все 0),count,исключено: служебное (все 0),предложено,проверено SQL 2026-09-29,,—
,vtiger_users,reminder_next_time,,,,varchar(100),нет,0,,,—,—,нет данных,count,пусто — данных нет,предложено,проверено SQL 2026-09-29,,—
,vtiger_users,crypt_type,,,,varchar(20),нет,7,,,—,,исключено: служебное,count,исключено: исключено: служебное,предложено,проверено SQL 2026-09-29,,—
,vtiger_users2group,groupid,,,,int,нет,4,,,—,Role/Team,ACL,count,не переносится как данные: права воспроизводятся ролями/командами EspoCRM по module-decisions.md,предложено,проверено SQL 2026-09-29,,—
,vtiger_users2group,userid,,,,int,нет,4,,,—,Role/Team,ACL,count,не переносится как данные: права воспроизводятся ролями/командами EspoCRM по module-decisions.md,предложено,проверено SQL 2026-09-29,,—
,vtiger_users_seq,id,,,,int,нет,1,,,—,—,последовательность,count,не переносится: счётчики EspoCRM свои; следующий номер документов задаётся настройкой нумерации,предложено,проверено SQL 2026-09-29,,—
,vtiger_vendor,vendorid,,,,int,нет,3,3,3,—,(ключ записи),первичный ключ модульной таблицы = crmid,count,перенос,предложено,проверено SQL 2026-09-29,,ключ записи → vtigerId
,vtiger_vendor,description,,,,text,нет,0,3,0,—,—,нет данных,count,пусто — данных нет,предложено,проверено SQL 2026-09-29,,—
,vtiger_vendorcf,vendorid,,,,int,нет,3,3,3,—,(ключ записи),первичный ключ модульной таблицы = crmid,count,перенос,предложено,проверено SQL 2026-09-29,,ключ записи → vtigerId
,vtiger_version,id,,,,int,нет,1,,,—,—,метаданные/настройки Vtiger,count,не переносится: используется как источник проектирования модели и настроек,предложено,проверено SQL 2026-09-29,,—
,vtiger_version,old_version,,,,varchar(30),нет,1,,,—,—,метаданные/настройки Vtiger,count,не переносится: используется как источник проектирования модели и настроек,предложено,проверено SQL 2026-09-29,,—
,vtiger_version,current_version,,,,varchar(30),нет,1,,,—,—,метаданные/настройки Vtiger,count,не переносится: используется как источник проектирования модели и настроек,предложено,проверено SQL 2026-09-29,,—
,vtiger_version_seq,id,,,,int,нет,1,,,—,—,последовательность,count,не переносится: счётчики EspoCRM свои; следующий номер документов задаётся настройкой нумерации,предложено,проверено SQL 2026-09-29,,—
,vtiger_visibility,visibilityid,,,,int,нет,2,,,—,entityDefs options,справочник значений пикл-листа,count,переносится как опции enum в метаданных EspoCRM (фактически используемые значения — в source-inventory),предложено,проверено SQL 2026-09-29,,"не используется: поле без данных, служебное или модуль без записей"
,vtiger_visibility,visibility,,,,varchar(200),нет,2,,,—,entityDefs options,справочник значений пикл-листа,count,переносится как опции enum в метаданных EspoCRM (фактически используемые значения — в source-inventory),предложено,проверено SQL 2026-09-29,,"не используется: поле без данных, служебное или модуль без записей"
,vtiger_visibility,sortorderid,,,,int,нет,2,,,—,entityDefs options,справочник значений пикл-листа,count,переносится как опции enum в метаданных EspoCRM (фактически используемые значения — в source-inventory),предложено,проверено SQL 2026-09-29,,"не используется: поле без данных, служебное или модуль без записей"
,vtiger_visibility,presence,,,,int,нет,2,,,—,entityDefs options,справочник значений пикл-листа,count,переносится как опции enum в метаданных EspoCRM (фактически используемые значения — в source-inventory),предложено,проверено SQL 2026-09-29,,"не используется: поле без данных, служебное или модуль без записей"
,vtiger_visibility,color,,,,varchar(10),нет,0,,,—,entityDefs options,справочник значений пикл-листа,count,переносится как опции enum в метаданных EspoCRM (фактически используемые значения — в source-inventory),предложено,проверено SQL 2026-09-29,,"не используется: поле без данных, служебное или модуль без записей"
,vtiger_visibility_seq,id,,,,int,нет,1,,,—,—,последовательность,count,не переносится: счётчики EspoCRM свои; следующий номер документов задаётся настройкой нумерации,предложено,проверено SQL 2026-09-29,,—
,vtiger_vk_status,vk_statusid,,,,int,нет,2,,,—,entityDefs options,справочник значений пикл-листа,count,переносится как опции enum в метаданных EspoCRM (фактически используемые значения — в source-inventory),предложено,проверено SQL 2026-09-29,,"не используется: поле без данных, служебное или модуль без записей"
,vtiger_vk_status,vk_status,,,,varchar(200),нет,2,,,—,entityDefs options,справочник значений пикл-листа,count,переносится как опции enum в метаданных EspoCRM (фактически используемые значения — в source-inventory),предложено,проверено SQL 2026-09-29,,"не используется: поле без данных, служебное или модуль без записей"
,vtiger_vk_status,presence,,,,int,нет,2,,,—,entityDefs options,справочник значений пикл-листа,count,переносится как опции enum в метаданных EspoCRM (фактически используемые значения — в source-inventory),предложено,проверено SQL 2026-09-29,,"не используется: поле без данных, служебное или модуль без записей"
,vtiger_vk_status,picklist_valueid,,,,int,нет,2,,,—,entityDefs options,справочник значений пикл-листа,count,переносится как опции enum в метаданных EspoCRM (фактически используемые значения — в source-inventory),предложено,проверено SQL 2026-09-29,,"не используется: поле без данных, служебное или модуль без записей"
,vtiger_vk_status,sortorderid,,,,int,нет,2,,,—,entityDefs options,справочник значений пикл-листа,count,переносится как опции enum в метаданных EspoCRM (фактически используемые значения — в source-inventory),предложено,проверено SQL 2026-09-29,,"не используется: поле без данных, служебное или модуль без записей"
,vtiger_vk_status,color,,,,varchar(10),нет,0,,,—,entityDefs options,справочник значений пикл-листа,count,переносится как опции enum в метаданных EspoCRM (фактически используемые значения — в source-inventory),предложено,проверено SQL 2026-09-29,,"не используется: поле без данных, служебное или модуль без записей"
,vtiger_vk_status_seq,id,,,,int,нет,1,,,—,—,последовательность,count,не переносится: счётчики EspoCRM свои; следующий номер документов задаётся настройкой нумерации,предложено,проверено SQL 2026-09-29,,—
,vtiger_vteemailmarketing_status,vteemailmarketing_statusid,,,,int,нет,5,,,—,entityDefs options,справочник значений пикл-листа,count,переносится как опции enum в метаданных EspoCRM (фактически используемые значения — в source-inventory),предложено,проверено SQL 2026-09-29,,"не используется: поле без данных, служебное или модуль без записей"
,vtiger_vteemailmarketing_status,vteemailmarketing_status,,,,varchar(200),нет,5,,,—,entityDefs options,справочник значений пикл-листа,count,переносится как опции enum в метаданных EspoCRM (фактически используемые значения — в source-inventory),предложено,проверено SQL 2026-09-29,,"не используется: поле без данных, служебное или модуль без записей"
,vtiger_vteemailmarketing_status,sortorderid,,,,int,нет,5,,,—,entityDefs options,справочник значений пикл-листа,count,переносится как опции enum в метаданных EspoCRM (фактически используемые значения — в source-inventory),предложено,проверено SQL 2026-09-29,,"не используется: поле без данных, служебное или модуль без записей"
,vtiger_vteemailmarketing_status,presence,,,,int,нет,5,,,—,entityDefs options,справочник значений пикл-листа,count,переносится как опции enum в метаданных EspoCRM (фактически используемые значения — в source-inventory),предложено,проверено SQL 2026-09-29,,"не используется: поле без данных, служебное или модуль без записей"
,vtiger_vteemailmarketing_status,color,,,,varchar(10),нет,0,,,—,entityDefs options,справочник значений пикл-листа,count,переносится как опции enum в метаданных EspoCRM (фактически используемые значения — в source-inventory),предложено,проверено SQL 2026-09-29,,"не используется: поле без данных, служебное или модуль без записей"
,vtiger_vteemailmarketing_status_seq,id,,,,int,нет,1,,,—,—,последовательность,count,не переносится: счётчики EspoCRM свои; следующий номер документов задаётся настройкой нумерации,предложено,проверено SQL 2026-09-29,,—
,vtiger_vteitems,vteitemid,,,,int,нет,286,286,286,—,(ключ записи),первичный ключ модульной таблицы = crmid,count,перенос,предложено,проверено SQL 2026-09-29,,ключ записи → vtigerId
,vtiger_vteitems,sequence,,,,int,нет,286,286,286,—,,исключено вместе с VTEItems,count,исключено: исключено вместе с VTEItems,предложено,проверено SQL 2026-09-29,,—
,vtiger_vteitems,level,,,,tinyint(1),нет,286,286,286,—,,исключено вместе с VTEItems,count,исключено: исключено вместе с VTEItems,предложено,проверено SQL 2026-09-29,,—
,vtiger_vteitems,section_value,,,,text,нет,0,286,0,—,—,нет данных,count,пусто — данных нет,предложено,проверено SQL 2026-09-29,,—
,vtiger_vteitems,running_item_value,,,,text,нет,0,286,0,—,—,нет данных,count,пусто — данных нет,предложено,проверено SQL 2026-09-29,,—
,vtiger_vteitemscf,vteitemid,,,,int,нет,286,,,—,—,таблица кастомных полей без данных,count,только ключ записи; кастомных колонок с данными нет,предложено,проверено SQL 2026-09-29,,—
,vtiger_vtemailconverter_status,vtemailconverter_statusid,,,,int,нет,4,,,—,entityDefs options,справочник значений пикл-листа,count,переносится как опции enum в метаданных EspoCRM (фактически используемые значения — в source-inventory),предложено,проверено SQL 2026-09-29,,"не используется: поле без данных, служебное или модуль без записей"
,vtiger_vtemailconverter_status,vtemailconverter_status,,,,varchar(200),нет,4,,,—,entityDefs options,справочник значений пикл-листа,count,переносится как опции enum в метаданных EspoCRM (фактически используемые значения — в source-inventory),предложено,проверено SQL 2026-09-29,,"не используется: поле без данных, служебное или модуль без записей"
,vtiger_vtemailconverter_status,presence,,,,int,нет,4,,,—,entityDefs options,справочник значений пикл-листа,count,переносится как опции enum в метаданных EspoCRM (фактически используемые значения — в source-inventory),предложено,проверено SQL 2026-09-29,,"не используется: поле без данных, служебное или модуль без записей"
,vtiger_vtemailconverter_status,picklist_valueid,,,,int,нет,4,,,—,entityDefs options,справочник значений пикл-листа,count,переносится как опции enum в метаданных EspoCRM (фактически используемые значения — в source-inventory),предложено,проверено SQL 2026-09-29,,"не используется: поле без данных, служебное или модуль без записей"
,vtiger_vtemailconverter_status,sortorderid,,,,int,нет,4,,,—,entityDefs options,справочник значений пикл-листа,count,переносится как опции enum в метаданных EspoCRM (фактически используемые значения — в source-inventory),предложено,проверено SQL 2026-09-29,,"не используется: поле без данных, служебное или модуль без записей"
,vtiger_vtemailconverter_status,color,,,,varchar(10),нет,0,,,—,entityDefs options,справочник значений пикл-листа,count,переносится как опции enum в метаданных EspoCRM (фактически используемые значения — в source-inventory),предложено,проверено SQL 2026-09-29,,"не используется: поле без данных, служебное или модуль без записей"
,vtiger_vtemailconverter_status_seq,id,,,,int,нет,1,,,—,—,последовательность,count,не переносится: счётчики EspoCRM свои; следующий номер документов задаётся настройкой нумерации,предложено,проверено SQL 2026-09-29,,—
,vtiger_ws_entity,id,,,,int,нет,55,,,—,—,метаданные/настройки Vtiger,count,не переносится: используется как источник проектирования модели и настроек,предложено,проверено SQL 2026-09-29,,—
,vtiger_ws_entity,name,,,,varchar(25),нет,55,,,—,—,метаданные/настройки Vtiger,count,не переносится: используется как источник проектирования модели и настроек,предложено,проверено SQL 2026-09-29,,—
,vtiger_ws_entity,handler_path,,,,varchar(255),нет,55,,,—,—,метаданные/настройки Vtiger,count,не переносится: используется как источник проектирования модели и настроек,предложено,проверено SQL 2026-09-29,,—
,vtiger_ws_entity,handler_class,,,,varchar(64),нет,55,,,—,—,метаданные/настройки Vtiger,count,не переносится: используется как источник проектирования модели и настроек,предложено,проверено SQL 2026-09-29,,—
,vtiger_ws_entity,ismodule,,,,int,нет,55,,,—,—,метаданные/настройки Vtiger,count,не переносится: используется как источник проектирования модели и настроек,предложено,проверено SQL 2026-09-29,,—
,vtiger_ws_entity_fieldtype,fieldtypeid,,,,int,нет,10,,,—,—,метаданные/настройки Vtiger,count,не переносится: используется как источник проектирования модели и настроек,предложено,проверено SQL 2026-09-29,,—
,vtiger_ws_entity_fieldtype,table_name,,,,varchar(50),нет,10,,,—,—,метаданные/настройки Vtiger,count,не переносится: используется как источник проектирования модели и настроек,предложено,проверено SQL 2026-09-29,,—
,vtiger_ws_entity_fieldtype,field_name,,,,varchar(50),нет,10,,,—,—,метаданные/настройки Vtiger,count,не переносится: используется как источник проектирования модели и настроек,предложено,проверено SQL 2026-09-29,,—
,vtiger_ws_entity_fieldtype,fieldtype,,,,varchar(200),нет,10,,,—,—,метаданные/настройки Vtiger,count,не переносится: используется как источник проектирования модели и настроек,предложено,проверено SQL 2026-09-29,,—
,vtiger_ws_entity_fieldtype_seq,id,,,,int,нет,1,,,—,—,последовательность,count,не переносится: счётчики EspoCRM свои; следующий номер документов задаётся настройкой нумерации,предложено,проверено SQL 2026-09-29,,—
,vtiger_ws_entity_name,entity_id,,,,int,нет,5,,,—,—,метаданные/настройки Vtiger,count,не переносится: используется как источник проектирования модели и настроек,предложено,проверено SQL 2026-09-29,,—
,vtiger_ws_entity_name,name_fields,,,,varchar(50),нет,5,,,—,—,метаданные/настройки Vtiger,count,не переносится: используется как источник проектирования модели и настроек,предложено,проверено SQL 2026-09-29,,—
,vtiger_ws_entity_name,index_field,,,,varchar(50),нет,5,,,—,—,метаданные/настройки Vtiger,count,не переносится: используется как источник проектирования модели и настроек,предложено,проверено SQL 2026-09-29,,—
,vtiger_ws_entity_name,table_name,,,,varchar(50),нет,5,,,—,—,метаданные/настройки Vtiger,count,не переносится: используется как источник проектирования модели и настроек,предложено,проверено SQL 2026-09-29,,—
,vtiger_ws_entity_referencetype,fieldtypeid,,,,int,нет,10,,,—,—,метаданные/настройки Vtiger,count,не переносится: используется как источник проектирования модели и настроек,предложено,проверено SQL 2026-09-29,,—
,vtiger_ws_entity_referencetype,type,,,,varchar(25),нет,10,,,—,—,метаданные/настройки Vtiger,count,не переносится: используется как источник проектирования модели и настроек,предложено,проверено SQL 2026-09-29,,—
,vtiger_ws_entity_seq,id,,,,int,нет,1,,,—,—,последовательность,count,не переносится: счётчики EspoCRM свои; следующий номер документов задаётся настройкой нумерации,предложено,проверено SQL 2026-09-29,,—
,vtiger_ws_entity_tables,webservice_entity_id,,,,int,нет,7,,,—,—,метаданные/настройки Vtiger,count,не переносится: используется как источник проектирования модели и настроек,предложено,проверено SQL 2026-09-29,,—
,vtiger_ws_entity_tables,table_name,,,,varchar(50),нет,7,,,—,—,метаданные/настройки Vtiger,count,не переносится: используется как источник проектирования модели и настроек,предложено,проверено SQL 2026-09-29,,—
,vtiger_ws_fieldinfo,id,,,,varchar(64),нет,1,,,—,—,метаданные/настройки Vtiger,count,не переносится: используется как источник проектирования модели и настроек,предложено,проверено SQL 2026-09-29,,—
,vtiger_ws_fieldinfo,property_name,,,,varchar(32),нет,1,,,—,—,метаданные/настройки Vtiger,count,не переносится: используется как источник проектирования модели и настроек,предложено,проверено SQL 2026-09-29,,—
,vtiger_ws_fieldinfo,property_value,,,,varchar(64),нет,1,,,—,—,метаданные/настройки Vtiger,count,не переносится: используется как источник проектирования модели и настроек,предложено,проверено SQL 2026-09-29,,—
,vtiger_ws_fieldtype,fieldtypeid,,,,int,нет,43,,,—,—,метаданные/настройки Vtiger,count,не переносится: используется как источник проектирования модели и настроек,предложено,проверено SQL 2026-09-29,,—
,vtiger_ws_fieldtype,uitype,,,,varchar(30),нет,43,,,—,—,метаданные/настройки Vtiger,count,не переносится: используется как источник проектирования модели и настроек,предложено,проверено SQL 2026-09-29,,—
,vtiger_ws_fieldtype,fieldtype,,,,varchar(200),нет,43,,,—,—,метаданные/настройки Vtiger,count,не переносится: используется как источник проектирования модели и настроек,предложено,проверено SQL 2026-09-29,,—
,vtiger_ws_operation,operationid,,,,int,нет,38,,,—,—,метаданные/настройки Vtiger,count,не переносится: используется как источник проектирования модели и настроек,предложено,проверено SQL 2026-09-29,,—
,vtiger_ws_operation,name,,,,varchar(128),нет,38,,,—,—,метаданные/настройки Vtiger,count,не переносится: используется как источник проектирования модели и настроек,предложено,проверено SQL 2026-09-29,,—
,vtiger_ws_operation,handler_path,,,,varchar(255),нет,38,,,—,—,метаданные/настройки Vtiger,count,не переносится: используется как источник проектирования модели и настроек,предложено,проверено SQL 2026-09-29,,—
,vtiger_ws_operation,handler_method,,,,varchar(64),нет,38,,,—,—,метаданные/настройки Vtiger,count,не переносится: используется как источник проектирования модели и настроек,предложено,проверено SQL 2026-09-29,,—
,vtiger_ws_operation,type,,,,varchar(8),нет,38,,,—,—,метаданные/настройки Vtiger,count,не переносится: используется как источник проектирования модели и настроек,предложено,проверено SQL 2026-09-29,,—
,vtiger_ws_operation,prelogin,,,,int,нет,38,,,—,—,метаданные/настройки Vtiger,count,не переносится: используется как источник проектирования модели и настроек,предложено,проверено SQL 2026-09-29,,—
,vtiger_ws_operation_parameters,operationid,,,,int,нет,67,,,—,—,метаданные/настройки Vtiger,count,не переносится: используется как источник проектирования модели и настроек,предложено,проверено SQL 2026-09-29,,—
,vtiger_ws_operation_parameters,name,,,,varchar(128),нет,67,,,—,—,метаданные/настройки Vtiger,count,не переносится: используется как источник проектирования модели и настроек,предложено,проверено SQL 2026-09-29,,—
,vtiger_ws_operation_parameters,type,,,,varchar(64),нет,67,,,—,—,метаданные/настройки Vtiger,count,не переносится: используется как источник проектирования модели и настроек,предложено,проверено SQL 2026-09-29,,—
,vtiger_ws_operation_parameters,sequence,,,,int,нет,67,,,—,—,метаданные/настройки Vtiger,count,не переносится: используется как источник проектирования модели и настроек,предложено,проверено SQL 2026-09-29,,—
,vtiger_ws_operation_seq,id,,,,int,нет,1,,,—,—,последовательность,count,не переносится: счётчики EspoCRM свои; следующий номер документов задаётся настройкой нумерации,предложено,проверено SQL 2026-09-29,,—
,vtiger_ws_referencetype,fieldtypeid,,,,int,нет,35,,,—,—,метаданные/настройки Vtiger,count,не переносится: используется как источник проектирования модели и настроек,предложено,проверено SQL 2026-09-29,,—
,vtiger_ws_referencetype,type,,,,varchar(25),нет,35,,,—,—,метаданные/настройки Vtiger,count,не переносится: используется как источник проектирования модели и настроек,предложено,проверено SQL 2026-09-29,,—
,vtiger_ws_userauthtoken,userid,,,,int,нет,2,,,—,—,метаданные/настройки Vtiger,count,не переносится: используется как источник проектирования модели и настроек,предложено,проверено SQL 2026-09-29,,—
,vtiger_ws_userauthtoken,token,,,,varchar(36),нет,2,,,—,—,метаданные/настройки Vtiger,count,не переносится: используется как источник проектирования модели и настроек,предложено,проверено SQL 2026-09-29,,—
,vtiger_ws_userauthtoken,expiretime,,,,int,нет,2,,,—,—,метаданные/настройки Vtiger,count,не переносится: используется как источник проектирования модели и настроек,предложено,проверено SQL 2026-09-29,,—
,vtiger_wsapp,appid,,,,int,нет,3,,,—,—,интеграции/секреты,count,не переносится: секреты и состояние синхронизации; интеграции настраиваются заново,предложено,проверено SQL 2026-09-29,,—
,vtiger_wsapp,name,,,,varchar(200),нет,3,,,—,—,интеграции/секреты,count,не переносится: секреты и состояние синхронизации; интеграции настраиваются заново,предложено,проверено SQL 2026-09-29,,—
,vtiger_wsapp,appkey,,,,varchar(255),нет,3,,,—,—,интеграции/секреты,count,не переносится: секреты и состояние синхронизации; интеграции настраиваются заново,предложено,проверено SQL 2026-09-29,,—
,vtiger_wsapp,type,,,,varchar(100),нет,3,,,—,—,интеграции/секреты,count,не переносится: секреты и состояние синхронизации; интеграции настраиваются заново,предложено,проверено SQL 2026-09-29,,—
,vtiger_wsapp_handlerdetails,type,,,,varchar(200),нет,5,,,—,—,интеграции/секреты,count,не переносится: секреты и состояние синхронизации; интеграции настраиваются заново,предложено,проверено SQL 2026-09-29,,—
,vtiger_wsapp_handlerdetails,handlerclass,,,,varchar(100),нет,5,,,—,—,интеграции/секреты,count,не переносится: секреты и состояние синхронизации; интеграции настраиваются заново,предложено,проверено SQL 2026-09-29,,—
,vtiger_wsapp_handlerdetails,handlerpath,,,,varchar(300),нет,5,,,—,—,интеграции/секреты,count,не переносится: секреты и состояние синхронизации; интеграции настраиваются заново,предложено,проверено SQL 2026-09-29,,—
,vtiger_wsapp_logs_basic,id,,,,int,нет,2,,,—,—,интеграции/секреты,count,не переносится: секреты и состояние синхронизации; интеграции настраиваются заново,предложено,проверено SQL 2026-09-29,,—
,vtiger_wsapp_logs_basic,extensiontabid,,,,int,нет,2,,,—,—,интеграции/секреты,count,не переносится: секреты и состояние синхронизации; интеграции настраиваются заново,предложено,проверено SQL 2026-09-29,,—
,vtiger_wsapp_logs_basic,module,,,,varchar(50),нет,2,,,—,—,интеграции/секреты,count,не переносится: секреты и состояние синхронизации; интеграции настраиваются заново,предложено,проверено SQL 2026-09-29,,—
,vtiger_wsapp_logs_basic,sync_datetime,,,,datetime,нет,2,,,—,—,интеграции/секреты,count,не переносится: секреты и состояние синхронизации; интеграции настраиваются заново,предложено,проверено SQL 2026-09-29,,—
,vtiger_wsapp_logs_basic,app_create_count,,,,int,нет,2,,,—,—,интеграции/секреты,count,не переносится: секреты и состояние синхронизации; интеграции настраиваются заново,предложено,проверено SQL 2026-09-29,,—
,vtiger_wsapp_logs_basic,app_update_count,,,,int,нет,2,,,—,—,интеграции/секреты,count,не переносится: секреты и состояние синхронизации; интеграции настраиваются заново,предложено,проверено SQL 2026-09-29,,—
,vtiger_wsapp_logs_basic,app_delete_count,,,,int,нет,2,,,—,—,интеграции/секреты,count,не переносится: секреты и состояние синхронизации; интеграции настраиваются заново,предложено,проверено SQL 2026-09-29,,—
,vtiger_wsapp_logs_basic,app_skip_count,,,,int,нет,2,,,—,—,интеграции/секреты,count,не переносится: секреты и состояние синхронизации; интеграции настраиваются заново,предложено,проверено SQL 2026-09-29,,—
,vtiger_wsapp_logs_basic,vt_create_count,,,,int,нет,2,,,—,—,интеграции/секреты,count,не переносится: секреты и состояние синхронизации; интеграции настраиваются заново,предложено,проверено SQL 2026-09-29,,—
,vtiger_wsapp_logs_basic,vt_update_count,,,,int,нет,2,,,—,—,интеграции/секреты,count,не переносится: секреты и состояние синхронизации; интеграции настраиваются заново,предложено,проверено SQL 2026-09-29,,—
,vtiger_wsapp_logs_basic,vt_delete_count,,,,int,нет,2,,,—,—,интеграции/секреты,count,не переносится: секреты и состояние синхронизации; интеграции настраиваются заново,предложено,проверено SQL 2026-09-29,,—
,vtiger_wsapp_logs_basic,vt_skip_count,,,,int,нет,2,,,—,—,интеграции/секреты,count,не переносится: секреты и состояние синхронизации; интеграции настраиваются заново,предложено,проверено SQL 2026-09-29,,—
,vtiger_wsapp_logs_basic,userid,,,,int,нет,2,,,—,—,интеграции/секреты,count,не переносится: секреты и состояние синхронизации; интеграции настраиваются заново,предложено,проверено SQL 2026-09-29,,—
,vtiger_wsapp_logs_basic_seq,id,,,,int,нет,1,,,—,—,последовательность,count,не переносится: счётчики EspoCRM свои; следующий номер документов задаётся настройкой нумерации,предложено,проверено SQL 2026-09-29,,—
,vtiger_wsapp_logs_details,id,,,,int,нет,2,,,—,—,интеграции/секреты,count,не переносится: секреты и состояние синхронизации; интеграции настраиваются заново,предложено,проверено SQL 2026-09-29,,—
,vtiger_wsapp_logs_details,app_create_ids,,,,mediumtext,нет,2,,,—,—,интеграции/секреты,count,не переносится: секреты и состояние синхронизации; интеграции настраиваются заново,предложено,проверено SQL 2026-09-29,,—
,vtiger_wsapp_logs_details,app_update_ids,,,,mediumtext,нет,2,,,—,—,интеграции/секреты,count,не переносится: секреты и состояние синхронизации; интеграции настраиваются заново,предложено,проверено SQL 2026-09-29,,—
,vtiger_wsapp_logs_details,app_delete_ids,,,,mediumtext,нет,2,,,—,—,интеграции/секреты,count,не переносится: секреты и состояние синхронизации; интеграции настраиваются заново,предложено,проверено SQL 2026-09-29,,—
,vtiger_wsapp_logs_details,app_skip_info,,,,mediumtext,нет,2,,,—,—,интеграции/секреты,count,не переносится: секреты и состояние синхронизации; интеграции настраиваются заново,предложено,проверено SQL 2026-09-29,,—
,vtiger_wsapp_logs_details,vt_create_ids,,,,mediumtext,нет,2,,,—,—,интеграции/секреты,count,не переносится: секреты и состояние синхронизации; интеграции настраиваются заново,предложено,проверено SQL 2026-09-29,,—
,vtiger_wsapp_logs_details,vt_update_ids,,,,mediumtext,нет,2,,,—,—,интеграции/секреты,count,не переносится: секреты и состояние синхронизации; интеграции настраиваются заново,предложено,проверено SQL 2026-09-29,,—
,vtiger_wsapp_logs_details,vt_delete_ids,,,,mediumtext,нет,2,,,—,—,интеграции/секреты,count,не переносится: секреты и состояние синхронизации; интеграции настраиваются заново,предложено,проверено SQL 2026-09-29,,—
,vtiger_wsapp_logs_details,vt_skip_info,,,,mediumtext,нет,2,,,—,—,интеграции/секреты,count,не переносится: секреты и состояние синхронизации; интеграции настраиваются заново,предложено,проверено SQL 2026-09-29,,—
,vtiger_wsapp_recordmapping,id,,,,int,нет,286,,,—,—,интеграции/секреты,count,не переносится: секреты и состояние синхронизации; интеграции настраиваются заново,предложено,проверено SQL 2026-09-29,,—
,vtiger_wsapp_recordmapping,serverid,,,,varchar(10),нет,286,,,—,—,интеграции/секреты,count,не переносится: секреты и состояние синхронизации; интеграции настраиваются заново,предложено,проверено SQL 2026-09-29,,—
,vtiger_wsapp_recordmapping,clientid,,,,varchar(255),нет,286,,,—,—,интеграции/секреты,count,не переносится: секреты и состояние синхронизации; интеграции настраиваются заново,предложено,проверено SQL 2026-09-29,,—
,vtiger_wsapp_recordmapping,clientmodifiedtime,,,,datetime,нет,286,,,—,—,интеграции/секреты,count,не переносится: секреты и состояние синхронизации; интеграции настраиваются заново,предложено,проверено SQL 2026-09-29,,—
,vtiger_wsapp_recordmapping,appid,,,,int,нет,286,,,—,—,интеграции/секреты,count,не переносится: секреты и состояние синхронизации; интеграции настраиваются заново,предложено,проверено SQL 2026-09-29,,—
,vtiger_wsapp_recordmapping,servermodifiedtime,,,,datetime,нет,286,,,—,—,интеграции/секреты,count,не переносится: секреты и состояние синхронизации; интеграции настраиваются заново,предложено,проверено SQL 2026-09-29,,—
,vtiger_wsapp_recordmapping,serverappid,,,,int,нет,286,,,—,—,интеграции/секреты,count,не переносится: секреты и состояние синхронизации; интеграции настраиваются заново,предложено,проверено SQL 2026-09-29,,—
,vtiger_wsapp_sync_state,id,,,,int,нет,2,,,—,—,интеграции/секреты,count,не переносится: секреты и состояние синхронизации; интеграции настраиваются заново,предложено,проверено SQL 2026-09-29,,—
,vtiger_wsapp_sync_state,name,,,,varchar(200),нет,2,,,—,—,интеграции/секреты,count,не переносится: секреты и состояние синхронизации; интеграции настраиваются заново,предложено,проверено SQL 2026-09-29,,—
,vtiger_wsapp_sync_state,stateencodedvalues,,,,varchar(300),нет,2,,,—,—,интеграции/секреты,count,не переносится: секреты и состояние синхронизации; интеграции настраиваются заново,предложено,проверено SQL 2026-09-29,,—
,vtiger_wsapp_sync_state,userid,,,,int,нет,2,,,—,—,интеграции/секреты,count,не переносится: секреты и состояние синхронизации; интеграции настраиваются заново,предложено,проверено SQL 2026-09-29,,—
